Workbook

Sheet 膨胀后
A1: 基础金币/美金 | C1: 章节 | D1: 金币 | E1: 美金 | H1: 章节 | I1: 金币 | J1: 美金 | K1: 最大星级 | M1: 基础金币/美金 | O1: 底注 | P1: //筹码下限 | Q1: 一局消耗 | R1: 消耗美金 | S1: //卡包id1 | T1: //概率 | U1: 产出卡包 | V1: //卡包id2 | W1: //概率 | Y1: //卡包id3 | Z1: //概率 | AB1: 单局上限 | AC1: 平均小轮数 | AF1: set/star | AG1: 1 | AH1: 2 | AI1: 3 | AJ1: 4 | AK1: 5 | AL1: 6 | AM1: gold4 | AN1: gold5 | AO1: gold6 | AP1: 合计
A2: 250000 | C2: 1 | D2: 100000 | E2: =D2/$A$2 -> 0.4 | H2: 1 | I2: =J2*$M$2 -> 2500000 | J2: 2.5 | K2: 1 | M2: 1000000 | O2: 1000 | P2: 5000 | Q2: =O2*$M$4*$M$6 -> 7000 | R2: =Q2/$M$2 -> 0.007 | AB2: 1 | AC2: 13 | AF2: 1 | AG2: 8 | AH2: 0 | AI2: 0 | AJ2: 0 | AK2: 0 | AL2: 0 | AM2: 0 | AN2: 0 | AO2: 0 | AP2: 8
C3: 2 | D3: 150000 | E3: =D3/$A$2 -> 0.6 | H3: 2 | I3: =J3*$M$2 -> 2700000 | J3: 2.7 | K3: 2 | M3: 平均倍率 | O3: 3000 | P3: 210000 | Q3: =O3*$M$4*$M$6 -> 21000 | R3: =Q3/$M$2 -> 0.021 | AB3: 1 | AC3: 13 | AF3: 2 | AG3: 7 | AH3: 1 | AI3: 0 | AJ3: 0 | AK3: 0 | AL3: 0 | AM3: 0 | AN3: 0 | AO3: 0 | AP3: 8
C4: 3 | D4: 300000 | E4: =D4/$A$2 -> 1.2 | H4: 3 | I4: =J4*$M$2 -> 3000000 | J4: 3 | K4: 2 | M4: 70 | O4: 10000 | P4: 700000 | Q4: =O4*$M$4*$M$6 -> 70000 | R4: =Q4/$M$2 -> 0.07 | S4: 1 | T4: 750 | U4: =T4*$AC4/10000 -> 0.975 | AB4: 1 | AC4: 13 | AD4: =SUM(T4+W4+Z4) -> 750 | AF4: 3 | AG4: 6 | AH4: 2 | AI4: 0 | AJ4: 0 | AK4: 0 | AL4: 0 | AM4: 0 | AN4: 0 | AO4: 0 | AP4: 8
C5: 4 | D5: 500000 | E5: =D5/$A$2 -> 2 | H5: 4 | I5: =J5*$M$2 -> 3200000 | J5: 3.2 | K5: 2 | M5: 抽水 | O5: 20000 | P5: 1400000 | Q5: =O5*$M$4*$M$6 -> 140000 | R5: =Q5/$M$2 -> 0.14 | S5: 1 | T5: 400 | U5: =T5*$AC5/10000 -> 0.52 | V5: 2 | W5: 300 | X5: =W5*$AC5/10000 -> 0.39 | AB5: 1 | AC5: 13 | AD5: =SUM(T5+W5+Z5) -> 700 | AF5: 4 | AG5: 4 | AH5: 4 | AI5: 0 | AJ5: 0 | AK5: 0 | AL5: 0 | AM5: 0 | AN5: 0 | AO5: 0 | AP5: 8
C6: 5 | D6: 1000000 | E6: =D6/$A$2 -> 4 | H6: 5 | I6: =J6*$M$2 -> 3400000 | J6: 3.4 | K6: 2 | M6: 0.1 | O6: 50000 | P6: 3500000 | Q6: =O6*$M$4*$M$6 -> 350000 | R6: =Q6/$M$2 -> 0.35 | S6: 2 | T6: 400 | U6: =T6*$AC6/10000 -> 0.52 | V6: 3 | W6: 400 | X6: =W6*$AC6/10000 -> 0.52 | Y6: 4 | Z6: 300 | AA6: =Z6*$AC6/10000 -> 0.39 | AB6: 1 | AC6: 13 | AD6: =SUM(T6+W6+Z6) -> 1100 | AF6: 5 | AG6: 3 | AH6: 5 | AI6: 0 | AJ6: 0 | AK6: 0 | AL6: 0 | AM6: 0 | AN6: 0 | AO6: 0 | AP6: 8
C7: 6 | D7: 1200000 | E7: =D7/$A$2 -> 4.8 | H7: 6 | I7: =J7*$M$2 -> 3500000 | J7: 3.5 | K7: 3 | O7: 100000 | P7: 7000000 | Q7: =O7*$M$4*$M$6 -> 700000 | R7: =Q7/$M$2 -> 0.7 | S7: 3 | T7: 300 | U7: =T7*$AC7/10000 -> 0.39 | V7: 4 | W7: 250 | X7: =W7*$AC7/10000 -> 0.325 | Y7: 5 | Z7: 200 | AA7: =Z7*$AC7/10000 -> 0.26 | AB7: 1 | AC7: 13 | AD7: =SUM(T7+W7+Z7) -> 750 | AF7: 6 | AG7: 2 | AH7: 5 | AI7: 1 | AJ7: 0 | AK7: 0 | AL7: 0 | AM7: 0 | AN7: 0 | AO7: 0 | AP7: 8
C8: 7 | D8: 1500000 | E8: =D8/$A$2 -> 6 | H8: 7 | I8: =J8*$M$2 -> 3600000 | J8: 3.6 | K8: 3 | O8: 200000 | P8: 14000000 | Q8: =O8*$M$4*$M$6 -> 1400000 | R8: =Q8/$M$2 -> 1.4 | S8: 4 | T8: 300 | U8: =T8*$AC8/10000 -> 0.39 | V8: 5 | W8: 250 | X8: =W8*$AC8/10000 -> 0.325 | Y8: 6 | Z8: 200 | AA8: =Z8*$AC8/10000 -> 0.26 | AB8: 2 | AC8: 13 | AD8: =SUM(T8+W8+Z8) -> 750 | AF8: 7 | AG8: 1 | AH8: 4 | AI8: 3 | AJ8: 0 | AK8: 0 | AL8: 0 | AM8: 0 | AN8: 0 | AO8: 0 | AP8: 8
C9: 8 | D9: 1800000 | E9: =D9/$A$2 -> 7.2 | H9: 8 | I9: =J9*$M$2 -> 3700000 | J9: 3.7 | K9: 3 | O9: 500000 | P9: 35000000 | Q9: =O9*$M$4*$M$6 -> 3500000 | R9: =Q9/$M$2 -> 3.5 | S9: 4 | T9: 350 | U9: =T9*$AC9/10000 -> 0.455 | V9: 5 | W9: 300 | X9: =W9*$AC9/10000 -> 0.39 | Y9: 6 | Z9: 250 | AA9: =Z9*$AC9/10000 -> 0.325 | AB9: 3 | AC9: 13 | AD9: =SUM(T9+W9+Z9) -> 900 | AF9: 8 | AG9: 0 | AH9: 4 | AI9: 4 | AJ9: 0 | AK9: 0 | AL9: 0 | AM9: 0 | AN9: 0 | AO9: 0 | AP9: 8
C10: 9 | D10: 2000000 | E10: =D10/$A$2 -> 8 | H10: 9 | I10: =J10*$M$2 -> 20000000 | J10: 20 | K10: 4 | O10: 1000000 | P10: 70000000 | Q10: =O10*$M$4*$M$6 -> 7000000 | R10: =Q10/$M$2 -> 7 | S10: 4 | T10: 400 | U10: =T10*$AC10/10000 -> 0.52 | V10: 5 | W10: 350 | X10: =W10*$AC10/10000 -> 0.455 | Y10: 6 | Z10: 300 | AA10: =Z10*$AC10/10000 -> 0.39 | AB10: 4 | AC10: 13 | AD10: =SUM(T10+W10+Z10) -> 1050 | AF10: 9 | AG10: 0 | AH10: 3 | AI10: 4 | AJ10: 1 | AK10: 0 | AL10: 0 | AM10: 0 | AN10: 0 | AO10: 0 | AP10: 8
C11: 10 | D11: 2500000 | E11: =D11/$A$2 -> 10 | H11: 10 | I11: =J11*$M$2 -> 25000000 | J11: 25 | K11: 4 | AF11: 10 | AG11: 0 | AH11: 3 | AI11: 3 | AJ11: 2 | AK11: 0 | AL11: 0 | AM11: 0 | AN11: 0 | AO11: 0 | AP11: 8
C12: 11 | D12: 3000000 | E12: =D12/$A$2 -> 12 | H12: 11 | I12: =J12*$M$2 -> 27000000 | J12: 27 | K12: 5 | M12: 单局产出卡包 | O12: 卡包数量 | P12: 1 | Q12: 2 | R12: 3 | S12: 4 | T12: 5 | U12: 6 | AF12: 11 | AG12: 0 | AH12: 1 | AI12: 4 | AJ12: 2 | AK12: 0 | AL12: 0 | AM12: 1 | AN12: 0 | AO12: 0 | AP12: 8
C13: 12 | D13: 3500000 | E13: =D13/$A$2 -> 14 | H13: 12 | I13: =J13*$M$2 -> 29000000 | J13: 29 | K13: 5 | O13: 1000 | P13: =IF($S2=P$12,$U2,0)+IF($V2=P$12,$X2,0)+IF($Y2=P$12,$AA2,0) -> 0 | Q13: =IF($S2=Q$12,$U2,0)+IF($V2=Q$12,$X2,0)+IF($Y2=Q$12,$AA2,0) -> 0 | R13: =IF($S2=R$12,$U2,0)+IF($V2=R$12,$X2,0)+IF($Y2=R$12,$AA2,0) -> 0 | S13: =IF($S2=S$12,$U2,0)+IF($V2=S$12,$X2,0)+IF($Y2=S$12,$AA2,0) -> 0 | T13: =IF($S2=T$12,$U2,0)+IF($V2=T$12,$X2,0)+IF($Y2=T$12,$AA2,0) -> 0 | U13: =IF($S2=U$12,$U2,0)+IF($V2=U$12,$X2,0)+IF($Y2=U$12,$AA2,0) -> 0 | AF13: 12 | AG13: 0 | AH13: 1 | AI13: 3 | AJ13: 2 | AK13: 1 | AL13: 0 | AM13: 1 | AN13: 0 | AO13: 0 | AP13: 8
C14: 13 | D14: 5000000 | E14: =D14/$A$2 -> 20 | H14: 13 | I14: =J14*$M$2 -> 31000000 | J14: 31 | K14: 5 | O14: 3000 | P14: =IF($S3=P$12,$U3,0)+IF($V3=P$12,$X3,0)+IF($Y3=P$12,$AA3,0) -> 0 | Q14: =IF($S3=Q$12,$U3,0)+IF($V3=Q$12,$X3,0)+IF($Y3=Q$12,$AA3,0) -> 0 | R14: =IF($S3=R$12,$U3,0)+IF($V3=R$12,$X3,0)+IF($Y3=R$12,$AA3,0) -> 0 | S14: =IF($S3=S$12,$U3,0)+IF($V3=S$12,$X3,0)+IF($Y3=S$12,$AA3,0) -> 0 | T14: =IF($S3=T$12,$U3,0)+IF($V3=T$12,$X3,0)+IF($Y3=T$12,$AA3,0) -> 0 | U14: =IF($S3=U$12,$U3,0)+IF($V3=U$12,$X3,0)+IF($Y3=U$12,$AA3,0) -> 0 | AF14: 13 | AG14: 0 | AH14: 1 | AI14: 2 | AJ14: 2 | AK14: 1 | AL14: 0 | AM14: 1 | AN14: 1 | AO14: 0 | AP14: 8
C15: 14 | D15: 7500000 | E15: =D15/$A$2 -> 30 | H15: 14 | I15: =J15*$M$2 -> 35000000 | J15: 35 | K15: 5 | O15: 10000 | P15: =IF($S4=P$12,$U4,0)+IF($V4=P$12,$X4,0)+IF($Y4=P$12,$AA4,0) -> 0.975 | Q15: =IF($S4=Q$12,$U4,0)+IF($V4=Q$12,$X4,0)+IF($Y4=Q$12,$AA4,0) -> 0 | R15: =IF($S4=R$12,$U4,0)+IF($V4=R$12,$X4,0)+IF($Y4=R$12,$AA4,0) -> 0 | S15: =IF($S4=S$12,$U4,0)+IF($V4=S$12,$X4,0)+IF($Y4=S$12,$AA4,0) -> 0 | T15: =IF($S4=T$12,$U4,0)+IF($V4=T$12,$X4,0)+IF($Y4=T$12,$AA4,0) -> 0 | U15: =IF($S4=U$12,$U4,0)+IF($V4=U$12,$X4,0)+IF($Y4=U$12,$AA4,0) -> 0 | AF15: 14 | AG15: 0 | AH15: 0 | AI15: 2 | AJ15: 2 | AK15: 1 | AL15: 1 | AM15: 1 | AN15: 1 | AO15: 0 | AP15: 8
C16: 15 | D16: 10000000 | E16: =D16/$A$2 -> 40 | H16: 15 | I16: =J16*$M$2 -> 40000000 | J16: 40 | K16: 6 | O16: 20000 | P16: =IF($S5=P$12,$U5,0)+IF($V5=P$12,$X5,0)+IF($Y5=P$12,$AA5,0) -> 0.52 | Q16: =IF($S5=Q$12,$U5,0)+IF($V5=Q$12,$X5,0)+IF($Y5=Q$12,$AA5,0) -> 0.39 | R16: =IF($S5=R$12,$U5,0)+IF($V5=R$12,$X5,0)+IF($Y5=R$12,$AA5,0) -> 0 | S16: =IF($S5=S$12,$U5,0)+IF($V5=S$12,$X5,0)+IF($Y5=S$12,$AA5,0) -> 0 | T16: =IF($S5=T$12,$U5,0)+IF($V5=T$12,$X5,0)+IF($Y5=T$12,$AA5,0) -> 0 | U16: =IF($S5=U$12,$U5,0)+IF($V5=U$12,$X5,0)+IF($Y5=U$12,$AA5,0) -> 0 | AF16: 15 | AG16: 0 | AH16: 0 | AI16: 1 | AJ16: 3 | AK16: 1 | AL16: 1 | AM16: 1 | AN16: 1 | AO16: 0 | AP16: 8
C17: 16 | D17: 12500000 | E17: =D17/$A$2 -> 50 | H17: 16 | I17: =J17*$M$2 -> 42500000 | J17: 42.5 | K17: 6 | O17: 50000 | P17: =IF($S6=P$12,$U6,0)+IF($V6=P$12,$X6,0)+IF($Y6=P$12,$AA6,0) -> 0 | Q17: =IF($S6=Q$12,$U6,0)+IF($V6=Q$12,$X6,0)+IF($Y6=Q$12,$AA6,0) -> 0.52 | R17: =IF($S6=R$12,$U6,0)+IF($V6=R$12,$X6,0)+IF($Y6=R$12,$AA6,0) -> 0.52 | S17: =IF($S6=S$12,$U6,0)+IF($V6=S$12,$X6,0)+IF($Y6=S$12,$AA6,0) -> 0.39 | T17: =IF($S6=T$12,$U6,0)+IF($V6=T$12,$X6,0)+IF($Y6=T$12,$AA6,0) -> 0 | U17: =IF($S6=U$12,$U6,0)+IF($V6=U$12,$X6,0)+IF($Y6=U$12,$AA6,0) -> 0 | AF17: 16 | AG17: 0 | AH17: 0 | AI17: 1 | AJ17: 2 | AK17: 1 | AL17: 1 | AM17: 2 | AN17: 1 | AO17: 0 | AP17: 8
C18: 17 | D18: 15000000 | E18: =D18/$A$2 -> 60 | H18: 17 | I18: =J18*$M$2 -> 45000000 | J18: 45 | K18: 6 | O18: 100000 | P18: =IF($S7=P$12,$U7,0)+IF($V7=P$12,$X7,0)+IF($Y7=P$12,$AA7,0) -> 0 | Q18: =IF($S7=Q$12,$U7,0)+IF($V7=Q$12,$X7,0)+IF($Y7=Q$12,$AA7,0) -> 0 | R18: =IF($S7=R$12,$U7,0)+IF($V7=R$12,$X7,0)+IF($Y7=R$12,$AA7,0) -> 0.39 | S18: =IF($S7=S$12,$U7,0)+IF($V7=S$12,$X7,0)+IF($Y7=S$12,$AA7,0) -> 0.325 | T18: =IF($S7=T$12,$U7,0)+IF($V7=T$12,$X7,0)+IF($Y7=T$12,$AA7,0) -> 0.26 | U18: =IF($S7=U$12,$U7,0)+IF($V7=U$12,$X7,0)+IF($Y7=U$12,$AA7,0) -> 0 | AF18: 17 | AG18: 0 | AH18: 0 | AI18: 1 | AJ18: 1 | AK18: 2 | AL18: 1 | AM18: 2 | AN18: 1 | AO18: 0 | AP18: 8
C19: 18 | D19: 17500000 | E19: =D19/$A$2 -> 70 | H19: 18 | I19: =J19*$M$2 -> 50000000 | J19: 50 | K19: 6 | O19: 200000 | P19: =IF($S8=P$12,$U8,0)+IF($V8=P$12,$X8,0)+IF($Y8=P$12,$AA8,0) -> 0 | Q19: =IF($S8=Q$12,$U8,0)+IF($V8=Q$12,$X8,0)+IF($Y8=Q$12,$AA8,0) -> 0 | R19: =IF($S8=R$12,$U8,0)+IF($V8=R$12,$X8,0)+IF($Y8=R$12,$AA8,0) -> 0 | S19: =IF($S8=S$12,$U8,0)+IF($V8=S$12,$X8,0)+IF($Y8=S$12,$AA8,0) -> 0.39 | T19: =IF($S8=T$12,$U8,0)+IF($V8=T$12,$X8,0)+IF($Y8=T$12,$AA8,0) -> 0.325 | U19: =IF($S8=U$12,$U8,0)+IF($V8=U$12,$X8,0)+IF($Y8=U$12,$AA8,0) -> 0.26 | AF19: 18 | AG19: 0 | AH19: 0 | AI19: 1 | AJ19: 1 | AK19: 2 | AL19: 0 | AM19: 1 | AN19: 2 | AO19: 1 | AP19: 8
C20: 19 | D20: 20000000 | E20: =D20/$A$2 -> 80 | H20: 19 | I20: =J20*$M$2 -> 55000000 | J20: 55 | K20: 6 | O20: 500000 | P20: =IF($S9=P$12,$U9,0)+IF($V9=P$12,$X9,0)+IF($Y9=P$12,$AA9,0) -> 0 | Q20: =IF($S9=Q$12,$U9,0)+IF($V9=Q$12,$X9,0)+IF($Y9=Q$12,$AA9,0) -> 0 | R20: =IF($S9=R$12,$U9,0)+IF($V9=R$12,$X9,0)+IF($Y9=R$12,$AA9,0) -> 0 | S20: =IF($S9=S$12,$U9,0)+IF($V9=S$12,$X9,0)+IF($Y9=S$12,$AA9,0) -> 0.455 | T20: =IF($S9=T$12,$U9,0)+IF($V9=T$12,$X9,0)+IF($Y9=T$12,$AA9,0) -> 0.39 | U20: =IF($S9=U$12,$U9,0)+IF($V9=U$12,$X9,0)+IF($Y9=U$12,$AA9,0) -> 0.325 | AF20: 19 | AG20: 0 | AH20: 0 | AI20: 0 | AJ20: 1 | AK20: 2 | AL20: 0 | AM20: 2 | AN20: 2 | AO20: 1 | AP20: 8
C21: all | D21: 35000000 | E21: =D21/$A$2 -> 140 | H21: all | I21: =J21*$M$2 -> 100000000 | J21: 100 | O21: 1000000 | P21: =IF($S10=P$12,$U10,0)+IF($V10=P$12,$X10,0)+IF($Y10=P$12,$AA10,0) -> 0 | Q21: =IF($S10=Q$12,$U10,0)+IF($V10=Q$12,$X10,0)+IF($Y10=Q$12,$AA10,0) -> 0 | R21: =IF($S10=R$12,$U10,0)+IF($V10=R$12,$X10,0)+IF($Y10=R$12,$AA10,0) -> 0 | S21: =IF($S10=S$12,$U10,0)+IF($V10=S$12,$X10,0)+IF($Y10=S$12,$AA10,0) -> 0.52 | T21: =IF($S10=T$12,$U10,0)+IF($V10=T$12,$X10,0)+IF($Y10=T$12,$AA10,0) -> 0.455 | U21: =IF($S10=U$12,$U10,0)+IF($V10=U$12,$X10,0)+IF($Y10=U$12,$AA10,0) -> 0.39 | AF21: 合计 | AG21: 31 | AH21: 34 | AI21: 30 | AJ21: 19 | AK21: 11 | AL21: 4 | AM21: 12 | AN21: 9 | AO21: 2 | AP21: 152
C22: 基础 | D22: =SUM(D2:D21) -> 140050000 | E22: =SUM(E2:E21) -> 560.2 | H22: 基础 | I22: =SUM(I2:I21) -> 525100000 | J22: =SUM(J2:J21) -> 525.1
M23: 需要牌局数 | O23: 星级 | P23: 1 | Q23: 2 | R23: 3 | S23: 4 | T23: 5 | U23: 6
O24: 需要开卡次数 | P24: 25 | Q24: 50 | R24: 50 | S24: 50 | T24: 50 | U24: 40 | V24: 集满奖励 | W24: 集满美金 | X24: 最低牌局数
H25: 卡包 | I25: 需要开卡次数 | J25: 卡包价值 | O25: 1000 | P25: =IF(P13=0,0,P$24/P13) -> 0 | Q25: =IF(Q13=0,0,Q$24/Q13) -> 0 | R25: =IF(R13=0,0,R$24/R13) -> 0 | S25: =IF(S13=0,0,S$24/S13) -> 0 | T25: =IF(T13=0,0,T$24/T13) -> 0 | U25: =IF(U13=0,0,U$24/U13) -> 0 | V25: =IF(U25>0,SUMIF($K$2:$K$21,"<="&$U$23,$I$2:I20),IF(T25>0,SUMIF($K$2:$K$21,"<="&$T$23,$I$2:I20),IF(S25>0,SUMIF($K$2:$K$21,"<="&$S$23,$I$2:I20),IF(R25>0,SUMIF($K$2:$K$21,"<="&$R$23,$I$2:I20),IF(Q25>0,SUMIF($K$2:$K$21,"<="&$Q$23,$I$2:I20),IF(P25>0,SUMIF($K$2:$K$21,"<="&$P$23,$I$2:I20),0)))))) -> 0 | W25: =V25/$M$2 -> 0 | X25: =IF(U25>0,U25,IF(T25>0,T25,IF(S25>0,S25,IF(R25>0,R25,IF(Q25>0,Q25,P25))))) -> 0
H26: 1 | I26: 25 | J26: =SUMIF($K$2:$K$21,"<="&H26,$I$2:$I$22)/I26/$M$2 -> 0.1 | O26: 3000 | P26: =IF(P14=0,0,P$24/P14) -> 0 | Q26: =IF(Q14=0,0,Q$24/Q14) -> 0 | R26: =IF(R14=0,0,R$24/R14) -> 0 | S26: =IF(S14=0,0,S$24/S14) -> 0 | T26: =IF(T14=0,0,T$24/T14) -> 0 | U26: =IF(U14=0,0,U$24/U14) -> 0 | V26: =IF(U26>0,SUMIF($K$2:$K$21,"<="&$U$23,$I$2:I21),IF(T26>0,SUMIF($K$2:$K$21,"<="&$T$23,$I$2:I21),IF(S26>0,SUMIF($K$2:$K$21,"<="&$S$23,$I$2:I21),IF(R26>0,SUMIF($K$2:$K$21,"<="&$R$23,$I$2:I21),IF(Q26>0,SUMIF($K$2:$K$21,"<="&$Q$23,$I$2:I21),IF(P26>0,SUMIF($K$2:$K$21,"<="&$P$23,$I$2:I21),0)))))) -> 0 | W26: =V26/$M$2 -> 0 | X26: =IF(U26>0,U26,IF(T26>0,T26,IF(S26>0,S26,IF(R26>0,R26,IF(Q26>0,Q26,P26))))) -> 0
H27: 2 | I27: 50 | J27: =SUMIF($K$2:$K$21,"<="&H27,$I$2:$I$22)/I27/$M$2 -> 0.296 | O27: 10000 | P27: =IF(P15=0,0,P$24/P15) -> 25.641026 | Q27: =IF(Q15=0,0,Q$24/Q15) -> 0 | R27: =IF(R15=0,0,R$24/R15) -> 0 | S27: =IF(S15=0,0,S$24/S15) -> 0 | T27: =IF(T15=0,0,T$24/T15) -> 0 | U27: =IF(U15=0,0,U$24/U15) -> 0 | V27: =IF(U27>0,SUMIF($K$2:$K$21,"<="&$U$23,$I$2:I22),IF(T27>0,SUMIF($K$2:$K$21,"<="&$T$23,$I$2:I22),IF(S27>0,SUMIF($K$2:$K$21,"<="&$S$23,$I$2:I22),IF(R27>0,SUMIF($K$2:$K$21,"<="&$R$23,$I$2:I22),IF(Q27>0,SUMIF($K$2:$K$21,"<="&$Q$23,$I$2:I22),IF(P27>0,SUMIF($K$2:$K$21,"<="&$P$23,$I$2:I22),0)))))) -> 2500000 | W27: =V27/$M$2 -> 2.5 | X27: =IF(U27>0,U27,IF(T27>0,T27,IF(S27>0,S27,IF(R27>0,R27,IF(Q27>0,Q27,P27))))) -> 25.641026
H28: 3 | I28: 50 | J28: =SUMIF($K$2:$K$21,"<="&H28,$I$2:$I$22)/I28/$M$2 -> 0.512 | O28: 20000 | P28: =IF(P16=0,0,P$24/P16) -> 48.076923 | Q28: =IF(Q16=0,0,Q$24/Q16) -> 128.20513 | R28: =IF(R16=0,0,R$24/R16) -> 0 | S28: =IF(S16=0,0,S$24/S16) -> 0 | T28: =IF(T16=0,0,T$24/T16) -> 0 | U28: =IF(U16=0,0,U$24/U16) -> 0 | V28: =IF(U28>0,SUMIF($K$2:$K$21,"<="&$U$23,$I$2:I23),IF(T28>0,SUMIF($K$2:$K$21,"<="&$T$23,$I$2:I23),IF(S28>0,SUMIF($K$2:$K$21,"<="&$S$23,$I$2:I23),IF(R28>0,SUMIF($K$2:$K$21,"<="&$R$23,$I$2:I23),IF(Q28>0,SUMIF($K$2:$K$21,"<="&$Q$23,$I$2:I23),IF(P28>0,SUMIF($K$2:$K$21,"<="&$P$23,$I$2:I23),0)))))) -> 14800000 | W28: =V28/$M$2 -> 14.8 | X28: =IF(U28>0,U28,IF(T28>0,T28,IF(S28>0,S28,IF(R28>0,R28,IF(Q28>0,Q28,P28))))) -> 128.20513
H29: 4 | I29: 50 | J29: =SUMIF($K$2:$K$21,"<="&H29,$I$2:$I$22)/I29/$M$2 -> 1.412 | O29: 50000 | P29: =IF(P17=0,0,P$24/P17) -> 0 | Q29: =IF(Q17=0,0,Q$24/Q17) -> 96.153846 | R29: =IF(R17=0,0,R$24/R17) -> 96.153846 | S29: =IF(S17=0,0,S$24/S17) -> 128.20513 | T29: =IF(T17=0,0,T$24/T17) -> 0 | U29: =IF(U17=0,0,U$24/U17) -> 0 | V29: =IF(U29>0,SUMIF($K$2:$K$21,"<="&$U$23,$I$2:I24),IF(T29>0,SUMIF($K$2:$K$21,"<="&$T$23,$I$2:I24),IF(S29>0,SUMIF($K$2:$K$21,"<="&$S$23,$I$2:I24),IF(R29>0,SUMIF($K$2:$K$21,"<="&$R$23,$I$2:I24),IF(Q29>0,SUMIF($K$2:$K$21,"<="&$Q$23,$I$2:I24),IF(P29>0,SUMIF($K$2:$K$21,"<="&$P$23,$I$2:I24),0)))))) -> 70600000 | W29: =V29/$M$2 -> 70.6 | X29: =IF(U29>0,U29,IF(T29>0,T29,IF(S29>0,S29,IF(R29>0,R29,IF(Q29>0,Q29,P29))))) -> 128.20513
H30: 5 | I30: 50 | J30: =SUMIF($K$2:$K$21,"<="&H30,$I$2:$I$22)/I30/$M$2 -> 3.852 | O30: 100000 | P30: =IF(P18=0,0,P$24/P18) -> 0 | Q30: =IF(Q18=0,0,Q$24/Q18) -> 0 | R30: =IF(R18=0,0,R$24/R18) -> 128.20513 | S30: =IF(S18=0,0,S$24/S18) -> 153.84615 | T30: =IF(T18=0,0,T$24/T18) -> 192.30769 | U30: =IF(U18=0,0,U$24/U18) -> 0 | V30: =IF(U30>0,SUMIF($K$2:$K$21,"<="&$U$23,$I$2:I25),IF(T30>0,SUMIF($K$2:$K$21,"<="&$T$23,$I$2:I25),IF(S30>0,SUMIF($K$2:$K$21,"<="&$S$23,$I$2:I25),IF(R30>0,SUMIF($K$2:$K$21,"<="&$R$23,$I$2:I25),IF(Q30>0,SUMIF($K$2:$K$21,"<="&$Q$23,$I$2:I25),IF(P30>0,SUMIF($K$2:$K$21,"<="&$P$23,$I$2:I25),0)))))) -> 192600000 | W30: =V30/$M$2 -> 192.6 | X30: =IF(U30>0,U30,IF(T30>0,T30,IF(S30>0,S30,IF(R30>0,R30,IF(Q30>0,Q30,P30))))) -> 192.30769
H31: 6 | I31: 40 | J31: =SUMIF($K$2:$K$21,"="&H31,$I$2:$I$22)/I31/$M$2 -> 5.8125 | O31: 200000 | P31: =IF(P19=0,0,P$24/P19) -> 0 | Q31: =IF(Q19=0,0,Q$24/Q19) -> 0 | R31: =IF(R19=0,0,R$24/R19) -> 0 | S31: =IF(S19=0,0,S$24/S19) -> 128.20513 | T31: =IF(T19=0,0,T$24/T19) -> 153.84615 | U31: =IF(U19=0,0,U$24/U19) -> 153.84615 | V31: =IF(U31>0,SUMIF($K$2:$K$21,"<="&$U$23,$I$2:I26),IF(T31>0,SUMIF($K$2:$K$21,"<="&$T$23,$I$2:I26),IF(S31>0,SUMIF($K$2:$K$21,"<="&$S$23,$I$2:I26),IF(R31>0,SUMIF($K$2:$K$21,"<="&$R$23,$I$2:I26),IF(Q31>0,SUMIF($K$2:$K$21,"<="&$Q$23,$I$2:I26),IF(P31>0,SUMIF($K$2:$K$21,"<="&$P$23,$I$2:I26),0)))))) -> 425100000 | W31: =V31/$M$2 -> 425.1 | X31: =IF(U31>0,U31,IF(T31>0,T31,IF(S31>0,S31,IF(R31>0,R31,IF(Q31>0,Q31,P31))))) -> 153.84615
O32: 500000 | P32: =IF(P20=0,0,P$24/P20) -> 0 | Q32: =IF(Q20=0,0,Q$24/Q20) -> 0 | R32: =IF(R20=0,0,R$24/R20) -> 0 | S32: =IF(S20=0,0,S$24/S20) -> 109.89011 | T32: =IF(T20=0,0,T$24/T20) -> 128.20513 | U32: =IF(U20=0,0,U$24/U20) -> 123.07692 | V32: =IF(U32>0,SUMIF($K$2:$K$21,"<="&$U$23,$I$2:I27),IF(T32>0,SUMIF($K$2:$K$21,"<="&$T$23,$I$2:I27),IF(S32>0,SUMIF($K$2:$K$21,"<="&$S$23,$I$2:I27),IF(R32>0,SUMIF($K$2:$K$21,"<="&$R$23,$I$2:I27),IF(Q32>0,SUMIF($K$2:$K$21,"<="&$Q$23,$I$2:I27),IF(P32>0,SUMIF($K$2:$K$21,"<="&$P$23,$I$2:I27),0)))))) -> 425100000 | W32: =V32/$M$2 -> 425.1 | X32: =IF(U32>0,U32,IF(T32>0,T32,IF(S32>0,S32,IF(R32>0,R32,IF(Q32>0,Q32,P32))))) -> 123.07692
O33: 1000000 | P33: =IF(P21=0,0,P$24/P21) -> 0 | Q33: =IF(Q21=0,0,Q$24/Q21) -> 0 | R33: =IF(R21=0,0,R$24/R21) -> 0 | S33: =IF(S21=0,0,S$24/S21) -> 96.153846 | T33: =IF(T21=0,0,T$24/T21) -> 109.89011 | U33: =IF(U21=0,0,U$24/U21) -> 102.5641 | V33: =IF(U33>0,SUMIF($K$2:$K$21,"<="&$U$23,$I$2:I28),IF(T33>0,SUMIF($K$2:$K$21,"<="&$T$23,$I$2:I28),IF(S33>0,SUMIF($K$2:$K$21,"<="&$S$23,$I$2:I28),IF(R33>0,SUMIF($K$2:$K$21,"<="&$R$23,$I$2:I28),IF(Q33>0,SUMIF($K$2:$K$21,"<="&$Q$23,$I$2:I28),IF(P33>0,SUMIF($K$2:$K$21,"<="&$P$23,$I$2:I28),0)))))) -> 425100000 | W33: =V33/$M$2 -> 425.1 | X33: =IF(U33>0,U33,IF(T33>0,T33,IF(S33>0,S33,IF(R33>0,R33,IF(Q33>0,Q33,P33))))) -> 102.5641
M35: 入场花费美金 | Q35: 1000000 | R35: 1250000 | S35: 1500000 | T35: 1750000 | U35: 2000000 | V35: 2250000 | W35: 2500000 | X35: 2500000 | Y35: 2500000 | Z35: 2500000 | AA35: 2500000 | AB35: 2500000 | AC35: 2500000 | AD35: 2500000 | AE35: 2500000 | AF35: 2500000
O36: 底注 | P36: 一局金币 | Q36: 0 | R36: 1 | S36: 2 | T36: 3 | U36: 4 | V36: 5 | W36: 6 | X36: 7 | Y36: 8 | Z36: 9 | AA36: 10 | AB36: 11 | AC36: 12 | AD36: 13 | AE36: 14 | AF36: 15
O37: 1000 | P37: 70000 | Q37: 0.07 | R37: 0.056 | S37: 0.046666667 | T37: 0.04 | U37: 0.035 | V37: 0.031111111 | W37: 0.028 | X37: 0.028 | Y37: 0.028 | Z37: 0.028 | AA37: 0.028 | AB37: 0.028 | AC37: 0.028 | AD37: 0.028 | AE37: 0.028 | AF37: 0.028
O38: 3000 | P38: 210000 | Q38: 0.21 | R38: 0.168 | S38: 0.14 | T38: 0.12 | U38: 0.105 | V38: 0.093333333 | W38: 0.084 | X38: 0.084 | Y38: 0.084 | Z38: 0.084 | AA38: 0.084 | AB38: 0.084 | AC38: 0.084 | AD38: 0.084 | AE38: 0.084 | AF38: 0.084
O39: 10000 | P39: 700000 | Q39: 0.7 | R39: 0.56 | S39: 0.46666667 | T39: 0.4 | U39: 0.35 | V39: 0.31111111 | W39: 0.28 | X39: 0.28 | Y39: 0.28 | Z39: 0.28 | AA39: 0.28 | AB39: 0.28 | AC39: 0.28 | AD39: 0.28 | AE39: 0.28 | AF39: 0.28
O40: 20000 | P40: 1400000 | Q40: 1.4 | R40: 1.12 | S40: 0.93333333 | T40: 0.8 | U40: 0.7 | V40: 0.62222222 | W40: 0.56 | X40: 0.56 | Y40: 0.56 | Z40: 0.56 | AA40: 0.56 | AB40: 0.56 | AC40: 0.56 | AD40: 0.56 | AE40: 0.56 | AF40: 0.56
O41: 50000 | P41: 3500000 | Q41: 3.2741935 | R41: 2.7066667 | S41: 2.2555556 | T41: 1.9333333 | U41: 1.75 | V41: 1.5555556 | W41: 1.4 | X41: 1.4 | Y41: 1.4 | Z41: 1.4 | AA41: 1.4 | AB41: 1.4 | AC41: 1.4 | AD41: 1.4 | AE41: 1.4 | AF41: 1.4
O42: 100000 | P42: 7000000 | Q42: 5.8 | R42: 4.9212121 | S42: 4.2291667 | T42: 3.625 | U42: 3.2741935 | V42: 2.9103943 | W42: 2.7066667 | X42: 2.7066667 | Y42: 2.7066667 | Z42: 2.7066667 | AA42: 2.7066667 | AB42: 2.7066667 | AC42: 2.7066667 | AD42: 2.7066667 | AE42: 2.7066667 | AF42: 2.7066667
O43: 200000 | P43: 14000000 | Q43: 9.6666667 | R43: 8.3282051 | S43: 7.3153153 | T43: 6.4444444 | U43: 5.8 | V43: 5.3071895 | W43: 4.9212121 | X43: 4.9212121 | Y43: 4.9212121 | Z43: 4.9212121 | AA43: 4.9212121 | AB43: 4.9212121 | AC43: 4.9212121 | AD43: 4.9212121 | AE43: 4.9212121 | AF43: 4.9212121
O44: 500000 | P44: 35000000 | Q44: 21.145833 | R44: 17.652174 | S44: 15.037037 | T44: 12.888889 | U44: 11.802326 | V44: 10.490956 | W44: 9.6666667 | X44: 9.6666667 | Y44: 9.6666667 | Z44: 9.6666667 | AA44: 9.6666667 | AB44: 9.6666667 | AC44: 9.6666667 | AD44: 9.6666667 | AE44: 9.6666667 | AF44: 9.6666667
O45: 1000000 | P45: 70000000 | Q45: 37.592593 | R45: 31.230769 | S45: 27.066667 | T45: 23.673469 | U45: 21.145833 | V45: 19.196217 | W45: 17.652174 | X45: 17.652174 | Y45: 17.652174 | Z45: 17.652174 | AA45: 17.652174 | AB45: 17.652174 | AC45: 17.652174 | AD45: 17.652174 | AE45: 17.652174 | AF45: 17.652174
M47: 消费返还 | Q47: 1000000 | R47: 1250000 | S47: 1500000 | T47: 1750000 | U47: 2000000 | V47: 2250000 | W47: 2500000 | X47: 2500000 | Y47: 2500000 | Z47: 2500000 | AA47: 2500000 | AB47: 2500000 | AC47: 2500000 | AD47: 2500000 | AE47: 2500000 | AF47: 2500000
O48: 底注 | P48: 一局金币 | Q48: 0 | R48: 1 | S48: 2 | T48: 3 | U48: 4 | V48: 5 | W48: 6 | X48: 7 | Y48: 8 | Z48: 9 | AA48: 10 | AB48: 11 | AC48: 12 | AD48: 13 | AE48: 14 | AF48: 15
O49: 1000 | P49: 70000 | Q49: =IF($V25=0,0,$V25/$M$2/($X25*Q37)) -> 0 | R49: =IF($V25=0,0,$V25/$M$2/($X25*R37)) -> 0 | S49: =IF($V25=0,0,$V25/$M$2/($X25*S37)) -> 0 | T49: =IF($V25=0,0,$V25/$M$2/($X25*T37)) -> 0 | U49: =IF($V25=0,0,$V25/$M$2/($X25*U37)) -> 0 | V49: =IF($V25=0,0,$V25/$M$2/($X25*V37)) -> 0 | W49: =IF($V25=0,0,$V25/$M$2/($X25*W37)) -> 0 | X49: =IF($V25=0,0,$V25/$M$2/($X25*X37)) -> 0 | ... AF49: =IF($V25=0,0,$V25/$M$2/($X25*AF37)) -> 0
O50: 3000 | P50: 210000 | Q50: =IF($V26=0,0,$V26/$M$2/($X26*Q38)) -> 0 | R50: =IF($V26=0,0,$V26/$M$2/($X26*R38)) -> 0 | S50: =IF($V26=0,0,$V26/$M$2/($X26*S38)) -> 0 | T50: =IF($V26=0,0,$V26/$M$2/($X26*T38)) -> 0 | U50: =IF($V26=0,0,$V26/$M$2/($X26*U38)) -> 0 | V50: =IF($V26=0,0,$V26/$M$2/($X26*V38)) -> 0 | W50: =IF($V26=0,0,$V26/$M$2/($X26*W38)) -> 0 | X50: =IF($V26=0,0,$V26/$M$2/($X26*X38)) -> 0 | ... AF50: =IF($V26=0,0,$V26/$M$2/($X26*AF38)) -> 0
O51: 10000 | P51: 700000 | Q51: =IF($V27=0,0,$V27/$M$2/($X27*Q39)) -> 0.13928571 | R51: =IF($V27=0,0,$V27/$M$2/($X27*R39)) -> 0.17410714 | S51: =IF($V27=0,0,$V27/$M$2/($X27*S39)) -> 0.20892857 | T51: =IF($V27=0,0,$V27/$M$2/($X27*T39)) -> 0.24375 | U51: =IF($V27=0,0,$V27/$M$2/($X27*U39)) -> 0.27857143 | V51: =IF($V27=0,0,$V27/$M$2/($X27*V39)) -> 0.31339286 | W51: =IF($V27=0,0,$V27/$M$2/($X27*W39)) -> 0.34821429 | X51: =IF($V27=0,0,$V27/$M$2/($X27*X39)) -> 0.34821429 | ... AF51: =IF($V27=0,0,$V27/$M$2/($X27*AF39)) -> 0.34821429
O52: 20000 | P52: 1400000 | Q52: =IF($V28=0,0,$V28/$M$2/($X28*Q40)) -> 0.082457143 | R52: =IF($V28=0,0,$V28/$M$2/($X28*R40)) -> 0.10307143 | S52: =IF($V28=0,0,$V28/$M$2/($X28*S40)) -> 0.12368571 | T52: =IF($V28=0,0,$V28/$M$2/($X28*T40)) -> 0.1443 | U52: =IF($V28=0,0,$V28/$M$2/($X28*U40)) -> 0.16491429 | V52: =IF($V28=0,0,$V28/$M$2/($X28*V40)) -> 0.18552857 | W52: =IF($V28=0,0,$V28/$M$2/($X28*W40)) -> 0.20614286 | X52: =IF($V28=0,0,$V28/$M$2/($X28*X40)) -> 0.20614286 | ... AF52: =IF($V28=0,0,$V28/$M$2/($X28*AF40)) -> 0.20614286
O53: 50000 | P53: 3500000 | Q53: =IF($V29=0,0,$V29/$M$2/($X29*Q41)) -> 0.16818798 | R53: =IF($V29=0,0,$V29/$M$2/($X29*R41)) -> 0.2034532 | S53: =IF($V29=0,0,$V29/$M$2/($X29*S41)) -> 0.24414384 | T53: =IF($V29=0,0,$V29/$M$2/($X29*T41)) -> 0.28483448 | U53: =IF($V29=0,0,$V29/$M$2/($X29*U41)) -> 0.31467429 | V53: =IF($V29=0,0,$V29/$M$2/($X29*V41)) -> 0.35400857 | W53: =IF($V29=0,0,$V29/$M$2/($X29*W41)) -> 0.39334286 | X53: =IF($V29=0,0,$V29/$M$2/($X29*X41)) -> 0.39334286 | ... AF53: =IF($V29=0,0,$V29/$M$2/($X29*AF41)) -> 0.39334286
O54: 100000 | P54: 7000000 | Q54: =IF($V30=0,0,$V30/$M$2/($X30*Q42)) -> 0.17267586 | R54: =IF($V30=0,0,$V30/$M$2/($X30*R42)) -> 0.20351084 | S54: =IF($V30=0,0,$V30/$M$2/($X30*S42)) -> 0.23681261 | T54: =IF($V30=0,0,$V30/$M$2/($X30*T42)) -> 0.27628138 | U54: =IF($V30=0,0,$V30/$M$2/($X30*U42)) -> 0.30588296 | V54: =IF($V30=0,0,$V30/$M$2/($X30*V42)) -> 0.34411833 | W54: =IF($V30=0,0,$V30/$M$2/($X30*W42)) -> 0.3700197 | X54: =IF($V30=0,0,$V30/$M$2/($X30*X42)) -> 0.3700197 | ... AF54: =IF($V30=0,0,$V30/$M$2/($X30*AF42)) -> 0.3700197
O55: 200000 | P55: 14000000 | Q55: =IF($V31=0,0,$V31/$M$2/($X31*Q43)) -> 0.2858431 | R55: =IF($V31=0,0,$V31/$M$2/($X31*R43)) -> 0.33178217 | S55: =IF($V31=0,0,$V31/$M$2/($X31*S43)) -> 0.37772124 | T55: =IF($V31=0,0,$V31/$M$2/($X31*T43)) -> 0.42876466 | U55: =IF($V31=0,0,$V31/$M$2/($X31*U43)) -> 0.47640517 | V55: =IF($V31=0,0,$V31/$M$2/($X31*V43)) -> 0.5206428 | W55: =IF($V31=0,0,$V31/$M$2/($X31*W43)) -> 0.56147752 | X55: =IF($V31=0,0,$V31/$M$2/($X31*X43)) -> 0.56147752 | ... AF55: =IF($V31=0,0,$V31/$M$2/($X31*AF43)) -> 0.56147752
O56: 500000 | P56: 35000000 | Q56: =IF($V32=0,0,$V32/$M$2/($X32*Q44)) -> 0.16333892 | R56: =IF($V32=0,0,$V32/$M$2/($X32*R44)) -> 0.19566641 | S56: =IF($V32=0,0,$V32/$M$2/($X32*S44)) -> 0.22969535 | T56: =IF($V32=0,0,$V32/$M$2/($X32*T44)) -> 0.26797791 | U56: =IF($V32=0,0,$V32/$M$2/($X32*U44)) -> 0.29264889 | V56: =IF($V32=0,0,$V32/$M$2/($X32*V44)) -> 0.32923 | W56: =IF($V32=0,0,$V32/$M$2/($X32*W44)) -> 0.35730388 | X56: =IF($V32=0,0,$V32/$M$2/($X32*X44)) -> 0.35730388 | ... AF56: =IF($V32=0,0,$V32/$M$2/($X32*AF44)) -> 0.35730388
O57: 1000000 | P57: 70000000 | Q57: =IF($V33=0,0,$V33/$M$2/($X33*Q45)) -> 0.11025377 | R57: =IF($V33=0,0,$V33/$M$2/($X33*R45)) -> 0.13271287 | S57: =IF($V33=0,0,$V33/$M$2/($X33*S45)) -> 0.15313023 | T57: =IF($V33=0,0,$V33/$M$2/($X33*T45)) -> 0.1750789 | U57: =IF($V33=0,0,$V33/$M$2/($X33*U45)) -> 0.1960067 | V57: =IF($V33=0,0,$V33/$M$2/($X33*V45)) -> 0.21591363 | W57: =IF($V33=0,0,$V33/$M$2/($X33*W45)) -> 0.23479969 | X57: =IF($V33=0,0,$V33/$M$2/($X33*X45)) -> 0.23479969 | ... AF57: =IF($V33=0,0,$V33/$M$2/($X33*AF45)) -> 0.23479969
M59: 消耗返还 | Q59: 1000000 | R59: 1250000 | S59: 1500000 | T59: 1750000 | U59: 2000000 | V59: 2250000 | W59: 2500000 | X59: 2500000 | Y59: 2500000 | Z59: 2500000 | AA59: 2500000 | AB59: 2500000 | AC59: 2500000 | AD59: 2500000 | AE59: 2500000 | AF59: 2500000
O60: 底注 | P60: 一局金币 | Q60: 0 | R60: 1 | S60: 2 | T60: 3 | U60: 4 | V60: 5 | W60: 6 | X60: 7 | Y60: 8 | Z60: 9 | AA60: 10 | AB60: 11 | AC60: 12 | AD60: 13 | AE60: 14 | AF60: 15
O61: 1000 | P61: 70000 | Q61: =IF($V25=0,0,$V25/($X25*$Q2)) -> 0 | R61: =IF($V25=0,0,$V25/($X25*$Q2)) -> 0 | S61: =IF($V25=0,0,$V25/($X25*$Q2)) -> 0 | T61: =IF($V25=0,0,$V25/($X25*$Q2)) -> 0 | U61: =IF($V25=0,0,$V25/($X25*$Q2)) -> 0 | V61: =IF($V25=0,0,$V25/($X25*$Q2)) -> 0 | W61: =IF($V25=0,0,$V25/($X25*$Q2)) -> 0 | X61: =IF($V25=0,0,$V25/($X25*$Q2)) -> 0 | ... AF61: =IF($V25=0,0,$V25/($X25*$Q2)) -> 0
O62: 3000 | P62: 210000 | Q62: =IF($V26=0,0,$V26/($X26*$Q3)) -> 0 | R62: =IF($V26=0,0,$V26/($X26*$Q3)) -> 0 | S62: =IF($V26=0,0,$V26/($X26*$Q3)) -> 0 | T62: =IF($V26=0,0,$V26/($X26*$Q3)) -> 0 | U62: =IF($V26=0,0,$V26/($X26*$Q3)) -> 0 | V62: =IF($V26=0,0,$V26/($X26*$Q3)) -> 0 | W62: =IF($V26=0,0,$V26/($X26*$Q3)) -> 0 | X62: =IF($V26=0,0,$V26/($X26*$Q3)) -> 0 | ... AF62: =IF($V26=0,0,$V26/($X26*$Q3)) -> 0
O63: 10000 | P63: 700000 | Q63: =IF($V27=0,0,$V27/($X27*$Q4)) -> 1.3928571 | R63: =IF($V27=0,0,$V27/($X27*$Q4)) -> 1.3928571 | S63: =IF($V27=0,0,$V27/($X27*$Q4)) -> 1.3928571 | T63: =IF($V27=0,0,$V27/($X27*$Q4)) -> 1.3928571 | U63: =IF($V27=0,0,$V27/($X27*$Q4)) -> 1.3928571 | V63: =IF($V27=0,0,$V27/($X27*$Q4)) -> 1.3928571 | W63: =IF($V27=0,0,$V27/($X27*$Q4)) -> 1.3928571 | X63: =IF($V27=0,0,$V27/($X27*$Q4)) -> 1.3928571 | ... AF63: =IF($V27=0,0,$V27/($X27*$Q4)) -> 1.3928571
O64: 20000 | P64: 1400000 | Q64: =IF($V28=0,0,$V28/($X28*$Q5)) -> 0.82457143 | R64: =IF($V28=0,0,$V28/($X28*$Q5)) -> 0.82457143 | S64: =IF($V28=0,0,$V28/($X28*$Q5)) -> 0.82457143 | T64: =IF($V28=0,0,$V28/($X28*$Q5)) -> 0.82457143 | U64: =IF($V28=0,0,$V28/($X28*$Q5)) -> 0.82457143 | V64: =IF($V28=0,0,$V28/($X28*$Q5)) -> 0.82457143 | W64: =IF($V28=0,0,$V28/($X28*$Q5)) -> 0.82457143 | X64: =IF($V28=0,0,$V28/($X28*$Q5)) -> 0.82457143 | ... AF64: =IF($V28=0,0,$V28/($X28*$Q5)) -> 0.82457143
O65: 50000 | P65: 3500000 | Q65: =IF($V29=0,0,$V29/($X29*$Q6)) -> 1.5733714 | R65: =IF($V29=0,0,$V29/($X29*$Q6)) -> 1.5733714 | S65: =IF($V29=0,0,$V29/($X29*$Q6)) -> 1.5733714 | T65: =IF($V29=0,0,$V29/($X29*$Q6)) -> 1.5733714 | U65: =IF($V29=0,0,$V29/($X29*$Q6)) -> 1.5733714 | V65: =IF($V29=0,0,$V29/($X29*$Q6)) -> 1.5733714 | W65: =IF($V29=0,0,$V29/($X29*$Q6)) -> 1.5733714 | X65: =IF($V29=0,0,$V29/($X29*$Q6)) -> 1.5733714 | ... AF65: =IF($V29=0,0,$V29/($X29*$Q6)) -> 1.5733714
O66: 100000 | P66: 7000000 | Q66: =IF($V30=0,0,$V30/($X30*$Q7)) -> 1.4307429 | R66: =IF($V30=0,0,$V30/($X30*$Q7)) -> 1.4307429 | S66: =IF($V30=0,0,$V30/($X30*$Q7)) -> 1.4307429 | T66: =IF($V30=0,0,$V30/($X30*$Q7)) -> 1.4307429 | U66: =IF($V30=0,0,$V30/($X30*$Q7)) -> 1.4307429 | V66: =IF($V30=0,0,$V30/($X30*$Q7)) -> 1.4307429 | W66: =IF($V30=0,0,$V30/($X30*$Q7)) -> 1.4307429 | X66: =IF($V30=0,0,$V30/($X30*$Q7)) -> 1.4307429 | ... AF66: =IF($V30=0,0,$V30/($X30*$Q7)) -> 1.4307429
O67: 200000 | P67: 14000000 | Q67: =IF($V31=0,0,$V31/($X31*$Q8)) -> 1.9736786 | R67: =IF($V31=0,0,$V31/($X31*$Q8)) -> 1.9736786 | S67: =IF($V31=0,0,$V31/($X31*$Q8)) -> 1.9736786 | T67: =IF($V31=0,0,$V31/($X31*$Q8)) -> 1.9736786 | U67: =IF($V31=0,0,$V31/($X31*$Q8)) -> 1.9736786 | V67: =IF($V31=0,0,$V31/($X31*$Q8)) -> 1.9736786 | W67: =IF($V31=0,0,$V31/($X31*$Q8)) -> 1.9736786 | X67: =IF($V31=0,0,$V31/($X31*$Q8)) -> 1.9736786 | ... AF67: =IF($V31=0,0,$V31/($X31*$Q8)) -> 1.9736786
O68: 500000 | P68: 35000000 | Q68: =IF($V32=0,0,$V32/($X32*$Q9)) -> 0.98683929 | R68: =IF($V32=0,0,$V32/($X32*$Q9)) -> 0.98683929 | S68: =IF($V32=0,0,$V32/($X32*$Q9)) -> 0.98683929 | T68: =IF($V32=0,0,$V32/($X32*$Q9)) -> 0.98683929 | U68: =IF($V32=0,0,$V32/($X32*$Q9)) -> 0.98683929 | V68: =IF($V32=0,0,$V32/($X32*$Q9)) -> 0.98683929 | W68: =IF($V32=0,0,$V32/($X32*$Q9)) -> 0.98683929 | X68: =IF($V32=0,0,$V32/($X32*$Q9)) -> 0.98683929 | ... AF68: =IF($V32=0,0,$V32/($X32*$Q9)) -> 0.98683929
O69: 1000000 | P69: 70000000 | Q69: =IF($V33=0,0,$V33/($X33*$Q10)) -> 0.59210357 | R69: =IF($V33=0,0,$V33/($X33*$Q10)) -> 0.59210357 | S69: =IF($V33=0,0,$V33/($X33*$Q10)) -> 0.59210357 | T69: =IF($V33=0,0,$V33/($X33*$Q10)) -> 0.59210357 | U69: =IF($V33=0,0,$V33/($X33*$Q10)) -> 0.59210357 | V69: =IF($V33=0,0,$V33/($X33*$Q10)) -> 0.59210357 | W69: =IF($V33=0,0,$V33/($X33*$Q10)) -> 0.59210357 | X69: =IF($V33=0,0,$V33/($X33*$Q10)) -> 0.59210357 | ... AF69: =IF($V33=0,0,$V33/($X33*$Q10)) -> 0.59210357
M71: 累计花费美金 | Q71: 1000000 | R71: 1250000 | S71: 1500000 | T71: 1750000 | U71: 2000000 | V71: 2250000 | W71: 2500000 | X71: 2500000 | Y71: 2500000 | Z71: 2500000 | AA71: 2500000 | AB71: 2500000 | AC71: 2500000 | AD71: 2500000 | AE71: 2500000 | AF71: 2500000
O72: 底注 | P72: 一局金币 | Q72: 0 | R72: 1 | S72: 2 | T72: 3 | U72: 4 | V72: 5 | W72: 6 | X72: 7 | Y72: 8 | Z72: 9 | AA72: 10 | AB72: 11 | AC72: 12 | AD72: 13 | AE72: 14 | AF72: 15
O73: 1000 | P73: 70000 | Q73: =IF($V25=0,0,$X25*Q37) -> 0 | R73: =IF($V25=0,0,$X25*R37) -> 0 | S73: =IF($V25=0,0,$X25*S37) -> 0 | T73: =IF($V25=0,0,$X25*T37) -> 0 | U73: =IF($V25=0,0,$X25*U37) -> 0 | V73: =IF($V25=0,0,$X25*V37) -> 0 | W73: =IF($V25=0,0,$X25*W37) -> 0 | X73: =IF($V25=0,0,$X25*X37) -> 0 | ... AF73: =IF($V25=0,0,$X25*AF37) -> 0
O74: 3000 | P74: 210000 | Q74: =IF($V26=0,0,$X26*Q38) -> 0 | R74: =IF($V26=0,0,$X26*R38) -> 0 | S74: =IF($V26=0,0,$X26*S38) -> 0 | T74: =IF($V26=0,0,$X26*T38) -> 0 | U74: =IF($V26=0,0,$X26*U38) -> 0 | V74: =IF($V26=0,0,$X26*V38) -> 0 | W74: =IF($V26=0,0,$X26*W38) -> 0 | X74: =IF($V26=0,0,$X26*X38) -> 0 | ... AF74: =IF($V26=0,0,$X26*AF38) -> 0
O75: 10000 | P75: 700000 | Q75: =IF($V27=0,0,$X27*Q39) -> 17.948718 | R75: =IF($V27=0,0,$X27*R39) -> 14.358974 | S75: =IF($V27=0,0,$X27*S39) -> 11.965812 | T75: =IF($V27=0,0,$X27*T39) -> 10.25641 | U75: =IF($V27=0,0,$X27*U39) -> 8.974359 | V75: =IF($V27=0,0,$X27*V39) -> 7.977208 | W75: =IF($V27=0,0,$X27*W39) -> 7.1794872 | X75: =IF($V27=0,0,$X27*X39) -> 7.1794872 | ... AF75: =IF($V27=0,0,$X27*AF39) -> 7.1794872
O76: 20000 | P76: 1400000 | Q76: =IF($V28=0,0,$X28*Q40) -> 179.48718 | R76: =IF($V28=0,0,$X28*R40) -> 143.58974 | S76: =IF($V28=0,0,$X28*S40) -> 119.65812 | T76: =IF($V28=0,0,$X28*T40) -> 102.5641 | U76: =IF($V28=0,0,$X28*U40) -> 89.74359 | V76: =IF($V28=0,0,$X28*V40) -> 79.77208 | W76: =IF($V28=0,0,$X28*W40) -> 71.794872 | X76: =IF($V28=0,0,$X28*X40) -> 71.794872 | ... AF76: =IF($V28=0,0,$X28*AF40) -> 71.794872
O77: 50000 | P77: 3500000 | Q77: =IF($V29=0,0,$X29*Q41) -> 419.7684 | R77: =IF($V29=0,0,$X29*R41) -> 347.00855 | S77: =IF($V29=0,0,$X29*S41) -> 289.17379 | T77: =IF($V29=0,0,$X29*T41) -> 247.86325 | U77: =IF($V29=0,0,$X29*U41) -> 224.35897 | V77: =IF($V29=0,0,$X29*V41) -> 199.4302 | W77: =IF($V29=0,0,$X29*W41) -> 179.48718 | X77: =IF($V29=0,0,$X29*X41) -> 179.48718 | ... AF77: =IF($V29=0,0,$X29*AF41) -> 179.48718
O78: 100000 | P78: 7000000 | Q78: =IF($V30=0,0,$X30*Q42) -> 1115.3846 | R78: =IF($V30=0,0,$X30*R42) -> 946.38695 | S78: =IF($V30=0,0,$X30*S42) -> 813.30128 | T78: =IF($V30=0,0,$X30*T42) -> 697.11538 | U78: =IF($V30=0,0,$X30*U42) -> 629.65261 | V78: =IF($V30=0,0,$X30*V42) -> 559.6912 | W78: =IF($V30=0,0,$X30*W42) -> 520.51282 | X78: =IF($V30=0,0,$X30*X42) -> 520.51282 | ... AF78: =IF($V30=0,0,$X30*AF42) -> 520.51282
O79: 200000 | P79: 14000000 | Q79: =IF($V31=0,0,$X31*Q43) -> 1487.1795 | R79: =IF($V31=0,0,$X31*R43) -> 1281.2623 | S79: =IF($V31=0,0,$X31*S43) -> 1125.4331 | T79: =IF($V31=0,0,$X31*T43) -> 991.45299 | U79: =IF($V31=0,0,$X31*U43) -> 892.30769 | V79: =IF($V31=0,0,$X31*V43) -> 816.4907 | W79: =IF($V31=0,0,$X31*W43) -> 757.10956 | X79: =IF($V31=0,0,$X31*X43) -> 757.10956 | ... AF79: =IF($V31=0,0,$X31*AF43) -> 757.10956
O80: 500000 | P80: 35000000 | Q80: =IF($V32=0,0,$X32*Q44) -> 2602.5641 | R80: =IF($V32=0,0,$X32*R44) -> 2172.5753 | S80: =IF($V32=0,0,$X32*S44) -> 1850.7123 | T80: =IF($V32=0,0,$X32*T44) -> 1586.3248 | U80: =IF($V32=0,0,$X32*U44) -> 1452.5939 | V80: =IF($V32=0,0,$X32*V44) -> 1291.1946 | W80: =IF($V32=0,0,$X32*W44) -> 1189.7436 | X80: =IF($V32=0,0,$X32*X44) -> 1189.7436 | ... AF80: =IF($V32=0,0,$X32*AF44) -> 1189.7436
O81: 1000000 | P81: 70000000 | Q81: =IF($V33=0,0,$X33*Q45) -> 3855.6505 | R81: =IF($V33=0,0,$X33*R45) -> 3203.1558 | S81: =IF($V33=0,0,$X33*S45) -> 2776.0684 | T81: =IF($V33=0,0,$X33*T45) -> 2428.0481 | U81: =IF($V33=0,0,$X33*U45) -> 2168.8034 | V81: =IF($V33=0,0,$X33*V45) -> 1968.8428 | W81: =IF($V33=0,0,$X33*W45) -> 1810.4794 | X81: =IF($V33=0,0,$X33*X45) -> 1810.4794 | ... AF81: =IF($V33=0,0,$X33*AF45) -> 1810.4794

Sheet 旧版
A1: 基础金币/美金 | C1: 章节 | D1: 金币 | E1: 美金 | H1: 章节 | I1: 金币 | J1: 美金 | K1: 最大星级 | M1: 基础金币/美金 | O1: 底注 | P1: //筹码下限 | Q1: 一局消耗 | R1: 消耗美金 | S1: //卡包id1 | T1: //概率 | U1: 产出卡包 | V1: //卡包id2 | W1: //概率 | Y1: //卡包id3 | Z1: //概率 | AB1: 单局上限 | AC1: 平均小轮数 | AF1: set/star | AG1: 1 | AH1: 2 | AI1: 3 | AJ1: 4 | AK1: 5 | AL1: 6 | AM1: gold4 | AN1: gold5 | AO1: gold6 | AP1: 合计
A2: 250000 | C2: 1 | D2: 100000 | E2: =D2/$A$2 -> 0.4 | H2: 1 | I2: 100000 | J2: 0.4 | K2: 1 | M2: 250000 | O2: 1000 | P2: =O2*$M$4 -> 100000 | Q2: =O2*$M$4*$M$6 -> 10000 | R2: =Q2/$M$2 -> 0.04 | AB2: 1 | AC2: 14 | AF2: 1 | AG2: 8 | AH2: 0 | AI2: 0 | AJ2: 0 | AK2: 0 | AL2: 0 | AM2: 0 | AN2: 0 | AO2: 0 | AP2: 8
C3: 2 | D3: 150000 | E3: =D3/$A$2 -> 0.6 | H3: 2 | I3: 150000 | J3: 0.6 | K3: 2 | M3: 平均倍率 | O3: 3000 | P3: =O3*$M$4 -> 300000 | Q3: =O3*$M$4*$M$6 -> 30000 | R3: =Q3/$M$2 -> 0.12 | AB3: 1 | AC3: =AC2 -> 14 | AF3: 2 | AG3: 7 | AH3: 1 | AI3: 0 | AJ3: 0 | AK3: 0 | AL3: 0 | AM3: 0 | AN3: 0 | AO3: 0 | AP3: 8
C4: 3 | D4: 300000 | E4: =D4/$A$2 -> 1.2 | H4: 3 | I4: 300000 | J4: 1.2 | K4: 2 | M4: 100 | O4: 10000 | P4: =O4*$M$4 -> 1000000 | Q4: =O4*$M$4*$M$6 -> 100000 | R4: =Q4/$M$2 -> 0.4 | S4: 1 | T4: 750 | U4: =T4*$AC4/10000 -> 1.05 | AB4: 1 | AC4: =AC3 -> 14 | AD4: =SUM(T4+W4+Z4) -> 750 | AF4: 3 | AG4: 6 | AH4: 2 | AI4: 0 | AJ4: 0 | AK4: 0 | AL4: 0 | AM4: 0 | AN4: 0 | AO4: 0 | AP4: 8
C5: 4 | D5: 500000 | E5: =D5/$A$2 -> 2 | H5: 4 | I5: 500000 | J5: 2 | K5: 2 | M5: 抽水 | O5: 20000 | P5: =O5*$M$4 -> 2000000 | Q5: =O5*$M$4*$M$6 -> 200000 | R5: =Q5/$M$2 -> 0.8 | S5: 1 | T5: 400 | U5: =T5*$AC5/10000 -> 0.56 | V5: 2 | W5: 300 | X5: =W5*$AC5/10000 -> 0.42 | AB5: 1 | AC5: =AC4 -> 14 | AD5: =SUM(T5+W5+Z5) -> 700 | AF5: 4 | AG5: 4 | AH5: 4 | AI5: 0 | AJ5: 0 | AK5: 0 | AL5: 0 | AM5: 0 | AN5: 0 | AO5: 0 | AP5: 8
C6: 5 | D6: 1000000 | E6: =D6/$A$2 -> 4 | H6: 5 | I6: 1000000 | J6: 4 | K6: 2 | M6: 0.1 | O6: 50000 | P6: =O6*$M$4 -> 5000000 | Q6: =O6*$M$4*$M$6 -> 500000 | R6: =Q6/$M$2 -> 2 | S6: 2 | T6: 400 | U6: =T6*$AC6/10000 -> 0.56 | V6: 3 | W6: 400 | X6: =W6*$AC6/10000 -> 0.56 | Y6: 4 | Z6: 300 | AA6: =Z6*$AC6/10000 -> 0.42 | AB6: 1 | AC6: =AC5 -> 14 | AD6: =SUM(T6+W6+Z6) -> 1100 | AF6: 5 | AG6: 3 | AH6: 5 | AI6: 0 | AJ6: 0 | AK6: 0 | AL6: 0 | AM6: 0 | AN6: 0 | AO6: 0 | AP6: 8
C7: 6 | D7: 1200000 | E7: =D7/$A$2 -> 4.8 | H7: 6 | I7: 1200000 | J7: 4.8 | K7: 3 | O7: 100000 | P7: =O7*$M$4 -> 10000000 | Q7: =O7*$M$4*$M$6 -> 1000000 | R7: =Q7/$M$2 -> 4 | S7: 3 | T7: 300 | U7: =T7*$AC7/10000 -> 0.42 | V7: 4 | W7: 250 | X7: =W7*$AC7/10000 -> 0.35 | Y7: 5 | Z7: 200 | AA7: =Z7*$AC7/10000 -> 0.28 | AB7: 1 | AC7: =AC6 -> 14 | AD7: =SUM(T7+W7+Z7) -> 750 | AF7: 6 | AG7: 2 | AH7: 5 | AI7: 1 | AJ7: 0 | AK7: 0 | AL7: 0 | AM7: 0 | AN7: 0 | AO7: 0 | AP7: 8
C8: 7 | D8: 1500000 | E8: =D8/$A$2 -> 6 | H8: 7 | I8: 1500000 | J8: 6 | K8: 3 | O8: 200000 | P8: =O8*$M$4 -> 20000000 | Q8: =O8*$M$4*$M$6 -> 2000000 | R8: =Q8/$M$2 -> 8 | S8: 4 | T8: 300 | U8: =T8*$AC8/10000 -> 0.42 | V8: 5 | W8: 250 | X8: =W8*$AC8/10000 -> 0.35 | Y8: 6 | Z8: 200 | AA8: =Z8*$AC8/10000 -> 0.28 | AB8: 2 | AC8: =AC7 -> 14 | AD8: =SUM(T8+W8+Z8) -> 750 | AF8: 7 | AG8: 1 | AH8: 4 | AI8: 3 | AJ8: 0 | AK8: 0 | AL8: 0 | AM8: 0 | AN8: 0 | AO8: 0 | AP8: 8
C9: 8 | D9: 1800000 | E9: =D9/$A$2 -> 7.2 | H9: 8 | I9: 1800000 | J9: 7.2 | K9: 3 | O9: 500000 | P9: =O9*$M$4 -> 50000000 | Q9: =O9*$M$4*$M$6 -> 5000000 | R9: =Q9/$M$2 -> 20 | S9: 4 | T9: 350 | U9: =T9*$AC9/10000 -> 0.49 | V9: 5 | W9: 300 | X9: =W9*$AC9/10000 -> 0.42 | Y9: 6 | Z9: 250 | AA9: =Z9*$AC9/10000 -> 0.35 | AB9: 3 | AC9: =AC8 -> 14 | AD9: =SUM(T9+W9+Z9) -> 900 | AF9: 8 | AG9: 0 | AH9: 4 | AI9: 4 | AJ9: 0 | AK9: 0 | AL9: 0 | AM9: 0 | AN9: 0 | AO9: 0 | AP9: 8
C10: 9 | D10: 2000000 | E10: =D10/$A$2 -> 8 | H10: 9 | I10: 2000000 | J10: 8 | K10: 4 | O10: 1000000 | P10: =O10*$M$4 -> 100000000 | Q10: =O10*$M$4*$M$6 -> 10000000 | R10: =Q10/$M$2 -> 40 | S10: 4 | T10: 400 | U10: =T10*$AC10/10000 -> 0.56 | V10: 5 | W10: 350 | X10: =W10*$AC10/10000 -> 0.49 | Y10: 6 | Z10: 300 | AA10: =Z10*$AC10/10000 -> 0.42 | AB10: 4 | AC10: =AC9 -> 14 | AD10: =SUM(T10+W10+Z10) -> 1050 | AF10: 9 | AG10: 0 | AH10: 3 | AI10: 4 | AJ10: 1 | AK10: 0 | AL10: 0 | AM10: 0 | AN10: 0 | AO10: 0 | AP10: 8
C11: 10 | D11: 2500000 | E11: =D11/$A$2 -> 10 | H11: 10 | I11: 2500000 | J11: 10 | K11: 4 | AF11: 10 | AG11: 0 | AH11: 3 | AI11: 3 | AJ11: 2 | AK11: 0 | AL11: 0 | AM11: 0 | AN11: 0 | AO11: 0 | AP11: 8
C12: 11 | D12: 3000000 | E12: =D12/$A$2 -> 12 | H12: 11 | I12: 3000000 | J12: 12 | K12: 5 | M12: 单局产出卡包 | O12: 卡包数量 | P12: 1 | Q12: 2 | R12: 3 | S12: 4 | T12: 5 | U12: 6 | AF12: 11 | AG12: 0 | AH12: 1 | AI12: 4 | AJ12: 2 | AK12: 0 | AL12: 0 | AM12: 1 | AN12: 0 | AO12: 0 | AP12: 8
C13: 12 | D13: 3500000 | E13: =D13/$A$2 -> 14 | H13: 12 | I13: 3500000 | J13: 14 | K13: 5 | O13: 1000 | P13: =IF($S2=P$12,$U2,0)+IF($V2=P$12,$X2,0)+IF($Y2=P$12,$AA2,0) -> 0 | Q13: =IF($S2=Q$12,$U2,0)+IF($V2=Q$12,$X2,0)+IF($Y2=Q$12,$AA2,0) -> 0 | R13: =IF($S2=R$12,$U2,0)+IF($V2=R$12,$X2,0)+IF($Y2=R$12,$AA2,0) -> 0 | S13: =IF($S2=S$12,$U2,0)+IF($V2=S$12,$X2,0)+IF($Y2=S$12,$AA2,0) -> 0 | T13: =IF($S2=T$12,$U2,0)+IF($V2=T$12,$X2,0)+IF($Y2=T$12,$AA2,0) -> 0 | U13: =IF($S2=U$12,$U2,0)+IF($V2=U$12,$X2,0)+IF($Y2=U$12,$AA2,0) -> 0 | AF13: 12 | AG13: 0 | AH13: 1 | AI13: 3 | AJ13: 2 | AK13: 1 | AL13: 0 | AM13: 1 | AN13: 0 | AO13: 0 | AP13: 8
C14: 13 | D14: 5000000 | E14: =D14/$A$2 -> 20 | H14: 13 | I14: 5000000 | J14: 20 | K14: 5 | O14: 3000 | P14: =IF($S3=P$12,$U3,0)+IF($V3=P$12,$X3,0)+IF($Y3=P$12,$AA3,0) -> 0 | Q14: =IF($S3=Q$12,$U3,0)+IF($V3=Q$12,$X3,0)+IF($Y3=Q$12,$AA3,0) -> 0 | R14: =IF($S3=R$12,$U3,0)+IF($V3=R$12,$X3,0)+IF($Y3=R$12,$AA3,0) -> 0 | S14: =IF($S3=S$12,$U3,0)+IF($V3=S$12,$X3,0)+IF($Y3=S$12,$AA3,0) -> 0 | T14: =IF($S3=T$12,$U3,0)+IF($V3=T$12,$X3,0)+IF($Y3=T$12,$AA3,0) -> 0 | U14: =IF($S3=U$12,$U3,0)+IF($V3=U$12,$X3,0)+IF($Y3=U$12,$AA3,0) -> 0 | AF14: 13 | AG14: 0 | AH14: 1 | AI14: 2 | AJ14: 2 | AK14: 1 | AL14: 0 | AM14: 1 | AN14: 1 | AO14: 0 | AP14: 8
C15: 14 | D15: 7500000 | E15: =D15/$A$2 -> 30 | H15: 14 | I15: 7500000 | J15: 30 | K15: 5 | O15: 10000 | P15: =IF($S4=P$12,$U4,0)+IF($V4=P$12,$X4,0)+IF($Y4=P$12,$AA4,0) -> 1.05 | Q15: =IF($S4=Q$12,$U4,0)+IF($V4=Q$12,$X4,0)+IF($Y4=Q$12,$AA4,0) -> 0 | R15: =IF($S4=R$12,$U4,0)+IF($V4=R$12,$X4,0)+IF($Y4=R$12,$AA4,0) -> 0 | S15: =IF($S4=S$12,$U4,0)+IF($V4=S$12,$X4,0)+IF($Y4=S$12,$AA4,0) -> 0 | T15: =IF($S4=T$12,$U4,0)+IF($V4=T$12,$X4,0)+IF($Y4=T$12,$AA4,0) -> 0 | U15: =IF($S4=U$12,$U4,0)+IF($V4=U$12,$X4,0)+IF($Y4=U$12,$AA4,0) -> 0 | AF15: 14 | AG15: 0 | AH15: 0 | AI15: 2 | AJ15: 2 | AK15: 1 | AL15: 1 | AM15: 1 | AN15: 1 | AO15: 0 | AP15: 8
C16: 15 | D16: 10000000 | E16: =D16/$A$2 -> 40 | H16: 15 | I16: 10000000 | J16: 40 | K16: 6 | O16: 20000 | P16: =IF($S5=P$12,$U5,0)+IF($V5=P$12,$X5,0)+IF($Y5=P$12,$AA5,0) -> 0.56 | Q16: =IF($S5=Q$12,$U5,0)+IF($V5=Q$12,$X5,0)+IF($Y5=Q$12,$AA5,0) -> 0.42 | R16: =IF($S5=R$12,$U5,0)+IF($V5=R$12,$X5,0)+IF($Y5=R$12,$AA5,0) -> 0 | S16: =IF($S5=S$12,$U5,0)+IF($V5=S$12,$X5,0)+IF($Y5=S$12,$AA5,0) -> 0 | T16: =IF($S5=T$12,$U5,0)+IF($V5=T$12,$X5,0)+IF($Y5=T$12,$AA5,0) -> 0 | U16: =IF($S5=U$12,$U5,0)+IF($V5=U$12,$X5,0)+IF($Y5=U$12,$AA5,0) -> 0 | AF16: 15 | AG16: 0 | AH16: 0 | AI16: 1 | AJ16: 3 | AK16: 1 | AL16: 1 | AM16: 1 | AN16: 1 | AO16: 0 | AP16: 8
C17: 16 | D17: 12500000 | E17: =D17/$A$2 -> 50 | H17: 16 | I17: 12500000 | J17: 50 | K17: 6 | O17: 50000 | P17: =IF($S6=P$12,$U6,0)+IF($V6=P$12,$X6,0)+IF($Y6=P$12,$AA6,0) -> 0 | Q17: =IF($S6=Q$12,$U6,0)+IF($V6=Q$12,$X6,0)+IF($Y6=Q$12,$AA6,0) -> 0.56 | R17: =IF($S6=R$12,$U6,0)+IF($V6=R$12,$X6,0)+IF($Y6=R$12,$AA6,0) -> 0.56 | S17: =IF($S6=S$12,$U6,0)+IF($V6=S$12,$X6,0)+IF($Y6=S$12,$AA6,0) -> 0.42 | T17: =IF($S6=T$12,$U6,0)+IF($V6=T$12,$X6,0)+IF($Y6=T$12,$AA6,0) -> 0 | U17: =IF($S6=U$12,$U6,0)+IF($V6=U$12,$X6,0)+IF($Y6=U$12,$AA6,0) -> 0 | AF17: 16 | AG17: 0 | AH17: 0 | AI17: 1 | AJ17: 2 | AK17: 1 | AL17: 1 | AM17: 2 | AN17: 1 | AO17: 0 | AP17: 8
C18: 17 | D18: 15000000 | E18: =D18/$A$2 -> 60 | H18: 17 | I18: 15000000 | J18: 60 | K18: 6 | O18: 100000 | P18: =IF($S7=P$12,$U7,0)+IF($V7=P$12,$X7,0)+IF($Y7=P$12,$AA7,0) -> 0 | Q18: =IF($S7=Q$12,$U7,0)+IF($V7=Q$12,$X7,0)+IF($Y7=Q$12,$AA7,0) -> 0 | R18: =IF($S7=R$12,$U7,0)+IF($V7=R$12,$X7,0)+IF($Y7=R$12,$AA7,0) -> 0.42 | S18: =IF($S7=S$12,$U7,0)+IF($V7=S$12,$X7,0)+IF($Y7=S$12,$AA7,0) -> 0.35 | T18: =IF($S7=T$12,$U7,0)+IF($V7=T$12,$X7,0)+IF($Y7=T$12,$AA7,0) -> 0.28 | U18: =IF($S7=U$12,$U7,0)+IF($V7=U$12,$X7,0)+IF($Y7=U$12,$AA7,0) -> 0 | AF18: 17 | AG18: 0 | AH18: 0 | AI18: 1 | AJ18: 1 | AK18: 2 | AL18: 1 | AM18: 2 | AN18: 1 | AO18: 0 | AP18: 8
C19: 18 | D19: 17500000 | E19: =D19/$A$2 -> 70 | H19: 18 | I19: 17500000 | J19: 70 | K19: 6 | O19: 200000 | P19: =IF($S8=P$12,$U8,0)+IF($V8=P$12,$X8,0)+IF($Y8=P$12,$AA8,0) -> 0 | Q19: =IF($S8=Q$12,$U8,0)+IF($V8=Q$12,$X8,0)+IF($Y8=Q$12,$AA8,0) -> 0 | R19: =IF($S8=R$12,$U8,0)+IF($V8=R$12,$X8,0)+IF($Y8=R$12,$AA8,0) -> 0 | S19: =IF($S8=S$12,$U8,0)+IF($V8=S$12,$X8,0)+IF($Y8=S$12,$AA8,0) -> 0.42 | T19: =IF($S8=T$12,$U8,0)+IF($V8=T$12,$X8,0)+IF($Y8=T$12,$AA8,0) -> 0.35 | U19: =IF($S8=U$12,$U8,0)+IF($V8=U$12,$X8,0)+IF($Y8=U$12,$AA8,0) -> 0.28 | AF19: 18 | AG19: 0 | AH19: 0 | AI19: 1 | AJ19: 1 | AK19: 2 | AL19: 0 | AM19: 1 | AN19: 2 | AO19: 1 | AP19: 8
C20: 19 | D20: 20000000 | E20: =D20/$A$2 -> 80 | H20: 19 | I20: 20000000 | J20: 80 | K20: 6 | O20: 500000 | P20: =IF($S9=P$12,$U9,0)+IF($V9=P$12,$X9,0)+IF($Y9=P$12,$AA9,0) -> 0 | Q20: =IF($S9=Q$12,$U9,0)+IF($V9=Q$12,$X9,0)+IF($Y9=Q$12,$AA9,0) -> 0 | R20: =IF($S9=R$12,$U9,0)+IF($V9=R$12,$X9,0)+IF($Y9=R$12,$AA9,0) -> 0 | S20: =IF($S9=S$12,$U9,0)+IF($V9=S$12,$X9,0)+IF($Y9=S$12,$AA9,0) -> 0.49 | T20: =IF($S9=T$12,$U9,0)+IF($V9=T$12,$X9,0)+IF($Y9=T$12,$AA9,0) -> 0.42 | U20: =IF($S9=U$12,$U9,0)+IF($V9=U$12,$X9,0)+IF($Y9=U$12,$AA9,0) -> 0.35 | AF20: 19 | AG20: 0 | AH20: 0 | AI20: 0 | AJ20: 1 | AK20: 2 | AL20: 0 | AM20: 2 | AN20: 2 | AO20: 1 | AP20: 8
C21: all | D21: 35000000 | E21: =D21/$A$2 -> 140 | H21: all | I21: 35000000 | J21: 140 | K21: 6 | O21: 1000000 | P21: =IF($S10=P$12,$U10,0)+IF($V10=P$12,$X10,0)+IF($Y10=P$12,$AA10,0) -> 0 | Q21: =IF($S10=Q$12,$U10,0)+IF($V10=Q$12,$X10,0)+IF($Y10=Q$12,$AA10,0) -> 0 | R21: =IF($S10=R$12,$U10,0)+IF($V10=R$12,$X10,0)+IF($Y10=R$12,$AA10,0) -> 0 | S21: =IF($S10=S$12,$U10,0)+IF($V10=S$12,$X10,0)+IF($Y10=S$12,$AA10,0) -> 0.56 | T21: =IF($S10=T$12,$U10,0)+IF($V10=T$12,$X10,0)+IF($Y10=T$12,$AA10,0) -> 0.49 | U21: =IF($S10=U$12,$U10,0)+IF($V10=U$12,$X10,0)+IF($Y10=U$12,$AA10,0) -> 0.42 | AF21: 合计 | AG21: 31 | AH21: 34 | AI21: 30 | AJ21: 19 | AK21: 11 | AL21: 4 | AM21: 12 | AN21: 9 | AO21: 2 | AP21: 152
C22: 基础 | D22: =SUM(D2:D21) -> 140050000 | E22: =SUM(E2:E21) -> 560.2 | H22: 基础 | I22: 140050000 | J22: 560.2
M23: 需要牌局数 | O23: 星级 | P23: 1 | Q23: 2 | R23: 3 | S23: 4 | T23: 5 | U23: 6
O24: 需要开卡次数 | P24: 25 | Q24: 50 | R24: 50 | S24: 50 | T24: 50 | U24: 40 | V24: 集满奖励 | W24: 集满美金 | X24: 最低牌局数
H25: 卡包 | I25: 需要开卡次数 | J25: 卡包价值 | O25: 1000 | P25: =IF(P13=0,0,P$24/P13) -> 0 | Q25: =IF(Q13=0,0,Q$24/Q13) -> 0 | R25: =IF(R13=0,0,R$24/R13) -> 0 | S25: =IF(S13=0,0,S$24/S13) -> 0 | T25: =IF(T13=0,0,T$24/T13) -> 0 | U25: =IF(U13=0,0,U$24/U13) -> 0 | V25: =IF(U25>0,SUMIF($K$2:$K$21,"<="&$U$23,$I$2:I20),IF(T25>0,SUMIF($K$2:$K$21,"<="&$T$23,$I$2:I20),IF(S25>0,SUMIF($K$2:$K$21,"<="&$S$23,$I$2:I20),IF(R25>0,SUMIF($K$2:$K$21,"<="&$R$23,$I$2:I20),IF(Q25>0,SUMIF($K$2:$K$21,"<="&$Q$23,$I$2:I20),IF(P25>0,SUMIF($K$2:$K$21,"<="&$P$23,$I$2:I20),0)))))) -> 0 | W25: =V25/$M$2 -> 0 | X25: =IF(U25>0,U25,IF(T25>0,T25,IF(S25>0,S25,IF(R25>0,R25,IF(Q25>0,Q25,P25))))) -> 0
H26: 1 | I26: 25 | J26: =SUMIF($K$2:$K$21,"<="&H26,$I$2:$I$22)/I26/$M$2 -> 0.016 | O26: 3000 | P26: =IF(P14=0,0,P$24/P14) -> 0 | Q26: =IF(Q14=0,0,Q$24/Q14) -> 0 | R26: =IF(R14=0,0,R$24/R14) -> 0 | S26: =IF(S14=0,0,S$24/S14) -> 0 | T26: =IF(T14=0,0,T$24/T14) -> 0 | U26: =IF(U14=0,0,U$24/U14) -> 0 | V26: =IF(U26>0,SUMIF($K$2:$K$21,"<="&$U$23,$I$2:I21),IF(T26>0,SUMIF($K$2:$K$21,"<="&$T$23,$I$2:I21),IF(S26>0,SUMIF($K$2:$K$21,"<="&$S$23,$I$2:I21),IF(R26>0,SUMIF($K$2:$K$21,"<="&$R$23,$I$2:I21),IF(Q26>0,SUMIF($K$2:$K$21,"<="&$Q$23,$I$2:I21),IF(P26>0,SUMIF($K$2:$K$21,"<="&$P$23,$I$2:I21),0)))))) -> 0 | W26: =V26/$M$2 -> 0 | X26: =IF(U26>0,U26,IF(T26>0,T26,IF(S26>0,S26,IF(R26>0,R26,IF(Q26>0,Q26,P26))))) -> 0
H27: 2 | I27: 50 | J27: =SUMIF($K$2:$K$21,"<="&H27,$I$2:$I$22)/I27/$M$2 -> 0.164 | O27: 10000 | P27: =IF(P15=0,0,P$24/P15) -> 23.809524 | Q27: =IF(Q15=0,0,Q$24/Q15) -> 0 | R27: =IF(R15=0,0,R$24/R15) -> 0 | S27: =IF(S15=0,0,S$24/S15) -> 0 | T27: =IF(T15=0,0,T$24/T15) -> 0 | U27: =IF(U15=0,0,U$24/U15) -> 0 | V27: =IF(U27>0,SUMIF($K$2:$K$21,"<="&$U$23,$I$2:$I$21),IF(T27>0,SUMIF($K$2:$K$21,"<="&$T$23,$I$2:$I$21),IF(S27>0,SUMIF($K$2:$K$21,"<="&$S$23,$I$2:$I$21),IF(R27>0,SUMIF($K$2:$K$21,"<="&$R$23,$I$2:$I$21),IF(Q27>0,SUMIF($K$2:$K$21,"<="&$Q$23,$I$2:$I$21),IF(P27>0,SUMIF($K$2:$K$21,"<="&$P$23,$I$2:$I$21),0)))))) -> 100000 | W27: =V27/$M$2 -> 0.4 | X27: =IF(U27>0,U27,IF(T27>0,T27,IF(S27>0,S27,IF(R27>0,R27,IF(Q27>0,Q27,P27))))) -> 23.809524
H28: 3 | I28: 50 | J28: =SUMIF($K$2:$K$21,"<="&H28,$I$2:$I$22)/I28/$M$2 -> 0.524 | O28: 20000 | P28: =IF(P16=0,0,P$24/P16) -> 44.642857 | Q28: =IF(Q16=0,0,Q$24/Q16) -> 119.04762 | R28: =IF(R16=0,0,R$24/R16) -> 0 | S28: =IF(S16=0,0,S$24/S16) -> 0 | T28: =IF(T16=0,0,T$24/T16) -> 0 | U28: =IF(U16=0,0,U$24/U16) -> 0 | V28: =IF(U28>0,SUMIF($K$2:$K$21,"<="&$U$23,$I$2:$I$21),IF(T28>0,SUMIF($K$2:$K$21,"<="&$T$23,$I$2:$I$21),IF(S28>0,SUMIF($K$2:$K$21,"<="&$S$23,$I$2:$I$21),IF(R28>0,SUMIF($K$2:$K$21,"<="&$R$23,$I$2:$I$21),IF(Q28>0,SUMIF($K$2:$K$21,"<="&$Q$23,$I$2:$I$21),IF(P28>0,SUMIF($K$2:$K$21,"<="&$P$23,$I$2:$I$21),0)))))) -> 2050000 | W28: =V28/$M$2 -> 8.2 | X28: =IF(U28>0,U28,IF(T28>0,T28,IF(S28>0,S28,IF(R28>0,R28,IF(Q28>0,Q28,P28))))) -> 119.04762
H29: 4 | I29: 50 | J29: =SUMIF($K$2:$K$21,"<="&H29,$I$2:$I$22)/I29/$M$2 -> 0.884 | O29: 50000 | P29: =IF(P17=0,0,P$24/P17) -> 0 | Q29: =IF(Q17=0,0,Q$24/Q17) -> 89.285714 | R29: =IF(R17=0,0,R$24/R17) -> 89.285714 | S29: =IF(S17=0,0,S$24/S17) -> 119.04762 | T29: =IF(T17=0,0,T$24/T17) -> 0 | U29: =IF(U17=0,0,U$24/U17) -> 0 | V29: =IF(U29>0,SUMIF($K$2:$K$21,"<="&$U$23,$I$2:$I$21),IF(T29>0,SUMIF($K$2:$K$21,"<="&$T$23,$I$2:$I$21),IF(S29>0,SUMIF($K$2:$K$21,"<="&$S$23,$I$2:$I$21),IF(R29>0,SUMIF($K$2:$K$21,"<="&$R$23,$I$2:$I$21),IF(Q29>0,SUMIF($K$2:$K$21,"<="&$Q$23,$I$2:$I$21),IF(P29>0,SUMIF($K$2:$K$21,"<="&$P$23,$I$2:$I$21),0)))))) -> 11050000 | W29: =V29/$M$2 -> 44.2 | X29: =IF(U29>0,U29,IF(T29>0,T29,IF(S29>0,S29,IF(R29>0,R29,IF(Q29>0,Q29,P29))))) -> 119.04762
H30: 5 | I30: 50 | J30: =SUMIF($K$2:$K$21,"<="&H30,$I$2:$I$22)/I30/$M$2 -> 2.404 | O30: 100000 | P30: =IF(P18=0,0,P$24/P18) -> 0 | Q30: =IF(Q18=0,0,Q$24/Q18) -> 0 | R30: =IF(R18=0,0,R$24/R18) -> 119.04762 | S30: =IF(S18=0,0,S$24/S18) -> 142.85714 | T30: =IF(T18=0,0,T$24/T18) -> 178.57143 | U30: =IF(U18=0,0,U$24/U18) -> 0 | V30: =IF(U30>0,SUMIF($K$2:$K$21,"<="&$U$23,$I$2:$I$21),IF(T30>0,SUMIF($K$2:$K$21,"<="&$T$23,$I$2:$I$21),IF(S30>0,SUMIF($K$2:$K$21,"<="&$S$23,$I$2:$I$21),IF(R30>0,SUMIF($K$2:$K$21,"<="&$R$23,$I$2:$I$21),IF(Q30>0,SUMIF($K$2:$K$21,"<="&$Q$23,$I$2:$I$21),IF(P30>0,SUMIF($K$2:$K$21,"<="&$P$23,$I$2:$I$21),0)))))) -> 30050000 | W30: =V30/$M$2 -> 120.2 | X30: =IF(U30>0,U30,IF(T30>0,T30,IF(S30>0,S30,IF(R30>0,R30,IF(Q30>0,Q30,P30))))) -> 178.57143
H31: 6 | I31: 40 | J31: =SUMIF($K$2:$K$21,"="&H31,$I$2:$I$22)/I31/$M$2 -> 11 | O31: 200000 | P31: =IF(P19=0,0,P$24/P19) -> 0 | Q31: =IF(Q19=0,0,Q$24/Q19) -> 0 | R31: =IF(R19=0,0,R$24/R19) -> 0 | S31: =IF(S19=0,0,S$24/S19) -> 119.04762 | T31: =IF(T19=0,0,T$24/T19) -> 142.85714 | U31: =IF(U19=0,0,U$24/U19) -> 142.85714 | V31: =IF(U31>0,SUMIF($K$2:$K$21,"<="&$U$23,$I$2:$I$21),IF(T31>0,SUMIF($K$2:$K$21,"<="&$T$23,$I$2:$I$21),IF(S31>0,SUMIF($K$2:$K$21,"<="&$S$23,$I$2:$I$21),IF(R31>0,SUMIF($K$2:$K$21,"<="&$R$23,$I$2:$I$21),IF(Q31>0,SUMIF($K$2:$K$21,"<="&$Q$23,$I$2:$I$21),IF(P31>0,SUMIF($K$2:$K$21,"<="&$P$23,$I$2:$I$21),0)))))) -> 140050000 | W31: =V31/$M$2 -> 560.2 | X31: =IF(U31>0,U31,IF(T31>0,T31,IF(S31>0,S31,IF(R31>0,R31,IF(Q31>0,Q31,P31))))) -> 142.85714
O32: 500000 | P32: =IF(P20=0,0,P$24/P20) -> 0 | Q32: =IF(Q20=0,0,Q$24/Q20) -> 0 | R32: =IF(R20=0,0,R$24/R20) -> 0 | S32: =IF(S20=0,0,S$24/S20) -> 102.04082 | T32: =IF(T20=0,0,T$24/T20) -> 119.04762 | U32: =IF(U20=0,0,U$24/U20) -> 114.28571 | V32: =IF(U32>0,SUMIF($K$2:$K$21,"<="&$U$23,$I$2:$I$21),IF(T32>0,SUMIF($K$2:$K$21,"<="&$T$23,$I$2:$I$21),IF(S32>0,SUMIF($K$2:$K$21,"<="&$S$23,$I$2:$I$21),IF(R32>0,SUMIF($K$2:$K$21,"<="&$R$23,$I$2:$I$21),IF(Q32>0,SUMIF($K$2:$K$21,"<="&$Q$23,$I$2:$I$21),IF(P32>0,SUMIF($K$2:$K$21,"<="&$P$23,$I$2:$I$21),0)))))) -> 140050000 | W32: =V32/$M$2 -> 560.2 | X32: =IF(U32>0,U32,IF(T32>0,T32,IF(S32>0,S32,IF(R32>0,R32,IF(Q32>0,Q32,P32))))) -> 114.28571
O33: 1000000 | P33: =IF(P21=0,0,P$24/P21) -> 0 | Q33: =IF(Q21=0,0,Q$24/Q21) -> 0 | R33: =IF(R21=0,0,R$24/R21) -> 0 | S33: =IF(S21=0,0,S$24/S21) -> 89.285714 | T33: =IF(T21=0,0,T$24/T21) -> 102.04082 | U33: =IF(U21=0,0,U$24/U21) -> 95.238095 | V33: =IF(U33>0,SUMIF($K$2:$K$21,"<="&$U$23,$I$2:$I$21),IF(T33>0,SUMIF($K$2:$K$21,"<="&$T$23,$I$2:$I$21),IF(S33>0,SUMIF($K$2:$K$21,"<="&$S$23,$I$2:$I$21),IF(R33>0,SUMIF($K$2:$K$21,"<="&$R$23,$I$2:$I$21),IF(Q33>0,SUMIF($K$2:$K$21,"<="&$Q$23,$I$2:$I$21),IF(P33>0,SUMIF($K$2:$K$21,"<="&$P$23,$I$2:$I$21),0)))))) -> 140050000 | W33: =V33/$M$2 -> 560.2 | X33: =IF(U33>0,U33,IF(T33>0,T33,IF(S33>0,S33,IF(R33>0,R33,IF(Q33>0,Q33,P33))))) -> 95.238095
M35: 入场花费美金 | Q35: 250000 | R35: 375000 | S35: 500000 | T35: 600000 | U35: 675000 | V35: 750000 | W35: 800000 | X35: 850000 | Y35: 900000 | Z35: 950000 | AA35: 1000000 | AB35: 1050000 | AC35: 1100000 | AD35: 1150000 | AE35: 1200000 | AF35: 1250000
O36: 底注 | P36: 一局金币 | Q36: 0 | R36: 1 | S36: 2 | T36: 3 | U36: 4 | V36: 5 | W36: 6 | X36: 7 | Y36: 8 | Z36: 9 | AA36: 10 | AB36: 11 | AC36: 12 | AD36: 13 | AE36: 14 | AF36: 15
O37: 1000 | P37: =Q2 -> 10000 | Q37: 0.07 | R37: 0.056 | S37: 0.046666667 | T37: 0.04 | U37: 0.035 | V37: 0.031111111 | W37: 0.028 | X37: 0.028 | Y37: 0.028 | Z37: 0.028 | AA37: 0.028 | AB37: 0.028 | AC37: 0.028 | AD37: 0.028 | AE37: 0.028 | AF37: 0.028
O38: 3000 | P38: =Q3 -> 30000 | Q38: 0.21 | R38: 0.168 | S38: 0.14 | T38: 0.12 | U38: 0.105 | V38: 0.093333333 | W38: 0.084 | X38: 0.084 | Y38: 0.084 | Z38: 0.084 | AA38: 0.084 | AB38: 0.084 | AC38: 0.084 | AD38: 0.084 | AE38: 0.084 | AF38: 0.084
O39: 10000 | P39: =Q4 -> 100000 | Q39: 0.7 | R39: 0.56 | S39: 0.46666667 | T39: 0.4 | U39: 0.35 | V39: 0.31111111 | W39: 0.28 | X39: 0.28 | Y39: 0.28 | Z39: 0.28 | AA39: 0.28 | AB39: 0.28 | AC39: 0.28 | AD39: 0.28 | AE39: 0.28 | AF39: 0.28
O40: 20000 | P40: =Q5 -> 200000 | Q40: 1.4 | R40: 1.12 | S40: 0.93333333 | T40: 0.8 | U40: 0.7 | V40: 0.62222222 | W40: 0.56 | X40: 0.56 | Y40: 0.56 | Z40: 0.56 | AA40: 0.56 | AB40: 0.56 | AC40: 0.56 | AD40: 0.56 | AE40: 0.56 | AF40: 0.56
O41: 50000 | P41: =Q6 -> 500000 | Q41: 3.2741935 | R41: 2.7066667 | S41: 2.2555556 | T41: 1.9333333 | U41: 1.75 | V41: 1.5555556 | W41: 1.4 | X41: 1.4 | Y41: 1.4 | Z41: 1.4 | AA41: 1.4 | AB41: 1.4 | AC41: 1.4 | AD41: 1.4 | AE41: 1.4 | AF41: 1.4
O42: 100000 | P42: =Q7 -> 1000000 | Q42: 5.8 | R42: 4.9212121 | S42: 4.2291667 | T42: 3.625 | U42: 3.2741935 | V42: 2.9103943 | W42: 2.7066667 | X42: 2.7066667 | Y42: 2.7066667 | Z42: 2.7066667 | AA42: 2.7066667 | AB42: 2.7066667 | AC42: 2.7066667 | AD42: 2.7066667 | AE42: 2.7066667 | AF42: 2.7066667
O43: 200000 | P43: =Q8 -> 2000000 | Q43: 9.6666667 | R43: 8.3282051 | S43: 7.3153153 | T43: 6.4444444 | U43: 5.8 | V43: 5.3071895 | W43: 4.9212121 | X43: 4.9212121 | Y43: 4.9212121 | Z43: 4.9212121 | AA43: 4.9212121 | AB43: 4.9212121 | AC43: 4.9212121 | AD43: 4.9212121 | AE43: 4.9212121 | AF43: 4.9212121
O44: 500000 | P44: =Q9 -> 5000000 | Q44: 21.145833 | R44: 17.652174 | S44: 15.037037 | T44: 12.888889 | U44: 11.802326 | V44: 10.490956 | W44: 9.6666667 | X44: 9.6666667 | Y44: 9.6666667 | Z44: 9.6666667 | AA44: 9.6666667 | AB44: 9.6666667 | AC44: 9.6666667 | AD44: 9.6666667 | AE44: 9.6666667 | AF44: 9.6666667
O45: 1000000 | P45: =Q10 -> 10000000 | Q45: 37.592593 | R45: 31.230769 | S45: 27.066667 | T45: 23.673469 | U45: 21.145833 | V45: 19.196217 | W45: 17.652174 | X45: 17.652174 | Y45: 17.652174 | Z45: 17.652174 | AA45: 17.652174 | AB45: 17.652174 | AC45: 17.652174 | AD45: 17.652174 | AE45: 17.652174 | AF45: 17.652174
M47: 消费返还 | Q47: 250000 | R47: 375000 | S47: 500000 | T47: 600000 | U47: 675000 | V47: 750000 | W47: 800000 | X47: 850000 | Y47: 900000 | Z47: 950000 | AA47: 1000000 | AB47: 1050000 | AC47: 1100000 | AD47: 1150000 | AE47: 1200000 | AF47: 1250000
O48: 底注 | P48: 一局金币 | Q48: 0 | R48: 1 | S48: 2 | T48: 3 | U48: 4 | V48: 5 | W48: 6 | X48: 7 | Y48: 8 | Z48: 9 | AA48: 10 | AB48: 11 | AC48: 12 | AD48: 13 | AE48: 14 | AF48: 15
O49: 1000 | P49: =P37 -> 10000 | Q49: =IF($V25=0,0,$V25/$M$2/($X25*Q37))*Q$47/$Q$47 -> 0 | R49: =IF($V25=0,0,$V25/$M$2/($X25*R37))*R$47/$Q$47 -> 0 | S49: =IF($V25=0,0,$V25/$M$2/($X25*S37))*S$47/$Q$47 -> 0 | T49: =IF($V25=0,0,$V25/$M$2/($X25*T37))*T$47/$Q$47 -> 0 | U49: =IF($V25=0,0,$V25/$M$2/($X25*U37))*U$47/$Q$47 -> 0 | V49: =IF($V25=0,0,$V25/$M$2/($X25*V37))*V$47/$Q$47 -> 0 | W49: =IF($V25=0,0,$V25/$M$2/($X25*W37))*W$47/$Q$47 -> 0 | X49: =IF($V25=0,0,$V25/$M$2/($X25*X37))*X$47/$Q$47 -> 0 | ... AF49: =IF($V25=0,0,$V25/$M$2/($X25*AF37))*AF$47/$Q$47 -> 0
O50: 3000 | P50: =P38 -> 30000 | Q50: =IF($V26=0,0,$V26/$M$2/($X26*Q38))*Q$47/$Q$47 -> 0 | R50: =IF($V26=0,0,$V26/$M$2/($X26*R38))*R$47/$Q$47 -> 0 | S50: =IF($V26=0,0,$V26/$M$2/($X26*S38))*S$47/$Q$47 -> 0 | T50: =IF($V26=0,0,$V26/$M$2/($X26*T38))*T$47/$Q$47 -> 0 | U50: =IF($V26=0,0,$V26/$M$2/($X26*U38))*U$47/$Q$47 -> 0 | V50: =IF($V26=0,0,$V26/$M$2/($X26*V38))*V$47/$Q$47 -> 0 | W50: =IF($V26=0,0,$V26/$M$2/($X26*W38))*W$47/$Q$47 -> 0 | X50: =IF($V26=0,0,$V26/$M$2/($X26*X38))*X$47/$Q$47 -> 0 | ... AF50: =IF($V26=0,0,$V26/$M$2/($X26*AF38))*AF$47/$Q$47 -> 0
O51: 10000 | P51: =P39 -> 100000 | Q51: =IF($V27=0,0,$V27/$M$2/($X27*Q39))*Q$47/$Q$47 -> 0.024 | R51: =IF($V27=0,0,$V27/$M$2/($X27*R39))*R$47/$Q$47 -> 0.045 | S51: =IF($V27=0,0,$V27/$M$2/($X27*S39))*S$47/$Q$47 -> 0.072 | T51: =IF($V27=0,0,$V27/$M$2/($X27*T39))*T$47/$Q$47 -> 0.1008 | U51: =IF($V27=0,0,$V27/$M$2/($X27*U39))*U$47/$Q$47 -> 0.1296 | V51: =IF($V27=0,0,$V27/$M$2/($X27*V39))*V$47/$Q$47 -> 0.162 | W51: =IF($V27=0,0,$V27/$M$2/($X27*W39))*W$47/$Q$47 -> 0.192 | X51: =IF($V27=0,0,$V27/$M$2/($X27*X39))*X$47/$Q$47 -> 0.204 | ... AF51: =IF($V27=0,0,$V27/$M$2/($X27*AF39))*AF$47/$Q$47 -> 0.3
O52: 20000 | P52: =P40 -> 200000 | Q52: =IF($V28=0,0,$V28/$M$2/($X28*Q40))*Q$47/$Q$47 -> 0.0492 | R52: =IF($V28=0,0,$V28/$M$2/($X28*R40))*R$47/$Q$47 -> 0.09225 | S52: =IF($V28=0,0,$V28/$M$2/($X28*S40))*S$47/$Q$47 -> 0.1476 | T52: =IF($V28=0,0,$V28/$M$2/($X28*T40))*T$47/$Q$47 -> 0.20664 | U52: =IF($V28=0,0,$V28/$M$2/($X28*U40))*U$47/$Q$47 -> 0.26568 | V52: =IF($V28=0,0,$V28/$M$2/($X28*V40))*V$47/$Q$47 -> 0.3321 | W52: =IF($V28=0,0,$V28/$M$2/($X28*W40))*W$47/$Q$47 -> 0.3936 | X52: =IF($V28=0,0,$V28/$M$2/($X28*X40))*X$47/$Q$47 -> 0.4182 | ... AF52: =IF($V28=0,0,$V28/$M$2/($X28*AF40))*AF$47/$Q$47 -> 0.615
O53: 50000 | P53: =P41 -> 500000 | Q53: =IF($V29=0,0,$V29/$M$2/($X29*Q41))*Q$47/$Q$47 -> 0.11339586 | R53: =IF($V29=0,0,$V29/$M$2/($X29*R41))*R$47/$Q$47 -> 0.20575862 | S53: =IF($V29=0,0,$V29/$M$2/($X29*S41))*S$47/$Q$47 -> 0.32921379 | T53: =IF($V29=0,0,$V29/$M$2/($X29*T41))*T$47/$Q$47 -> 0.46089931 | U53: =IF($V29=0,0,$V29/$M$2/($X29*U41))*U$47/$Q$47 -> 0.572832 | V53: =IF($V29=0,0,$V29/$M$2/($X29*V41))*V$47/$Q$47 -> 0.71604 | W53: =IF($V29=0,0,$V29/$M$2/($X29*W41))*W$47/$Q$47 -> 0.84864 | X53: =IF($V29=0,0,$V29/$M$2/($X29*X41))*X$47/$Q$47 -> 0.90168 | ... AF53: =IF($V29=0,0,$V29/$M$2/($X29*AF41))*AF$47/$Q$47 -> 1.326
O54: 100000 | P54: =P42 -> 1000000 | Q54: =IF($V30=0,0,$V30/$M$2/($X30*Q42))*Q$47/$Q$47 -> 0.11605517 | R54: =IF($V30=0,0,$V30/$M$2/($X30*R42))*R$47/$Q$47 -> 0.20516897 | S54: =IF($V30=0,0,$V30/$M$2/($X30*S42))*S$47/$Q$47 -> 0.31832276 | T54: =IF($V30=0,0,$V30/$M$2/($X30*T42))*T$47/$Q$47 -> 0.44565186 | U54: =IF($V30=0,0,$V30/$M$2/($X30*U42))*U$47/$Q$47 -> 0.55507531 | V54: =IF($V30=0,0,$V30/$M$2/($X30*V42))*V$47/$Q$47 -> 0.69384414 | W54: =IF($V30=0,0,$V30/$M$2/($X30*W42))*W$47/$Q$47 -> 0.7958069 | X54: =IF($V30=0,0,$V30/$M$2/($X30*X42))*X$47/$Q$47 -> 0.84554483 | ... AF54: =IF($V30=0,0,$V30/$M$2/($X30*AF42))*AF$47/$Q$47 -> 1.2434483
O55: 200000 | P55: =P43 -> 2000000 | Q55: =IF($V31=0,0,$V31/$M$2/($X31*Q43))*Q$47/$Q$47 -> 0.40566207 | R55: =IF($V31=0,0,$V31/$M$2/($X31*R43))*R$47/$Q$47 -> 0.70628664 | S55: =IF($V31=0,0,$V31/$M$2/($X31*S43))*S$47/$Q$47 -> 1.0721069 | T55: =IF($V31=0,0,$V31/$M$2/($X31*T43))*T$47/$Q$47 -> 1.4603834 | U55: =IF($V31=0,0,$V31/$M$2/($X31*U43))*U$47/$Q$47 -> 1.8254793 | V55: =IF($V31=0,0,$V31/$M$2/($X31*V43))*V$47/$Q$47 -> 2.2166534 | W55: =IF($V31=0,0,$V31/$M$2/($X31*W43))*W$47/$Q$47 -> 2.5498759 | X55: =IF($V31=0,0,$V31/$M$2/($X31*X43))*X$47/$Q$47 -> 2.7092431 | ... AF55: =IF($V31=0,0,$V31/$M$2/($X31*AF43))*AF$47/$Q$47 -> 3.984181
O56: 500000 | P56: =P44 -> 5000000 | Q56: =IF($V32=0,0,$V32/$M$2/($X32*Q44))*Q$47/$Q$47 -> 0.2318069 | R56: =IF($V32=0,0,$V32/$M$2/($X32*R44))*R$47/$Q$47 -> 0.41652802 | S56: =IF($V32=0,0,$V32/$M$2/($X32*S44))*S$47/$Q$47 -> 0.6519569 | T56: =IF($V32=0,0,$V32/$M$2/($X32*T44))*T$47/$Q$47 -> 0.91273966 | U56: =IF($V32=0,0,$V32/$M$2/($X32*U44))*U$47/$Q$47 -> 1.1213659 | V56: =IF($V32=0,0,$V32/$M$2/($X32*V44))*V$47/$Q$47 -> 1.4017073 | W56: =IF($V32=0,0,$V32/$M$2/($X32*W44))*W$47/$Q$47 -> 1.6226483 | X56: =IF($V32=0,0,$V32/$M$2/($X32*X44))*X$47/$Q$47 -> 1.7240638 | ... AF56: =IF($V32=0,0,$V32/$M$2/($X32*AF44))*AF$47/$Q$47 -> 2.5353879
O57: 1000000 | P57: =P45 -> 10000000 | Q57: =IF($V33=0,0,$V33/$M$2/($X33*Q45))*Q$47/$Q$47 -> 0.15646966 | R57: =IF($V33=0,0,$V33/$M$2/($X33*R45))*R$47/$Q$47 -> 0.28251466 | S57: =IF($V33=0,0,$V33/$M$2/($X33*S45))*S$47/$Q$47 -> 0.43463793 | T57: =IF($V33=0,0,$V33/$M$2/($X33*T45))*T$47/$Q$47 -> 0.59632324 | U57: =IF($V33=0,0,$V33/$M$2/($X33*U45))*U$47/$Q$47 -> 0.75105434 | V57: =IF($V33=0,0,$V33/$M$2/($X33*V45))*V$47/$Q$47 -> 0.91925922 | W57: =IF($V33=0,0,$V33/$M$2/($X33*W45))*W$47/$Q$47 -> 1.0663117 | X57: =IF($V33=0,0,$V33/$M$2/($X33*X45))*X$47/$Q$47 -> 1.1329562 | ... AF57: =IF($V33=0,0,$V33/$M$2/($X33*AF45))*AF$47/$Q$47 -> 1.6661121
M59: 消耗返还 | Q59: 250000 | R59: 375000 | S59: 500000 | T59: 600000 | U59: 675000 | V59: 750000 | W59: 800000 | X59: 850000 | Y59: 900000 | Z59: 950000 | AA59: 1000000 | AB59: 1050000 | AC59: 1100000 | AD59: 1150000 | AE59: 1200000 | AF59: 1250000
O60: 底注 | P60: 一局金币 | Q60: 0 | R60: 1 | S60: 2 | T60: 3 | U60: 4 | V60: 5 | W60: 6 | X60: 7 | Y60: 8 | Z60: 9 | AA60: 10 | AB60: 11 | AC60: 12 | AD60: 13 | AE60: 14 | AF60: 15
O61: 1000 | P61: =P49 -> 10000 | Q61: =IF($V25=0,0,$V25/($X25*$Q2))*Q$47/$Q$47 -> 0 | R61: =IF($V25=0,0,$V25/($X25*$Q2))*R$47/$Q$47 -> 0 | S61: =IF($V25=0,0,$V25/($X25*$Q2))*S$47/$Q$47 -> 0 | T61: =IF($V25=0,0,$V25/($X25*$Q2))*T$47/$Q$47 -> 0 | U61: =IF($V25=0,0,$V25/($X25*$Q2))*U$47/$Q$47 -> 0 | V61: =IF($V25=0,0,$V25/($X25*$Q2))*V$47/$Q$47 -> 0 | W61: =IF($V25=0,0,$V25/($X25*$Q2))*W$47/$Q$47 -> 0 | X61: =IF($V25=0,0,$V25/($X25*$Q2))*X$47/$Q$47 -> 0 | ... AF61: =IF($V25=0,0,$V25/($X25*$Q2))*AF$47/$Q$47 -> 0
O62: 3000 | P62: =P50 -> 30000 | Q62: =IF($V26=0,0,$V26/($X26*$Q3))*Q$47/$Q$47 -> 0 | R62: =IF($V26=0,0,$V26/($X26*$Q3))*R$47/$Q$47 -> 0 | S62: =IF($V26=0,0,$V26/($X26*$Q3))*S$47/$Q$47 -> 0 | T62: =IF($V26=0,0,$V26/($X26*$Q3))*T$47/$Q$47 -> 0 | U62: =IF($V26=0,0,$V26/($X26*$Q3))*U$47/$Q$47 -> 0 | V62: =IF($V26=0,0,$V26/($X26*$Q3))*V$47/$Q$47 -> 0 | W62: =IF($V26=0,0,$V26/($X26*$Q3))*W$47/$Q$47 -> 0 | X62: =IF($V26=0,0,$V26/($X26*$Q3))*X$47/$Q$47 -> 0 | ... AF62: =IF($V26=0,0,$V26/($X26*$Q3))*AF$47/$Q$47 -> 0
O63: 10000 | P63: =P51 -> 100000 | Q63: =IF($V27=0,0,$V27/($X27*$Q4))*Q$47/$Q$47 -> 0.042 | R63: =IF($V27=0,0,$V27/($X27*$Q4))*R$47/$Q$47 -> 0.063 | S63: =IF($V27=0,0,$V27/($X27*$Q4))*S$47/$Q$47 -> 0.084 | T63: =IF($V27=0,0,$V27/($X27*$Q4))*T$47/$Q$47 -> 0.1008 | U63: =IF($V27=0,0,$V27/($X27*$Q4))*U$47/$Q$47 -> 0.1134 | V63: =IF($V27=0,0,$V27/($X27*$Q4))*V$47/$Q$47 -> 0.126 | W63: =IF($V27=0,0,$V27/($X27*$Q4))*W$47/$Q$47 -> 0.1344 | X63: =IF($V27=0,0,$V27/($X27*$Q4))*X$47/$Q$47 -> 0.1428 | ... AF63: =IF($V27=0,0,$V27/($X27*$Q4))*AF$47/$Q$47 -> 0.21
O64: 20000 | P64: =P52 -> 200000 | Q64: =IF($V28=0,0,$V28/($X28*$Q5))*Q$47/$Q$47 -> 0.0861 | R64: =IF($V28=0,0,$V28/($X28*$Q5))*R$47/$Q$47 -> 0.12915 | S64: =IF($V28=0,0,$V28/($X28*$Q5))*S$47/$Q$47 -> 0.1722 | T64: =IF($V28=0,0,$V28/($X28*$Q5))*T$47/$Q$47 -> 0.20664 | U64: =IF($V28=0,0,$V28/($X28*$Q5))*U$47/$Q$47 -> 0.23247 | V64: =IF($V28=0,0,$V28/($X28*$Q5))*V$47/$Q$47 -> 0.2583 | W64: =IF($V28=0,0,$V28/($X28*$Q5))*W$47/$Q$47 -> 0.27552 | X64: =IF($V28=0,0,$V28/($X28*$Q5))*X$47/$Q$47 -> 0.29274 | ... AF64: =IF($V28=0,0,$V28/($X28*$Q5))*AF$47/$Q$47 -> 0.4305
O65: 50000 | P65: =P53 -> 500000 | Q65: =IF($V29=0,0,$V29/($X29*$Q6))*Q$47/$Q$47 -> 0.18564 | R65: =IF($V29=0,0,$V29/($X29*$Q6))*R$47/$Q$47 -> 0.27846 | S65: =IF($V29=0,0,$V29/($X29*$Q6))*S$47/$Q$47 -> 0.37128 | T65: =IF($V29=0,0,$V29/($X29*$Q6))*T$47/$Q$47 -> 0.445536 | U65: =IF($V29=0,0,$V29/($X29*$Q6))*U$47/$Q$47 -> 0.501228 | V65: =IF($V29=0,0,$V29/($X29*$Q6))*V$47/$Q$47 -> 0.55692 | W65: =IF($V29=0,0,$V29/($X29*$Q6))*W$47/$Q$47 -> 0.594048 | X65: =IF($V29=0,0,$V29/($X29*$Q6))*X$47/$Q$47 -> 0.631176 | ... AF65: =IF($V29=0,0,$V29/($X29*$Q6))*AF$47/$Q$47 -> 0.9282
O66: 100000 | P66: =P54 -> 1000000 | Q66: =IF($V30=0,0,$V30/($X30*$Q7))*Q$47/$Q$47 -> 0.16828 | R66: =IF($V30=0,0,$V30/($X30*$Q7))*R$47/$Q$47 -> 0.25242 | S66: =IF($V30=0,0,$V30/($X30*$Q7))*S$47/$Q$47 -> 0.33656 | T66: =IF($V30=0,0,$V30/($X30*$Q7))*T$47/$Q$47 -> 0.403872 | U66: =IF($V30=0,0,$V30/($X30*$Q7))*U$47/$Q$47 -> 0.454356 | V66: =IF($V30=0,0,$V30/($X30*$Q7))*V$47/$Q$47 -> 0.50484 | W66: =IF($V30=0,0,$V30/($X30*$Q7))*W$47/$Q$47 -> 0.538496 | X66: =IF($V30=0,0,$V30/($X30*$Q7))*X$47/$Q$47 -> 0.572152 | ... AF66: =IF($V30=0,0,$V30/($X30*$Q7))*AF$47/$Q$47 -> 0.8414
O67: 200000 | P67: =P55 -> 2000000 | Q67: =IF($V31=0,0,$V31/($X31*$Q8))*Q$47/$Q$47 -> 0.490175 | R67: =IF($V31=0,0,$V31/($X31*$Q8))*R$47/$Q$47 -> 0.7352625 | S67: =IF($V31=0,0,$V31/($X31*$Q8))*S$47/$Q$47 -> 0.98035 | T67: =IF($V31=0,0,$V31/($X31*$Q8))*T$47/$Q$47 -> 1.17642 | U67: =IF($V31=0,0,$V31/($X31*$Q8))*U$47/$Q$47 -> 1.3234725 | V67: =IF($V31=0,0,$V31/($X31*$Q8))*V$47/$Q$47 -> 1.470525 | W67: =IF($V31=0,0,$V31/($X31*$Q8))*W$47/$Q$47 -> 1.56856 | X67: =IF($V31=0,0,$V31/($X31*$Q8))*X$47/$Q$47 -> 1.666595 | ... AF67: =IF($V31=0,0,$V31/($X31*$Q8))*AF$47/$Q$47 -> 2.450875
O68: 500000 | P68: =P56 -> 5000000 | Q68: =IF($V32=0,0,$V32/($X32*$Q9))*Q$47/$Q$47 -> 0.2450875 | R68: =IF($V32=0,0,$V32/($X32*$Q9))*R$47/$Q$47 -> 0.36763125 | S68: =IF($V32=0,0,$V32/($X32*$Q9))*S$47/$Q$47 -> 0.490175 | T68: =IF($V32=0,0,$V32/($X32*$Q9))*T$47/$Q$47 -> 0.58821 | U68: =IF($V32=0,0,$V32/($X32*$Q9))*U$47/$Q$47 -> 0.66173625 | V68: =IF($V32=0,0,$V32/($X32*$Q9))*V$47/$Q$47 -> 0.7352625 | W68: =IF($V32=0,0,$V32/($X32*$Q9))*W$47/$Q$47 -> 0.78428 | X68: =IF($V32=0,0,$V32/($X32*$Q9))*X$47/$Q$47 -> 0.8332975 | ... AF68: =IF($V32=0,0,$V32/($X32*$Q9))*AF$47/$Q$47 -> 1.2254375
O69: 1000000 | P69: =P57 -> 10000000 | Q69: =IF($V33=0,0,$V33/($X33*$Q10))*Q$47/$Q$47 -> 0.1470525 | R69: =IF($V33=0,0,$V33/($X33*$Q10))*R$47/$Q$47 -> 0.22057875 | S69: =IF($V33=0,0,$V33/($X33*$Q10))*S$47/$Q$47 -> 0.294105 | T69: =IF($V33=0,0,$V33/($X33*$Q10))*T$47/$Q$47 -> 0.352926 | U69: =IF($V33=0,0,$V33/($X33*$Q10))*U$47/$Q$47 -> 0.39704175 | V69: =IF($V33=0,0,$V33/($X33*$Q10))*V$47/$Q$47 -> 0.4411575 | W69: =IF($V33=0,0,$V33/($X33*$Q10))*W$47/$Q$47 -> 0.470568 | X69: =IF($V33=0,0,$V33/($X33*$Q10))*X$47/$Q$47 -> 0.4999785 | ... AF69: =IF($V33=0,0,$V33/($X33*$Q10))*AF$47/$Q$47 -> 0.7352625
M71: 累计花费美金 | Q71: 250000 | R71: 375000 | S71: 500000 | T71: 600000 | U71: 675000 | V71: 750000 | W71: 800000 | X71: 850000 | Y71: 900000 | Z71: 950000 | AA71: 1000000 | AB71: 1050000 | AC71: 1100000 | AD71: 1150000 | AE71: 1200000 | AF71: 1250000
O72: 底注 | P72: 一局金币 | Q72: 0 | R72: 1 | S72: 2 | T72: 3 | U72: 4 | V72: 5 | W72: 6 | X72: 7 | Y72: 8 | Z72: 9 | AA72: 10 | AB72: 11 | AC72: 12 | AD72: 13 | AE72: 14 | AF72: 15
O73: 1000 | P73: =P61 -> 10000 | Q73: =IF($V25=0,0,$X25*Q37) -> 0 | R73: =IF($V25=0,0,$X25*R37) -> 0 | S73: =IF($V25=0,0,$X25*S37) -> 0 | T73: =IF($V25=0,0,$X25*T37) -> 0 | U73: =IF($V25=0,0,$X25*U37) -> 0 | V73: =IF($V25=0,0,$X25*V37) -> 0 | W73: =IF($V25=0,0,$X25*W37) -> 0 | X73: =IF($V25=0,0,$X25*X37) -> 0 | ... AF73: =IF($V25=0,0,$X25*AF37) -> 0
O74: 3000 | P74: =P62 -> 30000 | Q74: =IF($V26=0,0,$X26*Q38) -> 0 | R74: =IF($V26=0,0,$X26*R38) -> 0 | S74: =IF($V26=0,0,$X26*S38) -> 0 | T74: =IF($V26=0,0,$X26*T38) -> 0 | U74: =IF($V26=0,0,$X26*U38) -> 0 | V74: =IF($V26=0,0,$X26*V38) -> 0 | W74: =IF($V26=0,0,$X26*W38) -> 0 | X74: =IF($V26=0,0,$X26*X38) -> 0 | ... AF74: =IF($V26=0,0,$X26*AF38) -> 0
O75: 10000 | P75: =P63 -> 100000 | Q75: =IF($V27=0,0,$X27*Q39) -> 16.666667 | R75: =IF($V27=0,0,$X27*R39) -> 13.333333 | S75: =IF($V27=0,0,$X27*S39) -> 11.111111 | T75: =IF($V27=0,0,$X27*T39) -> 9.5238095 | U75: =IF($V27=0,0,$X27*U39) -> 8.3333333 | V75: =IF($V27=0,0,$X27*V39) -> 7.4074074 | W75: =IF($V27=0,0,$X27*W39) -> 6.6666667 | X75: =IF($V27=0,0,$X27*X39) -> 6.6666667 | ... AF75: =IF($V27=0,0,$X27*AF39) -> 6.6666667
O76: 20000 | P76: =P64 -> 200000 | Q76: =IF($V28=0,0,$X28*Q40) -> 166.66667 | R76: =IF($V28=0,0,$X28*R40) -> 133.33333 | S76: =IF($V28=0,0,$X28*S40) -> 111.11111 | T76: =IF($V28=0,0,$X28*T40) -> 95.238095 | U76: =IF($V28=0,0,$X28*U40) -> 83.333333 | V76: =IF($V28=0,0,$X28*V40) -> 74.074074 | W76: =IF($V28=0,0,$X28*W40) -> 66.666667 | X76: =IF($V28=0,0,$X28*X40) -> 66.666667 | ... AF76: =IF($V28=0,0,$X28*AF40) -> 66.666667
O77: 50000 | P77: =P65 -> 500000 | Q77: =IF($V29=0,0,$X29*Q41) -> 389.78495 | R77: =IF($V29=0,0,$X29*R41) -> 322.22222 | S77: =IF($V29=0,0,$X29*S41) -> 268.51852 | T77: =IF($V29=0,0,$X29*T41) -> 230.15873 | U77: =IF($V29=0,0,$X29*U41) -> 208.33333 | V77: =IF($V29=0,0,$X29*V41) -> 185.18519 | W77: =IF($V29=0,0,$X29*W41) -> 166.66667 | X77: =IF($V29=0,0,$X29*X41) -> 166.66667 | ... AF77: =IF($V29=0,0,$X29*AF41) -> 166.66667
O78: 100000 | P78: =P66 -> 1000000 | Q78: =IF($V30=0,0,$X30*Q42) -> 1035.7143 | R78: =IF($V30=0,0,$X30*R42) -> 878.78788 | S78: =IF($V30=0,0,$X30*S42) -> 755.20833 | T78: =IF($V30=0,0,$X30*T42) -> 647.32143 | U78: =IF($V30=0,0,$X30*U42) -> 584.67742 | V78: =IF($V30=0,0,$X30*V42) -> 519.71326 | W78: =IF($V30=0,0,$X30*W42) -> 483.33333 | X78: =IF($V30=0,0,$X30*X42) -> 483.33333 | ... AF78: =IF($V30=0,0,$X30*AF42) -> 483.33333
O79: 200000 | P79: =P67 -> 2000000 | Q79: =IF($V31=0,0,$X31*Q43) -> 1380.9524 | R79: =IF($V31=0,0,$X31*R43) -> 1189.7436 | S79: =IF($V31=0,0,$X31*S43) -> 1045.045 | T79: =IF($V31=0,0,$X31*T43) -> 920.63492 | U79: =IF($V31=0,0,$X31*U43) -> 828.57143 | V79: =IF($V31=0,0,$X31*V43) -> 758.16993 | W79: =IF($V31=0,0,$X31*W43) -> 703.0303 | X79: =IF($V31=0,0,$X31*X43) -> 703.0303 | ... AF79: =IF($V31=0,0,$X31*AF43) -> 703.0303
O80: 500000 | P80: =P68 -> 5000000 | Q80: =IF($V32=0,0,$X32*Q44) -> 2416.6667 | R80: =IF($V32=0,0,$X32*R44) -> 2017.3913 | S80: =IF($V32=0,0,$X32*S44) -> 1718.5185 | T80: =IF($V32=0,0,$X32*T44) -> 1473.0159 | U80: =IF($V32=0,0,$X32*U44) -> 1348.8372 | V80: =IF($V32=0,0,$X32*V44) -> 1198.9664 | W80: =IF($V32=0,0,$X32*W44) -> 1104.7619 | X80: =IF($V32=0,0,$X32*X44) -> 1104.7619 | ... AF80: =IF($V32=0,0,$X32*AF44) -> 1104.7619
O81: 1000000 | P81: =P69 -> 10000000 | Q81: =IF($V33=0,0,$X33*Q45) -> 3580.2469 | R81: =IF($V33=0,0,$X33*R45) -> 2974.359 | S81: =IF($V33=0,0,$X33*S45) -> 2577.7778 | T81: =IF($V33=0,0,$X33*T45) -> 2254.6161 | U81: =IF($V33=0,0,$X33*U45) -> 2013.8889 | V81: =IF($V33=0,0,$X33*V45) -> 1828.2112 | W81: =IF($V33=0,0,$X33*W45) -> 1681.1594 | X81: =IF($V33=0,0,$X33*X45) -> 1681.1594 | ... AF81: =IF($V33=0,0,$X33*AF45) -> 1681.1594

Sheet 膨胀后新版
A1: 章节 | B1: 金币 | C1: 美金 | D1: 最大星级 | F1: 基础金币/美金 | H1: 底注 | I1: //筹码下限 | J1: 一局消耗 | K1: 消耗美金 | L1: //卡包id1 | M1: //概率 | N1: 产出卡包 | O1: //卡包id2 | P1: //概率 | R1: //卡包id3 | S1: //概率 | U1: 单局上限 | V1: 平均小轮数 | Y1: set/star | Z1: 1 | AA1: 2 | AB1: 3 | AC1: 4 | AD1: 5 | AE1: 6 | AF1: gold4 | AG1: gold5 | AH1: gold6 | AI1: 合计
A2: 1 | B2: =C2*$F$2 -> 2500000 | C2: 2.5 | D2: 1 | F2: 1000000 | H2: 1000 | I2: 5000 | J2: =H2*$F$4*$F$6 -> 7000 | K2: =J2/$F$2 -> 0.007 | U2: 1 | V2: 13 | Y2: 1 | Z2: 8 | AA2: 0 | AB2: 0 | AC2: 0 | AD2: 0 | AE2: 0 | AF2: 0 | AG2: 0 | AH2: 0 | AI2: 8 | AJ2: =SUM($AI$2:AI2) -> 8
A3: 2 | B3: =C3*$F$2 -> 2700000 | C3: 2.7 | D3: 2 | F3: 平均倍率 | H3: 3000 | I3: 210000 | J3: =H3*$F$4*$F$6 -> 21000 | K3: =J3/$F$2 -> 0.021 | U3: 1 | V3: 13 | Y3: 2 | Z3: 7 | AA3: 1 | AB3: 0 | AC3: 0 | AD3: 0 | AE3: 0 | AF3: 0 | AG3: 0 | AH3: 0 | AI3: 8 | AJ3: =SUM($AI$2:AI3) -> 16
A4: 3 | B4: =C4*$F$2 -> 3000000 | C4: 3 | D4: 2 | F4: 70 | H4: 10000 | I4: 700000 | J4: =H4*$F$4*$F$6 -> 70000 | K4: =J4/$F$2 -> 0.07 | L4: 1 | M4: 750 | N4: =M4*$V4/10000 -> 0.975 | U4: 1 | V4: 13 | Y4: 3 | Z4: 6 | AA4: 2 | AB4: 0 | AC4: 0 | AD4: 0 | AE4: 0 | AF4: 0 | AG4: 0 | AH4: 0 | AI4: 8 | AJ4: =SUM($AI$2:AI4) -> 24
A5: 4 | B5: =C5*$F$2 -> 3200000 | C5: 3.2 | D5: 2 | F5: 抽水 | H5: 20000 | I5: 1400000 | J5: =H5*$F$4*$F$6 -> 140000 | K5: =J5/$F$2 -> 0.14 | L5: 1 | M5: =膨胀后!AD5-P5 -> 600 | N5: =M5*$V5/10000 -> 0.78 | O5: 2 | P5: 100 | Q5: =P5*$V5/10000 -> 0.13 | U5: 1 | V5: 13 | Y5: 4 | Z5: 4 | AA5: 4 | AB5: 0 | AC5: 0 | AD5: 0 | AE5: 0 | AF5: 0 | AG5: 0 | AH5: 0 | AI5: 8 | AJ5: =SUM($AI$2:AI5) -> 32
A6: 5 | B6: =C6*$F$2 -> 3400000 | C6: 3.4 | D6: 2 | F6: 0.1 | H6: 50000 | I6: 3500000 | J6: =H6*$F$4*$F$6 -> 350000 | K6: =J6/$F$2 -> 0.35 | L6: 2 | M6: =(膨胀后!AD6-S6-膨胀后!W6-膨胀后!T6)/2+膨胀后!T6 -> 525 | N6: =M6*$V6/10000 -> 0.6825 | O6: 3 | P6: =(膨胀后!AD6-S6-膨胀后!W6-膨胀后!T6)/2+膨胀后!W6 -> 525 | Q6: =P6*$V6/10000 -> 0.6825 | R6: 4 | S6: 50 | T6: =S6*$V6/10000 -> 0.065 | U6: 1 | V6: 13 | Y6: 5 | Z6: 3 | AA6: 5 | AB6: 0 | AC6: 0 | AD6: 0 | AE6: 0 | AF6: 0 | AG6: 0 | AH6: 0 | AI6: 8 | AJ6: =SUM($AI$2:AI6) -> 40
A7: 6 | B7: =C7*$F$2 -> 3500000 | C7: 3.5 | D7: 3 | H7: 100000 | I7: 7000000 | J7: =H7*$F$4*$F$6 -> 700000 | K7: =J7/$F$2 -> 0.7 | L7: 3 | M7: =(膨胀后!AD7-S7-膨胀后!W7-膨胀后!T7)/2+膨胀后!T7 -> 383 | N7: =M7*$V7/10000 -> 0.4979 | O7: 4 | P7: =(膨胀后!AD7-S7-膨胀后!W7-膨胀后!T7)/2+膨胀后!W7 -> 333 | Q7: =P7*$V7/10000 -> 0.4329 | R7: 5 | S7: 34 | T7: =S7*$V7/10000 -> 0.0442 | U7: 1 | V7: 13 | Y7: 6 | Z7: 2 | AA7: 5 | AB7: 1 | AC7: 0 | AD7: 0 | AE7: 0 | AF7: 0 | AG7: 0 | AH7: 0 | AI7: 8 | AJ7: =SUM($AI$2:AI7) -> 48
A8: 7 | B8: =C8*$F$2 -> 3600000 | C8: 3.6 | D8: 3 | H8: 200000 | I8: 14000000 | J8: =H8*$F$4*$F$6 -> 1400000 | K8: =J8/$F$2 -> 1.4 | L8: 4 | M8: =(膨胀后!AD8-S8-膨胀后!W8-膨胀后!T8)/2+膨胀后!T8 -> 388 | N8: =M8*$V8/10000 -> 0.5044 | O8: 5 | P8: =(膨胀后!AD8-S8-膨胀后!W8-膨胀后!T8)/2+膨胀后!W8 -> 338 | Q8: =P8*$V8/10000 -> 0.4394 | R8: 6 | S8: 24 | T8: =S8*$V8/10000 -> 0.0312 | U8: 2 | V8: 13 | Y8: 7 | Z8: 1 | AA8: 4 | AB8: 3 | AC8: 0 | AD8: 0 | AE8: 0 | AF8: 0 | AG8: 0 | AH8: 0 | AI8: 8 | AJ8: =SUM($AI$2:AI8) -> 56
A9: 8 | B9: =C9*$F$2 -> 3700000 | C9: 3.7 | D9: 3 | H9: 500000 | I9: 35000000 | J9: =H9*$F$4*$F$6 -> 3500000 | K9: =J9/$F$2 -> 3.5 | L9: 4 | M9: =(膨胀后!AD9-S9-膨胀后!W9-膨胀后!T9)/2+膨胀后!T9 -> 450 | N9: =M9*$V9/10000 -> 0.585 | O9: 5 | P9: =(膨胀后!AD9-S9-膨胀后!W9-膨胀后!T9)/2+膨胀后!W9 -> 400 | Q9: =P9*$V9/10000 -> 0.52 | R9: 6 | S9: 50 | T9: =S9*$V9/10000 -> 0.065 | U9: 3 | V9: 13 | Y9: 8 | Z9: 0 | AA9: 4 | AB9: 4 | AC9: 0 | AD9: 0 | AE9: 0 | AF9: 0 | AG9: 0 | AH9: 0 | AI9: 8 | AJ9: =SUM($AI$2:AI9) -> 64
A10: 9 | B10: =C10*$F$2 -> 20000000 | C10: 20 | D10: 4 | H10: 1000000 | I10: 70000000 | J10: =H10*$F$4*$F$6 -> 7000000 | K10: =J10/$F$2 -> 7 | L10: 4 | M10: =(膨胀后!AD10-S10-膨胀后!W10-膨胀后!T10)/2+膨胀后!T10 -> 500 | N10: =M10*$V10/10000 -> 0.65 | O10: 5 | P10: =(膨胀后!AD10-S10-膨胀后!W10-膨胀后!T10)/2+膨胀后!W10 -> 450 | Q10: =P10*$V10/10000 -> 0.585 | R10: 6 | S10: 100 | T10: =S10*$V10/10000 -> 0.13 | U10: 4 | V10: 13 | Y10: 9 | Z10: 0 | AA10: 3 | AB10: 4 | AC10: 1 | AD10: 0 | AE10: 0 | AF10: 0 | AG10: 0 | AH10: 0 | AI10: 8 | AJ10: =SUM($AI$2:AI10) -> 72
A11: 10 | B11: =C11*$F$2 -> 25000000 | C11: 25 | D11: 4 | Y11: 10 | Z11: 0 | AA11: 3 | AB11: 3 | AC11: 2 | AD11: 0 | AE11: 0 | AF11: 0 | AG11: 0 | AH11: 0 | AI11: 8 | AJ11: =SUM($AI$2:AI11) -> 80
A12: 11 | B12: =C12*$F$2 -> 27000000 | C12: 27 | D12: 5 | F12: 单局产出卡包 | H12: 卡包数量 | I12: 1 | J12: 2 | K12: 3 | L12: 4 | M12: 5 | N12: 6 | Y12: 11 | Z12: 0 | AA12: 1 | AB12: 4 | AC12: 2 | AD12: 0 | AE12: 0 | AF12: 1 | AG12: 0 | AH12: 0 | AI12: 8 | AJ12: =SUM($AI$2:AI12) -> 88
A13: 12 | B13: =C13*$F$2 -> 29000000 | C13: 29 | D13: 5 | H13: 1000 | I13: =IF($L2=I$12,$N2,0)+IF($O2=I$12,$Q2,0)+IF($R2=I$12,$T2,0) -> 0 | J13: =IF($L2=J$12,$N2,0)+IF($O2=J$12,$Q2,0)+IF($R2=J$12,$T2,0) -> 0 | K13: =IF($L2=K$12,$N2,0)+IF($O2=K$12,$Q2,0)+IF($R2=K$12,$T2,0) -> 0 | L13: =IF($L2=L$12,$N2,0)+IF($O2=L$12,$Q2,0)+IF($R2=L$12,$T2,0) -> 0 | M13: =IF($L2=M$12,$N2,0)+IF($O2=M$12,$Q2,0)+IF($R2=M$12,$T2,0) -> 0 | N13: =IF($L2=N$12,$N2,0)+IF($O2=N$12,$Q2,0)+IF($R2=N$12,$T2,0) -> 0 | Y13: 12 | Z13: 0 | AA13: 1 | AB13: 3 | AC13: 2 | AD13: 1 | AE13: 0 | AF13: 1 | AG13: 0 | AH13: 0 | AI13: 8 | AJ13: =SUM($AI$2:AI13) -> 96
A14: 13 | B14: =C14*$F$2 -> 31000000 | C14: 31 | D14: 5 | H14: 3000 | I14: =IF($L3=I$12,$N3,0)+IF($O3=I$12,$Q3,0)+IF($R3=I$12,$T3,0) -> 0 | J14: =IF($L3=J$12,$N3,0)+IF($O3=J$12,$Q3,0)+IF($R3=J$12,$T3,0) -> 0 | K14: =IF($L3=K$12,$N3,0)+IF($O3=K$12,$Q3,0)+IF($R3=K$12,$T3,0) -> 0 | L14: =IF($L3=L$12,$N3,0)+IF($O3=L$12,$Q3,0)+IF($R3=L$12,$T3,0) -> 0 | M14: =IF($L3=M$12,$N3,0)+IF($O3=M$12,$Q3,0)+IF($R3=M$12,$T3,0) -> 0 | N14: =IF($L3=N$12,$N3,0)+IF($O3=N$12,$Q3,0)+IF($R3=N$12,$T3,0) -> 0 | Y14: 13 | Z14: 0 | AA14: 1 | AB14: 2 | AC14: 2 | AD14: 1 | AE14: 0 | AF14: 1 | AG14: 1 | AH14: 0 | AI14: 8 | AJ14: =SUM($AI$2:AI14) -> 104
A15: 14 | B15: =C15*$F$2 -> 35000000 | C15: 35 | D15: 5 | H15: 10000 | I15: =IF($L4=I$12,$N4,0)+IF($O4=I$12,$Q4,0)+IF($R4=I$12,$T4,0) -> 0.975 | J15: =IF($L4=J$12,$N4,0)+IF($O4=J$12,$Q4,0)+IF($R4=J$12,$T4,0) -> 0 | K15: =IF($L4=K$12,$N4,0)+IF($O4=K$12,$Q4,0)+IF($R4=K$12,$T4,0) -> 0 | L15: =IF($L4=L$12,$N4,0)+IF($O4=L$12,$Q4,0)+IF($R4=L$12,$T4,0) -> 0 | M15: =IF($L4=M$12,$N4,0)+IF($O4=M$12,$Q4,0)+IF($R4=M$12,$T4,0) -> 0 | N15: =IF($L4=N$12,$N4,0)+IF($O4=N$12,$Q4,0)+IF($R4=N$12,$T4,0) -> 0 | Y15: 14 | Z15: 0 | AA15: 0 | AB15: 2 | AC15: 2 | AD15: 1 | AE15: 1 | AF15: 1 | AG15: 1 | AH15: 0 | AI15: 8 | AJ15: =SUM($AI$2:AI15) -> 112
A16: 15 | B16: =C16*$F$2 -> 40000000 | C16: 40 | D16: 6 | H16: 20000 | I16: =IF($L5=I$12,$N5,0)+IF($O5=I$12,$Q5,0)+IF($R5=I$12,$T5,0) -> 0.78 | J16: =IF($L5=J$12,$N5,0)+IF($O5=J$12,$Q5,0)+IF($R5=J$12,$T5,0) -> 0.13 | K16: =IF($L5=K$12,$N5,0)+IF($O5=K$12,$Q5,0)+IF($R5=K$12,$T5,0) -> 0 | L16: =IF($L5=L$12,$N5,0)+IF($O5=L$12,$Q5,0)+IF($R5=L$12,$T5,0) -> 0 | M16: =IF($L5=M$12,$N5,0)+IF($O5=M$12,$Q5,0)+IF($R5=M$12,$T5,0) -> 0 | N16: =IF($L5=N$12,$N5,0)+IF($O5=N$12,$Q5,0)+IF($R5=N$12,$T5,0) -> 0 | Y16: 15 | Z16: 0 | AA16: 0 | AB16: 1 | AC16: 3 | AD16: 1 | AE16: 1 | AF16: 1 | AG16: 1 | AH16: 0 | AI16: 8 | AJ16: =SUM($AI$2:AI16) -> 120
A17: 16 | B17: =C17*$F$2 -> 42500000 | C17: 42.5 | D17: 6 | H17: 50000 | I17: =IF($L6=I$12,$N6,0)+IF($O6=I$12,$Q6,0)+IF($R6=I$12,$T6,0) -> 0 | J17: =IF($L6=J$12,$N6,0)+IF($O6=J$12,$Q6,0)+IF($R6=J$12,$T6,0) -> 0.6825 | K17: =IF($L6=K$12,$N6,0)+IF($O6=K$12,$Q6,0)+IF($R6=K$12,$T6,0) -> 0.6825 | L17: =IF($L6=L$12,$N6,0)+IF($O6=L$12,$Q6,0)+IF($R6=L$12,$T6,0) -> 0.065 | M17: =IF($L6=M$12,$N6,0)+IF($O6=M$12,$Q6,0)+IF($R6=M$12,$T6,0) -> 0 | N17: =IF($L6=N$12,$N6,0)+IF($O6=N$12,$Q6,0)+IF($R6=N$12,$T6,0) -> 0 | Y17: 16 | Z17: 0 | AA17: 0 | AB17: 1 | AC17: 2 | AD17: 1 | AE17: 1 | AF17: 2 | AG17: 1 | AH17: 0 | AI17: 8 | AJ17: =SUM($AI$2:AI17) -> 128
A18: 17 | B18: =C18*$F$2 -> 45000000 | C18: 45 | D18: 6 | H18: 100000 | I18: =IF($L7=I$12,$N7,0)+IF($O7=I$12,$Q7,0)+IF($R7=I$12,$T7,0) -> 0 | J18: =IF($L7=J$12,$N7,0)+IF($O7=J$12,$Q7,0)+IF($R7=J$12,$T7,0) -> 0 | K18: =IF($L7=K$12,$N7,0)+IF($O7=K$12,$Q7,0)+IF($R7=K$12,$T7,0) -> 0.4979 | L18: =IF($L7=L$12,$N7,0)+IF($O7=L$12,$Q7,0)+IF($R7=L$12,$T7,0) -> 0.4329 | M18: =IF($L7=M$12,$N7,0)+IF($O7=M$12,$Q7,0)+IF($R7=M$12,$T7,0) -> 0.0442 | N18: =IF($L7=N$12,$N7,0)+IF($O7=N$12,$Q7,0)+IF($R7=N$12,$T7,0) -> 0 | Y18: 17 | Z18: 0 | AA18: 0 | AB18: 1 | AC18: 1 | AD18: 2 | AE18: 1 | AF18: 2 | AG18: 1 | AH18: 0 | AI18: 8 | AJ18: =SUM($AI$2:AI18) -> 136
A19: 18 | B19: =C19*$F$2 -> 50000000 | C19: 50 | D19: 6 | H19: 200000 | I19: =IF($L8=I$12,$N8,0)+IF($O8=I$12,$Q8,0)+IF($R8=I$12,$T8,0) -> 0 | J19: =IF($L8=J$12,$N8,0)+IF($O8=J$12,$Q8,0)+IF($R8=J$12,$T8,0) -> 0 | K19: =IF($L8=K$12,$N8,0)+IF($O8=K$12,$Q8,0)+IF($R8=K$12,$T8,0) -> 0 | L19: =IF($L8=L$12,$N8,0)+IF($O8=L$12,$Q8,0)+IF($R8=L$12,$T8,0) -> 0.5044 | M19: =IF($L8=M$12,$N8,0)+IF($O8=M$12,$Q8,0)+IF($R8=M$12,$T8,0) -> 0.4394 | N19: =IF($L8=N$12,$N8,0)+IF($O8=N$12,$Q8,0)+IF($R8=N$12,$T8,0) -> 0.0312 | Y19: 18 | Z19: 0 | AA19: 0 | AB19: 1 | AC19: 1 | AD19: 2 | AE19: 0 | AF19: 1 | AG19: 2 | AH19: 1 | AI19: 8 | AJ19: =SUM($AI$2:AI19) -> 144
A20: 19 | B20: =C20*$F$2 -> 55000000 | C20: 55 | D20: 6 | H20: 500000 | I20: =IF($L9=I$12,$N9,0)+IF($O9=I$12,$Q9,0)+IF($R9=I$12,$T9,0) -> 0 | J20: =IF($L9=J$12,$N9,0)+IF($O9=J$12,$Q9,0)+IF($R9=J$12,$T9,0) -> 0 | K20: =IF($L9=K$12,$N9,0)+IF($O9=K$12,$Q9,0)+IF($R9=K$12,$T9,0) -> 0 | L20: =IF($L9=L$12,$N9,0)+IF($O9=L$12,$Q9,0)+IF($R9=L$12,$T9,0) -> 0.585 | M20: =IF($L9=M$12,$N9,0)+IF($O9=M$12,$Q9,0)+IF($R9=M$12,$T9,0) -> 0.52 | N20: =IF($L9=N$12,$N9,0)+IF($O9=N$12,$Q9,0)+IF($R9=N$12,$T9,0) -> 0.065 | Y20: 19 | Z20: 0 | AA20: 0 | AB20: 0 | AC20: 1 | AD20: 2 | AE20: 0 | AF20: 2 | AG20: 2 | AH20: 1 | AI20: 8 | AJ20: =SUM($AI$2:AI20) -> 152
A21: all | B21: =C21*$F$2 -> 100000000 | C21: 100 | H21: 1000000 | I21: =IF($L10=I$12,$N10,0)+IF($O10=I$12,$Q10,0)+IF($R10=I$12,$T10,0) -> 0 | J21: =IF($L10=J$12,$N10,0)+IF($O10=J$12,$Q10,0)+IF($R10=J$12,$T10,0) -> 0 | K21: =IF($L10=K$12,$N10,0)+IF($O10=K$12,$Q10,0)+IF($R10=K$12,$T10,0) -> 0 | L21: =IF($L10=L$12,$N10,0)+IF($O10=L$12,$Q10,0)+IF($R10=L$12,$T10,0) -> 0.65 | M21: =IF($L10=M$12,$N10,0)+IF($O10=M$12,$Q10,0)+IF($R10=M$12,$T10,0) -> 0.585 | N21: =IF($L10=N$12,$N10,0)+IF($O10=N$12,$Q10,0)+IF($R10=N$12,$T10,0) -> 0.13 | Y21: 合计 | Z21: 31 | AA21: 34 | AB21: 30 | AC21: 19 | AD21: 11 | AE21: 4 | AF21: 12 | AG21: 9 | AH21: 2 | AI21: 152
A22: 基础 | B22: =SUM(B2:B21) -> 525100000 | C22: =SUM(C2:C21) -> 525.1
F23: 需要牌局数 | H23: 星级 | I23: 1 | J23: 2 | K23: 3 | L23: 4 | M23: 5 | N23: 6
H24: 需要开卡次数 | I24: 25 | J24: 50 | K24: 50 | L24: 50 | M24: 50 | N24: 40 | O24: 集满奖励 | P24: 集满美金 | Q24: 最低牌局数
A25: 卡包 | B25: 需要开卡次数 | C25: 卡包价值 | H25: 1000 | I25: =IF(I13=0,0,I$24/I13) -> 0 | J25: =IF(J13=0,0,J$24/J13) -> 0 | K25: =IF(K13=0,0,K$24/K13) -> 0 | L25: =IF(L13=0,0,L$24/L13) -> 0 | M25: =IF(M13=0,0,M$24/M13) -> 0 | N25: =IF(N13=0,0,N$24/N13) -> 0 | O25: =IF(N25>0,SUMIF($D$2:$D$21,"<="&$N$23,$B$2:B20),IF(M25>0,SUMIF($D$2:$D$21,"<="&$M$23,$B$2:B20),IF(L25>0,SUMIF($D$2:$D$21,"<="&$L$23,$B$2:B20),IF(K25>0,SUMIF($D$2:$D$21,"<="&$K$23,$B$2:B20),IF(J25>0,SUMIF($D$2:$D$21,"<="&$J$23,$B$2:B20),IF(I25>0,SUMIF($D$2:$D$21,"<="&$I$23,$B$2:B20),0)))))) -> 0 | P25: =O25/$F$2 -> 0 | Q25: =IF(N25>0,N25,IF(M25>0,M25,IF(L25>0,L25,IF(K25>0,K25,IF(J25>0,J25,I25))))) -> 0
A26: 1 | B26: 25 | C26: =SUMIF($D$2:$D$21,"<="&A26,$B$2:$B$22)/B26/$F$2 -> 0.1 | H26: 3000 | I26: =IF(I14=0,0,I$24/I14) -> 0 | J26: =IF(J14=0,0,J$24/J14) -> 0 | K26: =IF(K14=0,0,K$24/K14) -> 0 | L26: =IF(L14=0,0,L$24/L14) -> 0 | M26: =IF(M14=0,0,M$24/M14) -> 0 | N26: =IF(N14=0,0,N$24/N14) -> 0 | O26: =IF(N26>0,SUMIF($D$2:$D$21,"<="&$N$23,$B$2:B21),IF(M26>0,SUMIF($D$2:$D$21,"<="&$M$23,$B$2:B21),IF(L26>0,SUMIF($D$2:$D$21,"<="&$L$23,$B$2:B21),IF(K26>0,SUMIF($D$2:$D$21,"<="&$K$23,$B$2:B21),IF(J26>0,SUMIF($D$2:$D$21,"<="&$J$23,$B$2:B21),IF(I26>0,SUMIF($D$2:$D$21,"<="&$I$23,$B$2:B21),0)))))) -> 0 | P26: =O26/$F$2 -> 0 | Q26: =IF(N26>0,N26,IF(M26>0,M26,IF(L26>0,L26,IF(K26>0,K26,IF(J26>0,J26,I26))))) -> 0
A27: 2 | B27: 50 | C27: =SUMIF($D$2:$D$21,"<="&A27,$B$2:$B$22)/B27/$F$2 -> 0.296 | H27: 10000 | I27: =IF(I15=0,0,I$24/I15) -> 25.641026 | J27: =IF(J15=0,0,J$24/J15) -> 0 | K27: =IF(K15=0,0,K$24/K15) -> 0 | L27: =IF(L15=0,0,L$24/L15) -> 0 | M27: =IF(M15=0,0,M$24/M15) -> 0 | N27: =IF(N15=0,0,N$24/N15) -> 0 | O27: =IF(N27>0,SUMIF($D$2:$D$21,"<="&$N$23,$B$2:B22),IF(M27>0,SUMIF($D$2:$D$21,"<="&$M$23,$B$2:B22),IF(L27>0,SUMIF($D$2:$D$21,"<="&$L$23,$B$2:B22),IF(K27>0,SUMIF($D$2:$D$21,"<="&$K$23,$B$2:B22),IF(J27>0,SUMIF($D$2:$D$21,"<="&$J$23,$B$2:B22),IF(I27>0,SUMIF($D$2:$D$21,"<="&$I$23,$B$2:B22),0)))))) -> 2500000 | P27: =O27/$F$2 -> 2.5 | Q27: =IF(N27>0,N27,IF(M27>0,M27,IF(L27>0,L27,IF(K27>0,K27,IF(J27>0,J27,I27))))) -> 25.641026
A28: 3 | B28: 50 | C28: =SUMIF($D$2:$D$21,"<="&A28,$B$2:$B$22)/B28/$F$2 -> 0.512 | H28: 20000 | I28: =IF(I16=0,0,I$24/I16) -> 32.051282 | J28: =IF(J16=0,0,J$24/J16) -> 384.61538 | K28: =IF(K16=0,0,K$24/K16) -> 0 | L28: =IF(L16=0,0,L$24/L16) -> 0 | M28: =IF(M16=0,0,M$24/M16) -> 0 | N28: =IF(N16=0,0,N$24/N16) -> 0 | O28: =IF(N28>0,SUMIF($D$2:$D$21,"<="&$N$23,$B$2:B23),IF(M28>0,SUMIF($D$2:$D$21,"<="&$M$23,$B$2:B23),IF(L28>0,SUMIF($D$2:$D$21,"<="&$L$23,$B$2:B23),IF(K28>0,SUMIF($D$2:$D$21,"<="&$K$23,$B$2:B23),IF(J28>0,SUMIF($D$2:$D$21,"<="&$J$23,$B$2:B23),IF(I28>0,SUMIF($D$2:$D$21,"<="&$I$23,$B$2:B23),0)))))) -> 14800000 | P28: =O28/$F$2 -> 14.8 | Q28: =IF(N28>0,N28,IF(M28>0,M28,IF(L28>0,L28,IF(K28>0,K28,IF(J28>0,J28,I28))))) -> 384.61538
A29: 4 | B29: 50 | C29: =SUMIF($D$2:$D$21,"<="&A29,$B$2:$B$22)/B29/$F$2 -> 1.412 | H29: 50000 | I29: =IF(I17=0,0,I$24/I17) -> 0 | J29: =IF(J17=0,0,J$24/J17) -> 73.260073 | K29: =IF(K17=0,0,K$24/K17) -> 73.260073 | L29: =IF(L17=0,0,L$24/L17) -> 769.23077 | M29: =IF(M17=0,0,M$24/M17) -> 0 | N29: =IF(N17=0,0,N$24/N17) -> 0 | O29: =IF(N29>0,SUMIF($D$2:$D$21,"<="&$N$23,$B$2:B24),IF(M29>0,SUMIF($D$2:$D$21,"<="&$M$23,$B$2:B24),IF(L29>0,SUMIF($D$2:$D$21,"<="&$L$23,$B$2:B24),IF(K29>0,SUMIF($D$2:$D$21,"<="&$K$23,$B$2:B24),IF(J29>0,SUMIF($D$2:$D$21,"<="&$J$23,$B$2:B24),IF(I29>0,SUMIF($D$2:$D$21,"<="&$I$23,$B$2:B24),0)))))) -> 70600000 | P29: =O29/$F$2 -> 70.6 | Q29: =IF(N29>0,N29,IF(M29>0,M29,IF(L29>0,L29,IF(K29>0,K29,IF(J29>0,J29,I29))))) -> 769.23077
A30: 5 | B30: 50 | C30: =SUMIF($D$2:$D$21,"<="&A30,$B$2:$B$22)/B30/$F$2 -> 3.852 | H30: 100000 | I30: =IF(I18=0,0,I$24/I18) -> 0 | J30: =IF(J18=0,0,J$24/J18) -> 0 | K30: =IF(K18=0,0,K$24/K18) -> 100.42177 | L30: =IF(L18=0,0,L$24/L18) -> 115.50012 | M30: =IF(M18=0,0,M$24/M18) -> 1131.2217 | N30: =IF(N18=0,0,N$24/N18) -> 0 | O30: =IF(N30>0,SUMIF($D$2:$D$21,"<="&$N$23,$B$2:B25),IF(M30>0,SUMIF($D$2:$D$21,"<="&$M$23,$B$2:B25),IF(L30>0,SUMIF($D$2:$D$21,"<="&$L$23,$B$2:B25),IF(K30>0,SUMIF($D$2:$D$21,"<="&$K$23,$B$2:B25),IF(J30>0,SUMIF($D$2:$D$21,"<="&$J$23,$B$2:B25),IF(I30>0,SUMIF($D$2:$D$21,"<="&$I$23,$B$2:B25),0)))))) -> 192600000 | P30: =O30/$F$2 -> 192.6 | Q30: =IF(N30>0,N30,IF(M30>0,M30,IF(L30>0,L30,IF(K30>0,K30,IF(J30>0,J30,I30))))) -> 1131.2217
A31: 6 | B31: 40 | C31: =SUMIF($D$2:$D$21,"="&A31,$B$2:$B$22)/B31/$F$2 -> 5.8125 | H31: 200000 | I31: =IF(I19=0,0,I$24/I19) -> 0 | J31: =IF(J19=0,0,J$24/J19) -> 0 | K31: =IF(K19=0,0,K$24/K19) -> 0 | L31: =IF(L19=0,0,L$24/L19) -> 99.127676 | M31: =IF(M19=0,0,M$24/M19) -> 113.79153 | N31: =IF(N19=0,0,N$24/N19) -> 1282.0513 | O31: =IF(N31>0,SUMIF($D$2:$D$21,"<="&$N$23,$B$2:B26),IF(M31>0,SUMIF($D$2:$D$21,"<="&$M$23,$B$2:B26),IF(L31>0,SUMIF($D$2:$D$21,"<="&$L$23,$B$2:B26),IF(K31>0,SUMIF($D$2:$D$21,"<="&$K$23,$B$2:B26),IF(J31>0,SUMIF($D$2:$D$21,"<="&$J$23,$B$2:B26),IF(I31>0,SUMIF($D$2:$D$21,"<="&$I$23,$B$2:B26),0)))))) -> 425100000 | P31: =O31/$F$2 -> 425.1 | Q31: =IF(N31>0,N31,IF(M31>0,M31,IF(L31>0,L31,IF(K31>0,K31,IF(J31>0,J31,I31))))) -> 1282.0513
H32: 500000 | I32: =IF(I20=0,0,I$24/I20) -> 0 | J32: =IF(J20=0,0,J$24/J20) -> 0 | K32: =IF(K20=0,0,K$24/K20) -> 0 | L32: =IF(L20=0,0,L$24/L20) -> 85.470085 | M32: =IF(M20=0,0,M$24/M20) -> 96.153846 | N32: =IF(N20=0,0,N$24/N20) -> 615.38462 | O32: =IF(N32>0,SUMIF($D$2:$D$21,"<="&$N$23,$B$2:B27),IF(M32>0,SUMIF($D$2:$D$21,"<="&$M$23,$B$2:B27),IF(L32>0,SUMIF($D$2:$D$21,"<="&$L$23,$B$2:B27),IF(K32>0,SUMIF($D$2:$D$21,"<="&$K$23,$B$2:B27),IF(J32>0,SUMIF($D$2:$D$21,"<="&$J$23,$B$2:B27),IF(I32>0,SUMIF($D$2:$D$21,"<="&$I$23,$B$2:B27),0)))))) -> 425100000 | P32: =O32/$F$2 -> 425.1 | Q32: =IF(N32>0,N32,IF(M32>0,M32,IF(L32>0,L32,IF(K32>0,K32,IF(J32>0,J32,I32))))) -> 615.38462
H33: 1000000 | I33: =IF(I21=0,0,I$24/I21) -> 0 | J33: =IF(J21=0,0,J$24/J21) -> 0 | K33: =IF(K21=0,0,K$24/K21) -> 0 | L33: =IF(L21=0,0,L$24/L21) -> 76.923077 | M33: =IF(M21=0,0,M$24/M21) -> 85.470085 | N33: =IF(N21=0,0,N$24/N21) -> 307.69231 | O33: =IF(N33>0,SUMIF($D$2:$D$21,"<="&$N$23,$B$2:B28),IF(M33>0,SUMIF($D$2:$D$21,"<="&$M$23,$B$2:B28),IF(L33>0,SUMIF($D$2:$D$21,"<="&$L$23,$B$2:B28),IF(K33>0,SUMIF($D$2:$D$21,"<="&$K$23,$B$2:B28),IF(J33>0,SUMIF($D$2:$D$21,"<="&$J$23,$B$2:B28),IF(I33>0,SUMIF($D$2:$D$21,"<="&$I$23,$B$2:B28),0)))))) -> 425100000 | P33: =O33/$F$2 -> 425.1 | Q33: =IF(N33>0,N33,IF(M33>0,M33,IF(L33>0,L33,IF(K33>0,K33,IF(J33>0,J33,I33))))) -> 307.69231
F35: 入场花费美金 | J35: 1000000 | K35: 1250000 | L35: 1500000 | M35: 1750000 | N35: 2000000 | O35: 2250000 | P35: 2500000 | Q35: 2500000 | R35: 2500000 | S35: 2500000 | T35: 2500000 | U35: 2500000 | V35: 2500000 | W35: 2500000 | X35: 2500000 | Y35: 2500000
H36: 底注 | I36: 一局金币 | J36: 0 | K36: 1 | L36: 2 | M36: 3 | N36: 4 | O36: 5 | P36: 6 | Q36: 7 | R36: 8 | S36: 9 | T36: 10 | U36: 11 | V36: 12 | W36: 13 | X36: 14 | Y36: 15
H37: 1000 | I37: 70000 | J37: 0.07 | K37: 0.056 | L37: 0.046666667 | M37: 0.04 | N37: 0.035 | O37: 0.031111111 | P37: 0.028 | Q37: 0.028 | R37: 0.028 | S37: 0.028 | T37: 0.028 | U37: 0.028 | V37: 0.028 | W37: 0.028 | X37: 0.028 | Y37: 0.028
H38: 3000 | I38: 210000 | J38: 0.21 | K38: 0.168 | L38: 0.14 | M38: 0.12 | N38: 0.105 | O38: 0.093333333 | P38: 0.084 | Q38: 0.084 | R38: 0.084 | S38: 0.084 | T38: 0.084 | U38: 0.084 | V38: 0.084 | W38: 0.084 | X38: 0.084 | Y38: 0.084
H39: 10000 | I39: 700000 | J39: 0.7 | K39: 0.56 | L39: 0.46666667 | M39: 0.4 | N39: 0.35 | O39: 0.31111111 | P39: 0.28 | Q39: 0.28 | R39: 0.28 | S39: 0.28 | T39: 0.28 | U39: 0.28 | V39: 0.28 | W39: 0.28 | X39: 0.28 | Y39: 0.28
H40: 20000 | I40: 1400000 | J40: 1.4 | K40: 1.12 | L40: 0.93333333 | M40: 0.8 | N40: 0.7 | O40: 0.62222222 | P40: 0.56 | Q40: 0.56 | R40: 0.56 | S40: 0.56 | T40: 0.56 | U40: 0.56 | V40: 0.56 | W40: 0.56 | X40: 0.56 | Y40: 0.56
H41: 50000 | I41: 3500000 | J41: 3.2741935 | K41: 2.7066667 | L41: 2.2555556 | M41: 1.9333333 | N41: 1.75 | O41: 1.5555556 | P41: 1.4 | Q41: 1.4 | R41: 1.4 | S41: 1.4 | T41: 1.4 | U41: 1.4 | V41: 1.4 | W41: 1.4 | X41: 1.4 | Y41: 1.4
H42: 100000 | I42: 7000000 | J42: 5.8 | K42: 4.9212121 | L42: 4.2291667 | M42: 3.625 | N42: 3.2741935 | O42: 2.9103943 | P42: 2.7066667 | Q42: 2.7066667 | R42: 2.7066667 | S42: 2.7066667 | T42: 2.7066667 | U42: 2.7066667 | V42: 2.7066667 | W42: 2.7066667 | X42: 2.7066667 | Y42: 2.7066667
H43: 200000 | I43: 14000000 | J43: 9.6666667 | K43: 8.3282051 | L43: 7.3153153 | M43: 6.4444444 | N43: 5.8 | O43: 5.3071895 | P43: 4.9212121 | Q43: 4.9212121 | R43: 4.9212121 | S43: 4.9212121 | T43: 4.9212121 | U43: 4.9212121 | V43: 4.9212121 | W43: 4.9212121 | X43: 4.9212121 | Y43: 4.9212121
H44: 500000 | I44: 35000000 | J44: 21.145833 | K44: 17.652174 | L44: 15.037037 | M44: 12.888889 | N44: 11.802326 | O44: 10.490956 | P44: 9.6666667 | Q44: 9.6666667 | R44: 9.6666667 | S44: 9.6666667 | T44: 9.6666667 | U44: 9.6666667 | V44: 9.6666667 | W44: 9.6666667 | X44: 9.6666667 | Y44: 9.6666667
H45: 1000000 | I45: 70000000 | J45: 37.592593 | K45: 31.230769 | L45: 27.066667 | M45: 23.673469 | N45: 21.145833 | O45: 19.196217 | P45: 17.652174 | Q45: 17.652174 | R45: 17.652174 | S45: 17.652174 | T45: 17.652174 | U45: 17.652174 | V45: 17.652174 | W45: 17.652174 | X45: 17.652174 | Y45: 17.652174
F47: 消费返还 | J47: 1000000 | K47: 1250000 | L47: 1500000 | M47: 1750000 | N47: 2000000 | O47: 2250000 | P47: 2500000 | Q47: 2500000 | R47: 2500000 | S47: 2500000 | T47: 2500000 | U47: 2500000 | V47: 2500000 | W47: 2500000 | X47: 2500000 | Y47: 2500000
H48: 底注 | I48: 一局金币 | J48: 0 | K48: 1 | L48: 2 | M48: 3 | N48: 4 | O48: 5 | P48: 6 | Q48: 7 | R48: 8 | S48: 9 | T48: 10 | U48: 11 | V48: 12 | W48: 13 | X48: 14 | Y48: 15
H49: 1000 | I49: 70000 | J49: =IF($O25=0,0,$O25/$F$2/($Q25*J37)) -> 0 | K49: =IF($O25=0,0,$O25/$F$2/($Q25*K37)) -> 0 | L49: =IF($O25=0,0,$O25/$F$2/($Q25*L37)) -> 0 | M49: =IF($O25=0,0,$O25/$F$2/($Q25*M37)) -> 0 | N49: =IF($O25=0,0,$O25/$F$2/($Q25*N37)) -> 0 | O49: =IF($O25=0,0,$O25/$F$2/($Q25*O37)) -> 0 | P49: =IF($O25=0,0,$O25/$F$2/($Q25*P37)) -> 0 | Q49: =IF($O25=0,0,$O25/$F$2/($Q25*Q37)) -> 0 | ... Y49: =IF($O25=0,0,$O25/$F$2/($Q25*Y37)) -> 0
H50: 3000 | I50: 210000 | J50: =IF($O26=0,0,$O26/$F$2/($Q26*J38)) -> 0 | K50: =IF($O26=0,0,$O26/$F$2/($Q26*K38)) -> 0 | L50: =IF($O26=0,0,$O26/$F$2/($Q26*L38)) -> 0 | M50: =IF($O26=0,0,$O26/$F$2/($Q26*M38)) -> 0 | N50: =IF($O26=0,0,$O26/$F$2/($Q26*N38)) -> 0 | O50: =IF($O26=0,0,$O26/$F$2/($Q26*O38)) -> 0 | P50: =IF($O26=0,0,$O26/$F$2/($Q26*P38)) -> 0 | Q50: =IF($O26=0,0,$O26/$F$2/($Q26*Q38)) -> 0 | ... Y50: =IF($O26=0,0,$O26/$F$2/($Q26*Y38)) -> 0
H51: 10000 | I51: 700000 | J51: =IF($O27=0,0,$O27/$F$2/($Q27*J39)) -> 0.13928571 | K51: =IF($O27=0,0,$O27/$F$2/($Q27*K39)) -> 0.17410714 | L51: =IF($O27=0,0,$O27/$F$2/($Q27*L39)) -> 0.20892857 | M51: =IF($O27=0,0,$O27/$F$2/($Q27*M39)) -> 0.24375 | N51: =IF($O27=0,0,$O27/$F$2/($Q27*N39)) -> 0.27857143 | O51: =IF($O27=0,0,$O27/$F$2/($Q27*O39)) -> 0.31339286 | P51: =IF($O27=0,0,$O27/$F$2/($Q27*P39)) -> 0.34821429 | Q51: =IF($O27=0,0,$O27/$F$2/($Q27*Q39)) -> 0.34821429 | ... Y51: =IF($O27=0,0,$O27/$F$2/($Q27*Y39)) -> 0.34821429
H52: 20000 | I52: 1400000 | J52: =IF($O28=0,0,$O28/$F$2/($Q28*J40)) -> 0.027485714 | K52: =IF($O28=0,0,$O28/$F$2/($Q28*K40)) -> 0.034357143 | L52: =IF($O28=0,0,$O28/$F$2/($Q28*L40)) -> 0.041228571 | M52: =IF($O28=0,0,$O28/$F$2/($Q28*M40)) -> 0.0481 | N52: =IF($O28=0,0,$O28/$F$2/($Q28*N40)) -> 0.054971429 | O52: =IF($O28=0,0,$O28/$F$2/($Q28*O40)) -> 0.061842857 | P52: =IF($O28=0,0,$O28/$F$2/($Q28*P40)) -> 0.068714286 | Q52: =IF($O28=0,0,$O28/$F$2/($Q28*Q40)) -> 0.068714286 | ... Y52: =IF($O28=0,0,$O28/$F$2/($Q28*Y40)) -> 0.068714286
H53: 50000 | I53: 3500000 | J53: =IF($O29=0,0,$O29/$F$2/($Q29*J41)) -> 0.02803133 | K53: =IF($O29=0,0,$O29/$F$2/($Q29*K41)) -> 0.033908867 | L53: =IF($O29=0,0,$O29/$F$2/($Q29*L41)) -> 0.04069064 | M53: =IF($O29=0,0,$O29/$F$2/($Q29*M41)) -> 0.047472414 | N53: =IF($O29=0,0,$O29/$F$2/($Q29*N41)) -> 0.052445714 | O53: =IF($O29=0,0,$O29/$F$2/($Q29*O41)) -> 0.059001429 | P53: =IF($O29=0,0,$O29/$F$2/($Q29*P41)) -> 0.065557143 | Q53: =IF($O29=0,0,$O29/$F$2/($Q29*Q41)) -> 0.065557143 | ... Y53: =IF($O29=0,0,$O29/$F$2/($Q29*Y41)) -> 0.065557143
H54: 100000 | I54: 7000000 | J54: =IF($O30=0,0,$O30/$F$2/($Q30*J42)) -> 0.029354897 | K54: =IF($O30=0,0,$O30/$F$2/($Q30*K42)) -> 0.034596842 | L54: =IF($O30=0,0,$O30/$F$2/($Q30*L42)) -> 0.040258144 | M54: =IF($O30=0,0,$O30/$F$2/($Q30*M42)) -> 0.046967834 | N54: =IF($O30=0,0,$O30/$F$2/($Q30*N42)) -> 0.052000102 | O54: =IF($O30=0,0,$O30/$F$2/($Q30*O42)) -> 0.058500115 | P54: =IF($O30=0,0,$O30/$F$2/($Q30*P42)) -> 0.06290335 | Q54: =IF($O30=0,0,$O30/$F$2/($Q30*Q42)) -> 0.06290335 | ... Y54: =IF($O30=0,0,$O30/$F$2/($Q30*Y42)) -> 0.06290335
H55: 200000 | I55: 14000000 | J55: =IF($O31=0,0,$O31/$F$2/($Q31*J43)) -> 0.034301172 | K55: =IF($O31=0,0,$O31/$F$2/($Q31*K43)) -> 0.039813861 | L55: =IF($O31=0,0,$O31/$F$2/($Q31*L43)) -> 0.045326549 | M55: =IF($O31=0,0,$O31/$F$2/($Q31*M43)) -> 0.051451759 | N55: =IF($O31=0,0,$O31/$F$2/($Q31*N43)) -> 0.057168621 | O55: =IF($O31=0,0,$O31/$F$2/($Q31*O43)) -> 0.062477135 | P55: =IF($O31=0,0,$O31/$F$2/($Q31*P43)) -> 0.067377303 | Q55: =IF($O31=0,0,$O31/$F$2/($Q31*Q43)) -> 0.067377303 | ... Y55: =IF($O31=0,0,$O31/$F$2/($Q31*Y43)) -> 0.067377303
H56: 500000 | I56: 35000000 | J56: =IF($O32=0,0,$O32/$F$2/($Q32*J44)) -> 0.032667783 | K56: =IF($O32=0,0,$O32/$F$2/($Q32*K44)) -> 0.039133282 | L56: =IF($O32=0,0,$O32/$F$2/($Q32*L44)) -> 0.04593907 | M56: =IF($O32=0,0,$O32/$F$2/($Q32*M44)) -> 0.053595582 | N56: =IF($O32=0,0,$O32/$F$2/($Q32*N44)) -> 0.058529778 | O56: =IF($O32=0,0,$O32/$F$2/($Q32*O44)) -> 0.065846001 | P56: =IF($O32=0,0,$O32/$F$2/($Q32*P44)) -> 0.071460776 | Q56: =IF($O32=0,0,$O32/$F$2/($Q32*Q44)) -> 0.071460776 | ... Y56: =IF($O32=0,0,$O32/$F$2/($Q32*Y44)) -> 0.071460776
H57: 1000000 | I57: 70000000 | J57: =IF($O33=0,0,$O33/$F$2/($Q33*J45)) -> 0.036751256 | K57: =IF($O33=0,0,$O33/$F$2/($Q33*K45)) -> 0.044237623 | L57: =IF($O33=0,0,$O33/$F$2/($Q33*L45)) -> 0.051043411 | M57: =IF($O33=0,0,$O33/$F$2/($Q33*M45)) -> 0.058359634 | N57: =IF($O33=0,0,$O33/$F$2/($Q33*N45)) -> 0.065335567 | O57: =IF($O33=0,0,$O33/$F$2/($Q33*O45)) -> 0.07197121 | P57: =IF($O33=0,0,$O33/$F$2/($Q33*P45)) -> 0.078266564 | Q57: =IF($O33=0,0,$O33/$F$2/($Q33*Q45)) -> 0.078266564 | ... Y57: =IF($O33=0,0,$O33/$F$2/($Q33*Y45)) -> 0.078266564
F59: 消耗返还 | J59: 1000000 | K59: 1250000 | L59: 1500000 | M59: 1750000 | N59: 2000000 | O59: 2250000 | P59: 2500000 | Q59: 2500000 | R59: 2500000 | S59: 2500000 | T59: 2500000 | U59: 2500000 | V59: 2500000 | W59: 2500000 | X59: 2500000 | Y59: 2500000
H60: 底注 | I60: 一局金币 | J60: 0 | K60: 1 | L60: 2 | M60: 3 | N60: 4 | O60: 5 | P60: 6 | Q60: 7 | R60: 8 | S60: 9 | T60: 10 | U60: 11 | V60: 12 | W60: 13 | X60: 14 | Y60: 15
H61: 1000 | I61: 70000 | J61: =IF($O25=0,0,$O25/$F$2/($Q25*$K2))*(J$59/$J$59) -> 0 | K61: =IF($O25=0,0,$O25/$F$2/($Q25*$K2))*(K$59/$J$59) -> 0 | L61: =IF($O25=0,0,$O25/$F$2/($Q25*$K2))*(L$59/$J$59) -> 0 | M61: =IF($O25=0,0,$O25/$F$2/($Q25*$K2))*(M$59/$J$59) -> 0 | N61: =IF($O25=0,0,$O25/$F$2/($Q25*$K2))*(N$59/$J$59) -> 0 | O61: =IF($O25=0,0,$O25/$F$2/($Q25*$K2))*(O$59/$J$59) -> 0 | P61: =IF($O25=0,0,$O25/$F$2/($Q25*$K2))*(P$59/$J$59) -> 0 | Q61: =IF($O25=0,0,$O25/$F$2/($Q25*$K2))*(Q$59/$J$59) -> 0 | ... Y61: =IF($O25=0,0,$O25/$F$2/($Q25*$K2))*(Y$59/$J$59) -> 0
H62: 3000 | I62: 210000 | J62: =IF($O26=0,0,$O26/$F$2/($Q26*$K3))*(J$59/$J$59) -> 0 | K62: =IF($O26=0,0,$O26/$F$2/($Q26*$K3))*(K$59/$J$59) -> 0 | L62: =IF($O26=0,0,$O26/$F$2/($Q26*$K3))*(L$59/$J$59) -> 0 | M62: =IF($O26=0,0,$O26/$F$2/($Q26*$K3))*(M$59/$J$59) -> 0 | N62: =IF($O26=0,0,$O26/$F$2/($Q26*$K3))*(N$59/$J$59) -> 0 | O62: =IF($O26=0,0,$O26/$F$2/($Q26*$K3))*(O$59/$J$59) -> 0 | P62: =IF($O26=0,0,$O26/$F$2/($Q26*$K3))*(P$59/$J$59) -> 0 | Q62: =IF($O26=0,0,$O26/$F$2/($Q26*$K3))*(Q$59/$J$59) -> 0 | ... Y62: =IF($O26=0,0,$O26/$F$2/($Q26*$K3))*(Y$59/$J$59) -> 0
H63: 10000 | I63: 700000 | J63: =IF($O27=0,0,$O27/$F$2/($Q27*$K4))*(J$59/$J$59) -> 1.3928571 | K63: =IF($O27=0,0,$O27/$F$2/($Q27*$K4))*(K$59/$J$59) -> 1.7410714 | L63: =IF($O27=0,0,$O27/$F$2/($Q27*$K4))*(L$59/$J$59) -> 2.0892857 | M63: =IF($O27=0,0,$O27/$F$2/($Q27*$K4))*(M$59/$J$59) -> 2.4375 | N63: =IF($O27=0,0,$O27/$F$2/($Q27*$K4))*(N$59/$J$59) -> 2.7857143 | O63: =IF($O27=0,0,$O27/$F$2/($Q27*$K4))*(O$59/$J$59) -> 3.1339286 | P63: =IF($O27=0,0,$O27/$F$2/($Q27*$K4))*(P$59/$J$59) -> 3.4821429 | Q63: =IF($O27=0,0,$O27/$F$2/($Q27*$K4))*(Q$59/$J$59) -> 3.4821429 | ... Y63: =IF($O27=0,0,$O27/$F$2/($Q27*$K4))*(Y$59/$J$59) -> 3.4821429
H64: 20000 | I64: 1400000 | J64: =IF($O28=0,0,$O28/$F$2/($Q28*$K5))*(J$59/$J$59) -> 0.27485714 | K64: =IF($O28=0,0,$O28/$F$2/($Q28*$K5))*(K$59/$J$59) -> 0.34357143 | L64: =IF($O28=0,0,$O28/$F$2/($Q28*$K5))*(L$59/$J$59) -> 0.41228571 | M64: =IF($O28=0,0,$O28/$F$2/($Q28*$K5))*(M$59/$J$59) -> 0.481 | N64: =IF($O28=0,0,$O28/$F$2/($Q28*$K5))*(N$59/$J$59) -> 0.54971429 | O64: =IF($O28=0,0,$O28/$F$2/($Q28*$K5))*(O$59/$J$59) -> 0.61842857 | P64: =IF($O28=0,0,$O28/$F$2/($Q28*$K5))*(P$59/$J$59) -> 0.68714286 | Q64: =IF($O28=0,0,$O28/$F$2/($Q28*$K5))*(Q$59/$J$59) -> 0.68714286 | ... Y64: =IF($O28=0,0,$O28/$F$2/($Q28*$K5))*(Y$59/$J$59) -> 0.68714286
H65: 50000 | I65: 3500000 | J65: =IF($O29=0,0,$O29/$F$2/($Q29*$K6))*(J$59/$J$59) -> 0.26222857 | K65: =IF($O29=0,0,$O29/$F$2/($Q29*$K6))*(K$59/$J$59) -> 0.32778571 | L65: =IF($O29=0,0,$O29/$F$2/($Q29*$K6))*(L$59/$J$59) -> 0.39334286 | M65: =IF($O29=0,0,$O29/$F$2/($Q29*$K6))*(M$59/$J$59) -> 0.4589 | N65: =IF($O29=0,0,$O29/$F$2/($Q29*$K6))*(N$59/$J$59) -> 0.52445714 | O65: =IF($O29=0,0,$O29/$F$2/($Q29*$K6))*(O$59/$J$59) -> 0.59001429 | P65: =IF($O29=0,0,$O29/$F$2/($Q29*$K6))*(P$59/$J$59) -> 0.65557143 | Q65: =IF($O29=0,0,$O29/$F$2/($Q29*$K6))*(Q$59/$J$59) -> 0.65557143 | ... Y65: =IF($O29=0,0,$O29/$F$2/($Q29*$K6))*(Y$59/$J$59) -> 0.65557143
H66: 100000 | I66: 7000000 | J66: =IF($O30=0,0,$O30/$F$2/($Q30*$K7))*(J$59/$J$59) -> 0.24322629 | K66: =IF($O30=0,0,$O30/$F$2/($Q30*$K7))*(K$59/$J$59) -> 0.30403286 | L66: =IF($O30=0,0,$O30/$F$2/($Q30*$K7))*(L$59/$J$59) -> 0.36483943 | M66: =IF($O30=0,0,$O30/$F$2/($Q30*$K7))*(M$59/$J$59) -> 0.425646 | N66: =IF($O30=0,0,$O30/$F$2/($Q30*$K7))*(N$59/$J$59) -> 0.48645257 | O66: =IF($O30=0,0,$O30/$F$2/($Q30*$K7))*(O$59/$J$59) -> 0.54725914 | P66: =IF($O30=0,0,$O30/$F$2/($Q30*$K7))*(P$59/$J$59) -> 0.60806571 | Q66: =IF($O30=0,0,$O30/$F$2/($Q30*$K7))*(Q$59/$J$59) -> 0.60806571 | ... Y66: =IF($O30=0,0,$O30/$F$2/($Q30*$K7))*(Y$59/$J$59) -> 0.60806571
H67: 200000 | I67: 14000000 | J67: =IF($O31=0,0,$O31/$F$2/($Q31*$K8))*(J$59/$J$59) -> 0.23684143 | K67: =IF($O31=0,0,$O31/$F$2/($Q31*$K8))*(K$59/$J$59) -> 0.29605179 | L67: =IF($O31=0,0,$O31/$F$2/($Q31*$K8))*(L$59/$J$59) -> 0.35526214 | M67: =IF($O31=0,0,$O31/$F$2/($Q31*$K8))*(M$59/$J$59) -> 0.4144725 | N67: =IF($O31=0,0,$O31/$F$2/($Q31*$K8))*(N$59/$J$59) -> 0.47368286 | O67: =IF($O31=0,0,$O31/$F$2/($Q31*$K8))*(O$59/$J$59) -> 0.53289321 | P67: =IF($O31=0,0,$O31/$F$2/($Q31*$K8))*(P$59/$J$59) -> 0.59210357 | Q67: =IF($O31=0,0,$O31/$F$2/($Q31*$K8))*(Q$59/$J$59) -> 0.59210357 | ... Y67: =IF($O31=0,0,$O31/$F$2/($Q31*$K8))*(Y$59/$J$59) -> 0.59210357
H68: 500000 | I68: 35000000 | J68: =IF($O32=0,0,$O32/$F$2/($Q32*$K9))*(J$59/$J$59) -> 0.19736786 | K68: =IF($O32=0,0,$O32/$F$2/($Q32*$K9))*(K$59/$J$59) -> 0.24670982 | L68: =IF($O32=0,0,$O32/$F$2/($Q32*$K9))*(L$59/$J$59) -> 0.29605179 | M68: =IF($O32=0,0,$O32/$F$2/($Q32*$K9))*(M$59/$J$59) -> 0.34539375 | N68: =IF($O32=0,0,$O32/$F$2/($Q32*$K9))*(N$59/$J$59) -> 0.39473571 | O68: =IF($O32=0,0,$O32/$F$2/($Q32*$K9))*(O$59/$J$59) -> 0.44407768 | P68: =IF($O32=0,0,$O32/$F$2/($Q32*$K9))*(P$59/$J$59) -> 0.49341964 | Q68: =IF($O32=0,0,$O32/$F$2/($Q32*$K9))*(Q$59/$J$59) -> 0.49341964 | ... Y68: =IF($O32=0,0,$O32/$F$2/($Q32*$K9))*(Y$59/$J$59) -> 0.49341964
H69: 1000000 | I69: 70000000 | J69: =IF($O33=0,0,$O33/$F$2/($Q33*$K10))*(J$59/$J$59) -> 0.19736786 | K69: =IF($O33=0,0,$O33/$F$2/($Q33*$K10))*(K$59/$J$59) -> 0.24670982 | L69: =IF($O33=0,0,$O33/$F$2/($Q33*$K10))*(L$59/$J$59) -> 0.29605179 | M69: =IF($O33=0,0,$O33/$F$2/($Q33*$K10))*(M$59/$J$59) -> 0.34539375 | N69: =IF($O33=0,0,$O33/$F$2/($Q33*$K10))*(N$59/$J$59) -> 0.39473571 | O69: =IF($O33=0,0,$O33/$F$2/($Q33*$K10))*(O$59/$J$59) -> 0.44407768 | P69: =IF($O33=0,0,$O33/$F$2/($Q33*$K10))*(P$59/$J$59) -> 0.49341964 | Q69: =IF($O33=0,0,$O33/$F$2/($Q33*$K10))*(Q$59/$J$59) -> 0.49341964 | ... Y69: =IF($O33=0,0,$O33/$F$2/($Q33*$K10))*(Y$59/$J$59) -> 0.49341964
F71: 累计花费美金 | J71: 1000000 | K71: 1250000 | L71: 1500000 | M71: 1750000 | N71: 2000000 | O71: 2250000 | P71: 2500000 | Q71: 2500000 | R71: 2500000 | S71: 2500000 | T71: 2500000 | U71: 2500000 | V71: 2500000 | W71: 2500000 | X71: 2500000 | Y71: 2500000
H72: 底注 | I72: 一局金币 | J72: 0 | K72: 1 | L72: 2 | M72: 3 | N72: 4 | O72: 5 | P72: 6 | Q72: 7 | R72: 8 | S72: 9 | T72: 10 | U72: 11 | V72: 12 | W72: 13 | X72: 14 | Y72: 15
H73: 1000 | I73: 70000 | J73: =IF($O25=0,0,$Q25*J37)*$F$6 -> 0 | K73: =IF($O25=0,0,$Q25*K37)*$F$6 -> 0 | L73: =IF($O25=0,0,$Q25*L37)*$F$6 -> 0 | M73: =IF($O25=0,0,$Q25*M37)*$F$6 -> 0 | N73: =IF($O25=0,0,$Q25*N37)*$F$6 -> 0 | O73: =IF($O25=0,0,$Q25*O37)*$F$6 -> 0 | P73: =IF($O25=0,0,$Q25*P37)*$F$6 -> 0 | Q73: =IF($O25=0,0,$Q25*Q37)*$F$6 -> 0 | ... Y73: =IF($O25=0,0,$Q25*Y37)*$F$6 -> 0
H74: 3000 | I74: 210000 | J74: =IF($O26=0,0,$Q26*J38)*$F$6 -> 0 | K74: =IF($O26=0,0,$Q26*K38)*$F$6 -> 0 | L74: =IF($O26=0,0,$Q26*L38)*$F$6 -> 0 | M74: =IF($O26=0,0,$Q26*M38)*$F$6 -> 0 | N74: =IF($O26=0,0,$Q26*N38)*$F$6 -> 0 | O74: =IF($O26=0,0,$Q26*O38)*$F$6 -> 0 | P74: =IF($O26=0,0,$Q26*P38)*$F$6 -> 0 | Q74: =IF($O26=0,0,$Q26*Q38)*$F$6 -> 0 | ... Y74: =IF($O26=0,0,$Q26*Y38)*$F$6 -> 0
H75: 10000 | I75: 700000 | J75: =IF($O27=0,0,$Q27*J39)*$F$6 -> 1.7948718 | K75: =IF($O27=0,0,$Q27*K39)*$F$6 -> 1.4358974 | L75: =IF($O27=0,0,$Q27*L39)*$F$6 -> 1.1965812 | M75: =IF($O27=0,0,$Q27*M39)*$F$6 -> 1.025641 | N75: =IF($O27=0,0,$Q27*N39)*$F$6 -> 0.8974359 | O75: =IF($O27=0,0,$Q27*O39)*$F$6 -> 0.7977208 | P75: =IF($O27=0,0,$Q27*P39)*$F$6 -> 0.71794872 | Q75: =IF($O27=0,0,$Q27*Q39)*$F$6 -> 0.71794872 | ... Y75: =IF($O27=0,0,$Q27*Y39)*$F$6 -> 0.71794872
H76: 20000 | I76: 1400000 | J76: =IF($O28=0,0,$Q28*J40)*$F$6 -> 53.846154 | K76: =IF($O28=0,0,$Q28*K40)*$F$6 -> 43.076923 | L76: =IF($O28=0,0,$Q28*L40)*$F$6 -> 35.897436 | M76: =IF($O28=0,0,$Q28*M40)*$F$6 -> 30.769231 | N76: =IF($O28=0,0,$Q28*N40)*$F$6 -> 26.923077 | O76: =IF($O28=0,0,$Q28*O40)*$F$6 -> 23.931624 | P76: =IF($O28=0,0,$Q28*P40)*$F$6 -> 21.538462 | Q76: =IF($O28=0,0,$Q28*Q40)*$F$6 -> 21.538462 | ... Y76: =IF($O28=0,0,$Q28*Y40)*$F$6 -> 21.538462
H77: 50000 | I77: 3500000 | J77: =IF($O29=0,0,$Q29*J41)*$F$6 -> 251.86104 | K77: =IF($O29=0,0,$Q29*K41)*$F$6 -> 208.20513 | L77: =IF($O29=0,0,$Q29*L41)*$F$6 -> 173.50427 | M77: =IF($O29=0,0,$Q29*M41)*$F$6 -> 148.71795 | N77: =IF($O29=0,0,$Q29*N41)*$F$6 -> 134.61538 | O77: =IF($O29=0,0,$Q29*O41)*$F$6 -> 119.65812 | P77: =IF($O29=0,0,$Q29*P41)*$F$6 -> 107.69231 | Q77: =IF($O29=0,0,$Q29*Q41)*$F$6 -> 107.69231 | ... Y77: =IF($O29=0,0,$Q29*Y41)*$F$6 -> 107.69231
H78: 100000 | I78: 7000000 | J78: =IF($O30=0,0,$Q30*J42)*$F$6 -> 656.1086 | K78: =IF($O30=0,0,$Q30*K42)*$F$6 -> 556.6982 | L78: =IF($O30=0,0,$Q30*L42)*$F$6 -> 478.41252 | M78: =IF($O30=0,0,$Q30*M42)*$F$6 -> 410.06787 | N78: =IF($O30=0,0,$Q30*N42)*$F$6 -> 370.38389 | O78: =IF($O30=0,0,$Q30*O42)*$F$6 -> 329.23012 | P78: =IF($O30=0,0,$Q30*P42)*$F$6 -> 306.18401 | Q78: =IF($O30=0,0,$Q30*Q42)*$F$6 -> 306.18401 | ... Y78: =IF($O30=0,0,$Q30*Y42)*$F$6 -> 306.18401
H79: 200000 | I79: 14000000 | J79: =IF($O31=0,0,$Q31*J43)*$F$6 -> 1239.3162 | K79: =IF($O31=0,0,$Q31*K43)*$F$6 -> 1067.7186 | L79: =IF($O31=0,0,$Q31*L43)*$F$6 -> 937.86094 | M79: =IF($O31=0,0,$Q31*M43)*$F$6 -> 826.21083 | N79: =IF($O31=0,0,$Q31*N43)*$F$6 -> 743.58974 | O79: =IF($O31=0,0,$Q31*O43)*$F$6 -> 680.40892 | P79: =IF($O31=0,0,$Q31*P43)*$F$6 -> 630.92463 | Q79: =IF($O31=0,0,$Q31*Q43)*$F$6 -> 630.92463 | ... Y79: =IF($O31=0,0,$Q31*Y43)*$F$6 -> 630.92463
H80: 500000 | I80: 35000000 | J80: =IF($O32=0,0,$Q32*J44)*$F$6 -> 1301.2821 | K80: =IF($O32=0,0,$Q32*K44)*$F$6 -> 1086.2876 | L80: =IF($O32=0,0,$Q32*L44)*$F$6 -> 925.35613 | M80: =IF($O32=0,0,$Q32*M44)*$F$6 -> 793.16239 | N80: =IF($O32=0,0,$Q32*N44)*$F$6 -> 726.29696 | O80: =IF($O32=0,0,$Q32*O44)*$F$6 -> 645.5973 | P80: =IF($O32=0,0,$Q32*P44)*$F$6 -> 594.87179 | Q80: =IF($O32=0,0,$Q32*Q44)*$F$6 -> 594.87179 | ... Y80: =IF($O32=0,0,$Q32*Y44)*$F$6 -> 594.87179
H81: 1000000 | I81: 70000000 | J81: =IF($O33=0,0,$Q33*J45)*$F$6 -> 1156.6952 | K81: =IF($O33=0,0,$Q33*K45)*$F$6 -> 960.94675 | L81: =IF($O33=0,0,$Q33*L45)*$F$6 -> 832.82051 | M81: =IF($O33=0,0,$Q33*M45)*$F$6 -> 728.41444 | N81: =IF($O33=0,0,$Q33*N45)*$F$6 -> 650.64103 | O81: =IF($O33=0,0,$Q33*O45)*$F$6 -> 590.65285 | P81: =IF($O33=0,0,$Q33*P45)*$F$6 -> 543.14381 | Q81: =IF($O33=0,0,$Q33*Q45)*$F$6 -> 543.14381 | ... Y81: =IF($O33=0,0,$Q33*Y45)*$F$6 -> 543.14381

Sheet 10.24调整
A1: 基础金币/美金 | C1: 章节 | D1: 金币 | E1: 美金 | H1: 章节 | I1: 金币 | J1: 美金 | K1: 最大星级 | M1: 基础金币/美金 | O1: 底注 | P1: //筹码下限 | Q1: 一局消耗 | R1: 消耗美金 | S1: //卡包id1 | T1: //概率 | U1: 产出卡包 | V1: //卡包id2 | W1: //概率 | Y1: //卡包id3 | Z1: //概率 | AB1: 单局上限 | AC1: 平均小轮数 | AE1: 单局产出卡包 | AG1: 卡包数量 | AH1: 1 | AI1: 2 | AJ1: 3 | AK1: 4 | AL1: 5 | AM1: 6 | AO1: 需要牌局数 | AQ1: 星级 | AR1: 1 | AS1: 2 | AT1: 3 | AU1: 4 | AV1: 5 | AW1: 6 | BB1: 入场花费美金 | BF1: 1000000 | BG1: 1250000 | BH1: 1500000 | BI1: 1750000 | BJ1: 2000000 | BK1: 2250000 | BL1: 2500000 | BM1: 2500000 | BN1: 2500000 | BO1: 2500000 | BP1: 2500000 | BQ1: 2500000 | BR1: 2500000 | BS1: 2500000 | BT1: 2500000 | BU1: 2500000 | BW1: 消费返还 | CA1: 1000000 | CB1: 1250000 | CC1: 1500000 | CD1: 1750000 | CE1: 2000000 | CF1: 2250000 | CG1: 2500000 | CH1: 2500000 | CI1: 2500000 | CJ1: 2500000 | CK1: 2500000 | CL1: 2500000 | CM1: 2500000 | CN1: 2500000 | CO1: 2500000 | CP1: 2500000
A2: 1000000 | C2: 1 | D2: 100000 | E2: =D2/$A$2 -> 0.1 | H2: 1 | I2: 200000 | J2: =I2/$A$2 -> 0.2 | K2: 1 | M2: 1000000 | O2: 1000 | P2: 5000 | Q2: =O2*$M$4*$M$6 -> 7000 | R2: =Q2/$M$2 -> 0.007 | AB2: 1 | AC2: 13 | AG2: =O2 -> 1000 | AH2: =IF($S2=AH$1,$U2,0)+IF($V2=AH$1,$X2,0)+IF($Y2=AH$1,$AA2,0) -> 0 | AI2: =IF($S2=AI$1,$U2,0)+IF($V2=AI$1,$X2,0)+IF($Y2=AI$1,$AA2,0) -> 0 | AJ2: =IF($S2=AJ$1,$U2,0)+IF($V2=AJ$1,$X2,0)+IF($Y2=AJ$1,$AA2,0) -> 0 | AK2: =IF($S2=AK$1,$U2,0)+IF($V2=AK$1,$X2,0)+IF($Y2=AK$1,$AA2,0) -> 0 | AL2: =IF($S2=AL$1,$U2,0)+IF($V2=AL$1,$X2,0)+IF($Y2=AL$1,$AA2,0) -> 0 | AM2: =IF($S2=AM$1,$U2,0)+IF($V2=AM$1,$X2,0)+IF($Y2=AM$1,$AA2,0) -> 0 | AQ2: 需要开卡次数 | AR2: 25 | AS2: 50 | AT2: 50 | AU2: 50 | AV2: 50 | AW2: 40 | AX2: 集满奖励 | AY2: 集满美金 | AZ2: 最低牌局数 | BD2: 底注 | BE2: 一局金币 | BF2: 0 | BG2: 1 | BH2: 2 | BI2: 3 | BJ2: 4 | BK2: 5 | BL2: 6 | BM2: 7 | BN2: 8 | BO2: 9 | BP2: 10 | BQ2: 11 | BR2: 12 | BS2: 13 | BT2: 14 | BU2: 15 | BY2: 底注 | BZ2: 一局金币 | CA2: 0 | CB2: 1 | CC2: 2 | CD2: 3 | CE2: 4 | CF2: 5 | CG2: 6 | CH2: 7 | CI2: 8 | CJ2: 9 | CK2: 10 | CL2: 11 | CM2: 12 | CN2: 13 | CO2: 14 | CP2: 15
C3: 2 | D3: 150000 | E3: =D3/$A$2 -> 0.15 | H3: 2 | I3: 300000 | J3: =I3/$A$2 -> 0.3 | K3: 2 | M3: 平均倍率 | O3: 3000 | P3: =O3*50 -> 150000 | Q3: =O3*$M$4*$M$6 -> 21000 | R3: =Q3/$M$2 -> 0.021 | AB3: 1 | AC3: 13 | AG3: =O3 -> 3000 | AH3: =IF($S3=AH$1,$U3,0)+IF($V3=AH$1,$X3,0)+IF($Y3=AH$1,$AA3,0) -> 0 | AI3: =IF($S3=AI$1,$U3,0)+IF($V3=AI$1,$X3,0)+IF($Y3=AI$1,$AA3,0) -> 0 | AJ3: =IF($S3=AJ$1,$U3,0)+IF($V3=AJ$1,$X3,0)+IF($Y3=AJ$1,$AA3,0) -> 0 | AK3: =IF($S3=AK$1,$U3,0)+IF($V3=AK$1,$X3,0)+IF($Y3=AK$1,$AA3,0) -> 0 | AL3: =IF($S3=AL$1,$U3,0)+IF($V3=AL$1,$X3,0)+IF($Y3=AL$1,$AA3,0) -> 0 | AM3: =IF($S3=AM$1,$U3,0)+IF($V3=AM$1,$X3,0)+IF($Y3=AM$1,$AA3,0) -> 0 | AQ3: =AG2 -> 1000 | AR3: =IF(AH2=0,0,AR$2/AH2) -> 0 | AS3: =IF(AI2=0,0,AS$2/AI2) -> 0 | AT3: =IF(AJ2=0,0,AT$2/AJ2) -> 0 | AU3: =IF(AK2=0,0,AU$2/AK2) -> 0 | AV3: =IF(AL2=0,0,AV$2/AL2) -> 0 | AW3: =IF(AM2=0,0,AW$2/AM2) -> 0 | AX3: =IF(AW3>0,SUMIF($K$2:$K$21,"<="&$AW$1,$I$2:I20),IF(AV3>0,SUMIF($K$2:$K$21,"<="&$AV$1,$I$2:I20),IF(AU3>0,SUMIF($K$2:$K$21,"<="&$AU$1,$I$2:I20),IF(AT3>0,SUMIF($K$2:$K$21,"<="&$AT$1,$I$2:I20),IF(AS3>0,SUMIF($K$2:$K$21,"<="&$AS$1,$I$2:I20),IF(AR3>0,SUMIF($K$2:$K$21,"<="&$AR$1,$I$2:I20),0)))))) -> 0 | AY3: =AX3/$M$2 -> 0 | AZ3: =IF(AW3>0,AW3,IF(AV3>0,AV3,IF(AU3>0,AU3,IF(AT3>0,AT3,IF(AS3>0,AS3,AR3))))) -> 0 | BD3: =AQ3 -> 1000 | BE3: 70000 | BF3: 0.07 | BG3: 0.056 | BH3: 0.046666667 | BI3: 0.04 | BJ3: 0.035 | BK3: 0.031111111 | BL3: 0.028 | BM3: 0.028 | BN3: 0.028 | BO3: 0.028 | BP3: 0.028 | BQ3: 0.028 | BR3: 0.028 | BS3: 0.028 | BT3: 0.028 | BU3: 0.028 | BY3: =BD3 -> 1000 | BZ3: 70000 | CA3: =IF($AX3=0,0,$AX3/$M$2/($AZ3*BF3)) -> 0 | CB3: =IF($AX3=0,0,$AX3/$M$2/($AZ3*BG3)) -> 0 | CC3: =IF($AX3=0,0,$AX3/$M$2/($AZ3*BH3)) -> 0 | CD3: =IF($AX3=0,0,$AX3/$M$2/($AZ3*BI3)) -> 0 | CE3: =IF($AX3=0,0,$AX3/$M$2/($AZ3*BJ3)) -> 0 | CF3: =IF($AX3=0,0,$AX3/$M$2/($AZ3*BK3)) -> 0 | CG3: =IF($AX3=0,0,$AX3/$M$2/($AZ3*BL3)) -> 0 | CH3: =IF($AX3=0,0,$AX3/$M$2/($AZ3*BM3)) -> 0 | ... CP3: =IF($AX3=0,0,$AX3/$M$2/($AZ3*BU3)) -> 0
C4: 3 | D4: 300000 | E4: =D4/$A$2 -> 0.3 | H4: 3 | I4: 600000 | J4: =I4/$A$2 -> 0.6 | K4: 2 | M4: 70 | O4: 10000 | P4: =O4*50 -> 500000 | Q4: =O4*$M$4*$M$6 -> 70000 | R4: =Q4/$M$2 -> 0.07 | S4: 1 | T4: 750 | U4: =T4*$AC4/10000 -> 0.975 | AB4: 1 | AC4: 13 | AD4: =SUM(T4+W4+Z4) -> 750 | AG4: =O4 -> 10000 | AH4: =IF($S4=AH$1,$U4,0)+IF($V4=AH$1,$X4,0)+IF($Y4=AH$1,$AA4,0) -> 0.975 | AI4: =IF($S4=AI$1,$U4,0)+IF($V4=AI$1,$X4,0)+IF($Y4=AI$1,$AA4,0) -> 0 | AJ4: =IF($S4=AJ$1,$U4,0)+IF($V4=AJ$1,$X4,0)+IF($Y4=AJ$1,$AA4,0) -> 0 | AK4: =IF($S4=AK$1,$U4,0)+IF($V4=AK$1,$X4,0)+IF($Y4=AK$1,$AA4,0) -> 0 | AL4: =IF($S4=AL$1,$U4,0)+IF($V4=AL$1,$X4,0)+IF($Y4=AL$1,$AA4,0) -> 0 | AM4: =IF($S4=AM$1,$U4,0)+IF($V4=AM$1,$X4,0)+IF($Y4=AM$1,$AA4,0) -> 0 | AQ4: =AG3 -> 3000 | AR4: =IF(AH3=0,0,AR$2/AH3) -> 0 | AS4: =IF(AI3=0,0,AS$2/AI3) -> 0 | AT4: =IF(AJ3=0,0,AT$2/AJ3) -> 0 | AU4: =IF(AK3=0,0,AU$2/AK3) -> 0 | AV4: =IF(AL3=0,0,AV$2/AL3) -> 0 | AW4: =IF(AM3=0,0,AW$2/AM3) -> 0 | AX4: =IF(AW4>0,SUMIF($K$2:$K$21,"<="&$AW$1,$I$2:I21),IF(AV4>0,SUMIF($K$2:$K$21,"<="&$AV$1,$I$2:I21),IF(AU4>0,SUMIF($K$2:$K$21,"<="&$AU$1,$I$2:I21),IF(AT4>0,SUMIF($K$2:$K$21,"<="&$AT$1,$I$2:I21),IF(AS4>0,SUMIF($K$2:$K$21,"<="&$AS$1,$I$2:I21),IF(AR4>0,SUMIF($K$2:$K$21,"<="&$AR$1,$I$2:I21),0)))))) -> 0 | AY4: =AX4/$M$2 -> 0 | AZ4: =IF(AW4>0,AW4,IF(AV4>0,AV4,IF(AU4>0,AU4,IF(AT4>0,AT4,IF(AS4>0,AS4,AR4))))) -> 0 | BD4: =AQ4 -> 3000 | BE4: 210000 | BF4: 0.21 | BG4: 0.168 | BH4: 0.14 | BI4: 0.12 | BJ4: 0.105 | BK4: 0.093333333 | BL4: 0.084 | BM4: 0.084 | BN4: 0.084 | BO4: 0.084 | BP4: 0.084 | BQ4: 0.084 | BR4: 0.084 | BS4: 0.084 | BT4: 0.084 | BU4: 0.084 | BY4: =BD4 -> 3000 | BZ4: 210000 | CA4: =IF($AX4=0,0,$AX4/$M$2/($AZ4*BF4)) -> 0 | CB4: =IF($AX4=0,0,$AX4/$M$2/($AZ4*BG4)) -> 0 | CC4: =IF($AX4=0,0,$AX4/$M$2/($AZ4*BH4)) -> 0 | CD4: =IF($AX4=0,0,$AX4/$M$2/($AZ4*BI4)) -> 0 | CE4: =IF($AX4=0,0,$AX4/$M$2/($AZ4*BJ4)) -> 0 | CF4: =IF($AX4=0,0,$AX4/$M$2/($AZ4*BK4)) -> 0 | CG4: =IF($AX4=0,0,$AX4/$M$2/($AZ4*BL4)) -> 0 | CH4: =IF($AX4=0,0,$AX4/$M$2/($AZ4*BM4)) -> 0 | ... CP4: =IF($AX4=0,0,$AX4/$M$2/($AZ4*BU4)) -> 0
C5: 4 | D5: 500000 | E5: =D5/$A$2 -> 0.5 | H5: 4 | I5: 1000000 | J5: =I5/$A$2 -> 1 | K5: 2 | M5: 抽水 | O5: 20000 | P5: =O5*50 -> 1000000 | Q5: =O5*$M$4*$M$6 -> 140000 | R5: =Q5/$M$2 -> 0.14 | S5: 1 | T5: 600 | U5: =T5*$AC5/10000 -> 0.78 | V5: 2 | W5: 100 | X5: =W5*$AC5/10000 -> 0.13 | AB5: 1 | AC5: 13 | AD5: =SUM(T5+W5+Z5) -> 700 | AG5: =O5 -> 20000 | AH5: =IF($S5=AH$1,$U5,0)+IF($V5=AH$1,$X5,0)+IF($Y5=AH$1,$AA5,0) -> 0.78 | AI5: =IF($S5=AI$1,$U5,0)+IF($V5=AI$1,$X5,0)+IF($Y5=AI$1,$AA5,0) -> 0.13 | AJ5: =IF($S5=AJ$1,$U5,0)+IF($V5=AJ$1,$X5,0)+IF($Y5=AJ$1,$AA5,0) -> 0 | AK5: =IF($S5=AK$1,$U5,0)+IF($V5=AK$1,$X5,0)+IF($Y5=AK$1,$AA5,0) -> 0 | AL5: =IF($S5=AL$1,$U5,0)+IF($V5=AL$1,$X5,0)+IF($Y5=AL$1,$AA5,0) -> 0 | AM5: =IF($S5=AM$1,$U5,0)+IF($V5=AM$1,$X5,0)+IF($Y5=AM$1,$AA5,0) -> 0 | AQ5: =AG4 -> 10000 | AR5: =IF(AH4=0,0,AR$2/AH4) -> 25.641026 | AS5: =IF(AI4=0,0,AS$2/AI4) -> 0 | AT5: =IF(AJ4=0,0,AT$2/AJ4) -> 0 | AU5: =IF(AK4=0,0,AU$2/AK4) -> 0 | AV5: =IF(AL4=0,0,AV$2/AL4) -> 0 | AW5: =IF(AM4=0,0,AW$2/AM4) -> 0 | AX5: =IF(AW5>0,SUMIF($K$2:$K$21,"<="&$AW$1,$I$2:I22),IF(AV5>0,SUMIF($K$2:$K$21,"<="&$AV$1,$I$2:I22),IF(AU5>0,SUMIF($K$2:$K$21,"<="&$AU$1,$I$2:I22),IF(AT5>0,SUMIF($K$2:$K$21,"<="&$AT$1,$I$2:I22),IF(AS5>0,SUMIF($K$2:$K$21,"<="&$AS$1,$I$2:I22),IF(AR5>0,SUMIF($K$2:$K$21,"<="&$AR$1,$I$2:I22),0)))))) -> 200000 | AY5: =AX5/$M$2 -> 0.2 | AZ5: =IF(AW5>0,AW5,IF(AV5>0,AV5,IF(AU5>0,AU5,IF(AT5>0,AT5,IF(AS5>0,AS5,AR5))))) -> 25.641026 | BD5: =AQ5 -> 10000 | BE5: 700000 | BF5: 0.7 | BG5: 0.56 | BH5: 0.46666667 | BI5: 0.4 | BJ5: 0.35 | BK5: 0.31111111 | BL5: 0.28 | BM5: 0.28 | BN5: 0.28 | BO5: 0.28 | BP5: 0.28 | BQ5: 0.28 | BR5: 0.28 | BS5: 0.28 | BT5: 0.28 | BU5: 0.28 | BY5: =BD5 -> 10000 | BZ5: 700000 | CA5: =IF($AX5=0,0,$AX5/$M$2/($AZ5*BF5)) -> 0.011142857 | CB5: =IF($AX5=0,0,$AX5/$M$2/($AZ5*BG5)) -> 0.013928571 | CC5: =IF($AX5=0,0,$AX5/$M$2/($AZ5*BH5)) -> 0.016714286 | CD5: =IF($AX5=0,0,$AX5/$M$2/($AZ5*BI5)) -> 0.0195 | CE5: =IF($AX5=0,0,$AX5/$M$2/($AZ5*BJ5)) -> 0.022285714 | CF5: =IF($AX5=0,0,$AX5/$M$2/($AZ5*BK5)) -> 0.025071429 | CG5: =IF($AX5=0,0,$AX5/$M$2/($AZ5*BL5)) -> 0.027857143 | CH5: =IF($AX5=0,0,$AX5/$M$2/($AZ5*BM5)) -> 0.027857143 | ... CP5: =IF($AX5=0,0,$AX5/$M$2/($AZ5*BU5)) -> 0.027857143
C6: 5 | D6: 1000000 | E6: =D6/$A$2 -> 1 | H6: 5 | I6: 2000000 | J6: =I6/$A$2 -> 2 | K6: 2 | M6: 0.1 | O6: 50000 | P6: =O6*50 -> 2500000 | Q6: =O6*$M$4*$M$6 -> 350000 | R6: =Q6/$M$2 -> 0.35 | S6: 2 | T6: 525 | U6: =T6*$AC6/10000 -> 0.6825 | V6: 3 | W6: 525 | X6: =W6*$AC6/10000 -> 0.6825 | Y6: 4 | Z6: 50 | AA6: =Z6*$AC6/10000 -> 0.065 | AB6: 1 | AC6: 13 | AD6: =SUM(T6+W6+Z6) -> 1100 | AG6: =O6 -> 50000 | AH6: =IF($S6=AH$1,$U6,0)+IF($V6=AH$1,$X6,0)+IF($Y6=AH$1,$AA6,0) -> 0 | AI6: =IF($S6=AI$1,$U6,0)+IF($V6=AI$1,$X6,0)+IF($Y6=AI$1,$AA6,0) -> 0.6825 | AJ6: =IF($S6=AJ$1,$U6,0)+IF($V6=AJ$1,$X6,0)+IF($Y6=AJ$1,$AA6,0) -> 0.6825 | AK6: =IF($S6=AK$1,$U6,0)+IF($V6=AK$1,$X6,0)+IF($Y6=AK$1,$AA6,0) -> 0.065 | AL6: =IF($S6=AL$1,$U6,0)+IF($V6=AL$1,$X6,0)+IF($Y6=AL$1,$AA6,0) -> 0 | AM6: =IF($S6=AM$1,$U6,0)+IF($V6=AM$1,$X6,0)+IF($Y6=AM$1,$AA6,0) -> 0 | AQ6: =AG5 -> 20000 | AR6: =IF(AH5=0,0,AR$2/AH5) -> 32.051282 | AS6: =IF(AI5=0,0,AS$2/AI5) -> 384.61538 | AT6: =IF(AJ5=0,0,AT$2/AJ5) -> 0 | AU6: =IF(AK5=0,0,AU$2/AK5) -> 0 | AV6: =IF(AL5=0,0,AV$2/AL5) -> 0 | AW6: =IF(AM5=0,0,AW$2/AM5) -> 0 | AX6: =IF(AW6>0,SUMIF($K$2:$K$21,"<="&$AW$1,$I$2:I23),IF(AV6>0,SUMIF($K$2:$K$21,"<="&$AV$1,$I$2:I23),IF(AU6>0,SUMIF($K$2:$K$21,"<="&$AU$1,$I$2:I23),IF(AT6>0,SUMIF($K$2:$K$21,"<="&$AT$1,$I$2:I23),IF(AS6>0,SUMIF($K$2:$K$21,"<="&$AS$1,$I$2:I23),IF(AR6>0,SUMIF($K$2:$K$21,"<="&$AR$1,$I$2:I23),0)))))) -> 4100000 | AY6: =AX6/$M$2 -> 4.1 | AZ6: =IF(AW6>0,AW6,IF(AV6>0,AV6,IF(AU6>0,AU6,IF(AT6>0,AT6,IF(AS6>0,AS6,AR6))))) -> 384.61538 | BD6: =AQ6 -> 20000 | BE6: 1400000 | BF6: 1.4 | BG6: 1.12 | BH6: 0.93333333 | BI6: 0.8 | BJ6: 0.7 | BK6: 0.62222222 | BL6: 0.56 | BM6: 0.56 | BN6: 0.56 | BO6: 0.56 | BP6: 0.56 | BQ6: 0.56 | BR6: 0.56 | BS6: 0.56 | BT6: 0.56 | BU6: 0.56 | BY6: =BD6 -> 20000 | BZ6: 1400000 | CA6: =IF($AX6=0,0,$AX6/$M$2/($AZ6*BF6)) -> 0.0076142857 | CB6: =IF($AX6=0,0,$AX6/$M$2/($AZ6*BG6)) -> 0.0095178571 | CC6: =IF($AX6=0,0,$AX6/$M$2/($AZ6*BH6)) -> 0.011421429 | CD6: =IF($AX6=0,0,$AX6/$M$2/($AZ6*BI6)) -> 0.013325 | CE6: =IF($AX6=0,0,$AX6/$M$2/($AZ6*BJ6)) -> 0.015228571 | CF6: =IF($AX6=0,0,$AX6/$M$2/($AZ6*BK6)) -> 0.017132143 | CG6: =IF($AX6=0,0,$AX6/$M$2/($AZ6*BL6)) -> 0.019035714 | CH6: =IF($AX6=0,0,$AX6/$M$2/($AZ6*BM6)) -> 0.019035714 | ... CP6: =IF($AX6=0,0,$AX6/$M$2/($AZ6*BU6)) -> 0.019035714
C7: 6 | D7: 1200000 | E7: =D7/$A$2 -> 1.2 | H7: 6 | I7: 2400000 | J7: =I7/$A$2 -> 2.4 | K7: 3 | O7: 100000 | P7: =O7*50 -> 5000000 | Q7: =O7*$M$4*$M$6 -> 700000 | R7: =Q7/$M$2 -> 0.7 | S7: 3 | T7: 383 | U7: =T7*$AC7/10000 -> 0.4979 | V7: 4 | W7: 333 | X7: =W7*$AC7/10000 -> 0.4329 | Y7: 5 | Z7: 34 | AA7: =Z7*$AC7/10000 -> 0.0442 | AB7: 1 | AC7: 13 | AD7: =SUM(T7+W7+Z7) -> 750 | AG7: =O7 -> 100000 | AH7: =IF($S7=AH$1,$U7,0)+IF($V7=AH$1,$X7,0)+IF($Y7=AH$1,$AA7,0) -> 0 | AI7: =IF($S7=AI$1,$U7,0)+IF($V7=AI$1,$X7,0)+IF($Y7=AI$1,$AA7,0) -> 0 | AJ7: =IF($S7=AJ$1,$U7,0)+IF($V7=AJ$1,$X7,0)+IF($Y7=AJ$1,$AA7,0) -> 0.4979 | AK7: =IF($S7=AK$1,$U7,0)+IF($V7=AK$1,$X7,0)+IF($Y7=AK$1,$AA7,0) -> 0.4329 | AL7: =IF($S7=AL$1,$U7,0)+IF($V7=AL$1,$X7,0)+IF($Y7=AL$1,$AA7,0) -> 0.0442 | AM7: =IF($S7=AM$1,$U7,0)+IF($V7=AM$1,$X7,0)+IF($Y7=AM$1,$AA7,0) -> 0 | AQ7: =AG6 -> 50000 | AR7: =IF(AH6=0,0,AR$2/AH6) -> 0 | AS7: =IF(AI6=0,0,AS$2/AI6) -> 73.260073 | AT7: =IF(AJ6=0,0,AT$2/AJ6) -> 73.260073 | AU7: =IF(AK6=0,0,AU$2/AK6) -> 769.23077 | AV7: =IF(AL6=0,0,AV$2/AL6) -> 0 | AW7: =IF(AM6=0,0,AW$2/AM6) -> 0 | AX7: =IF(AW7>0,SUMIF($K$2:$K$21,"<="&$AW$1,$I$2:I24),IF(AV7>0,SUMIF($K$2:$K$21,"<="&$AV$1,$I$2:I24),IF(AU7>0,SUMIF($K$2:$K$21,"<="&$AU$1,$I$2:I24),IF(AT7>0,SUMIF($K$2:$K$21,"<="&$AT$1,$I$2:I24),IF(AS7>0,SUMIF($K$2:$K$21,"<="&$AS$1,$I$2:I24),IF(AR7>0,SUMIF($K$2:$K$21,"<="&$AR$1,$I$2:I24),0)))))) -> 22000000 | AY7: =AX7/$M$2 -> 22 | AZ7: =IF(AW7>0,AW7,IF(AV7>0,AV7,IF(AU7>0,AU7,IF(AT7>0,AT7,IF(AS7>0,AS7,AR7))))) -> 769.23077 | BD7: =AQ7 -> 50000 | BE7: 3500000 | BF7: 3.2741935 | BG7: 2.7066667 | BH7: 2.2555556 | BI7: 1.9333333 | BJ7: 1.75 | BK7: 1.5555556 | BL7: 1.4 | BM7: 1.4 | BN7: 1.4 | BO7: 1.4 | BP7: 1.4 | BQ7: 1.4 | BR7: 1.4 | BS7: 1.4 | BT7: 1.4 | BU7: 1.4 | BY7: =BD7 -> 50000 | BZ7: 3500000 | CA7: =IF($AX7=0,0,$AX7/$M$2/($AZ7*BF7)) -> 0.0087349754 | CB7: =IF($AX7=0,0,$AX7/$M$2/($AZ7*BG7)) -> 0.010566502 | CC7: =IF($AX7=0,0,$AX7/$M$2/($AZ7*BH7)) -> 0.012679803 | CD7: =IF($AX7=0,0,$AX7/$M$2/($AZ7*BI7)) -> 0.014793103 | CE7: =IF($AX7=0,0,$AX7/$M$2/($AZ7*BJ7)) -> 0.016342857 | CF7: =IF($AX7=0,0,$AX7/$M$2/($AZ7*BK7)) -> 0.018385714 | CG7: =IF($AX7=0,0,$AX7/$M$2/($AZ7*BL7)) -> 0.020428571 | CH7: =IF($AX7=0,0,$AX7/$M$2/($AZ7*BM7)) -> 0.020428571 | ... CP7: =IF($AX7=0,0,$AX7/$M$2/($AZ7*BU7)) -> 0.020428571
C8: 7 | D8: 1500000 | E8: =D8/$A$2 -> 1.5 | H8: 7 | I8: 3000000 | J8: =I8/$A$2 -> 3 | K8: 3 | O8: 200000 | P8: =O8*50 -> 10000000 | Q8: =O8*$M$4*$M$6 -> 1400000 | R8: =Q8/$M$2 -> 1.4 | S8: 4 | T8: 400 | U8: =T8*$AC8/10000 -> 0.52 | V8: 5 | W8: 338 | X8: =W8*$AC8/10000 -> 0.4394 | Y8: 6 | Z8: 9 | AA8: =Z8*$AC8/10000 -> 0.0117 | AB8: 2 | AC8: 13 | AD8: =SUM(T8+W8+Z8) -> 747 | AG8: =O8 -> 200000 | AH8: =IF($S8=AH$1,$U8,0)+IF($V8=AH$1,$X8,0)+IF($Y8=AH$1,$AA8,0) -> 0 | AI8: =IF($S8=AI$1,$U8,0)+IF($V8=AI$1,$X8,0)+IF($Y8=AI$1,$AA8,0) -> 0 | AJ8: =IF($S8=AJ$1,$U8,0)+IF($V8=AJ$1,$X8,0)+IF($Y8=AJ$1,$AA8,0) -> 0 | AK8: =IF($S8=AK$1,$U8,0)+IF($V8=AK$1,$X8,0)+IF($Y8=AK$1,$AA8,0) -> 0.52 | AL8: =IF($S8=AL$1,$U8,0)+IF($V8=AL$1,$X8,0)+IF($Y8=AL$1,$AA8,0) -> 0.4394 | AM8: =IF($S8=AM$1,$U8,0)+IF($V8=AM$1,$X8,0)+IF($Y8=AM$1,$AA8,0) -> 0.0117 | AQ8: =AG7 -> 100000 | AR8: =IF(AH7=0,0,AR$2/AH7) -> 0 | AS8: =IF(AI7=0,0,AS$2/AI7) -> 0 | AT8: =IF(AJ7=0,0,AT$2/AJ7) -> 100.42177 | AU8: =IF(AK7=0,0,AU$2/AK7) -> 115.50012 | AV8: =IF(AL7=0,0,AV$2/AL7) -> 1131.2217 | AW8: =IF(AM7=0,0,AW$2/AM7) -> 0 | AX8: =IF(AW8>0,SUMIF($K$2:$K$21,"<="&$AW$1,$I$2:I25),IF(AV8>0,SUMIF($K$2:$K$21,"<="&$AV$1,$I$2:I25),IF(AU8>0,SUMIF($K$2:$K$21,"<="&$AU$1,$I$2:I25),IF(AT8>0,SUMIF($K$2:$K$21,"<="&$AT$1,$I$2:I25),IF(AS8>0,SUMIF($K$2:$K$21,"<="&$AS$1,$I$2:I25),IF(AR8>0,SUMIF($K$2:$K$21,"<="&$AR$1,$I$2:I25),0)))))) -> 45000000 | AY8: =AX8/$M$2 -> 45 | AZ8: =IF(AW8>0,AW8,IF(AV8>0,AV8,IF(AU8>0,AU8,IF(AT8>0,AT8,IF(AS8>0,AS8,AR8))))) -> 1131.2217 | BD8: =AQ8 -> 100000 | BE8: 7000000 | BF8: 5.8 | BG8: 4.9212121 | BH8: 4.2291667 | BI8: 3.625 | BJ8: 3.2741935 | BK8: 2.9103943 | BL8: 2.7066667 | BM8: 2.7066667 | BN8: 2.7066667 | BO8: 2.7066667 | BP8: 2.7066667 | BQ8: 2.7066667 | BR8: 2.7066667 | BS8: 2.7066667 | BT8: 2.7066667 | BU8: 2.7066667 | BY8: =BD8 -> 100000 | BZ8: 7000000 | CA8: =IF($AX8=0,0,$AX8/$M$2/($AZ8*BF8)) -> 0.0068586207 | CB8: =IF($AX8=0,0,$AX8/$M$2/($AZ8*BG8)) -> 0.0080833744 | CC8: =IF($AX8=0,0,$AX8/$M$2/($AZ8*BH8)) -> 0.0094061084 | CD8: =IF($AX8=0,0,$AX8/$M$2/($AZ8*BI8)) -> 0.010973793 | CE8: =IF($AX8=0,0,$AX8/$M$2/($AZ8*BJ8)) -> 0.012149557 | CF8: =IF($AX8=0,0,$AX8/$M$2/($AZ8*BK8)) -> 0.013668251 | CG8: =IF($AX8=0,0,$AX8/$M$2/($AZ8*BL8)) -> 0.014697044 | CH8: =IF($AX8=0,0,$AX8/$M$2/($AZ8*BM8)) -> 0.014697044 | ... CP8: =IF($AX8=0,0,$AX8/$M$2/($AZ8*BU8)) -> 0.014697044
C9: 8 | D9: 1800000 | E9: =D9/$A$2 -> 1.8 | H9: 8 | I9: 3500000 | J9: =I9/$A$2 -> 3.5 | K9: 3 | O9: 500000 | P9: =O9*50 -> 25000000 | Q9: =O9*$M$4*$M$6 -> 3500000 | R9: =Q9/$M$2 -> 3.5 | S9: 4 | T9: 475 | U9: =T9*$AC9/10000 -> 0.6175 | V9: 5 | W9: 400 | X9: =W9*$AC9/10000 -> 0.52 | Y9: 6 | Z9: 21 | AA9: =Z9*$AC9/10000 -> 0.0273 | AB9: 3 | AC9: 13 | AD9: =SUM(T9+W9+Z9) -> 896 | AG9: =O9 -> 500000 | AH9: =IF($S9=AH$1,$U9,0)+IF($V9=AH$1,$X9,0)+IF($Y9=AH$1,$AA9,0) -> 0 | AI9: =IF($S9=AI$1,$U9,0)+IF($V9=AI$1,$X9,0)+IF($Y9=AI$1,$AA9,0) -> 0 | AJ9: =IF($S9=AJ$1,$U9,0)+IF($V9=AJ$1,$X9,0)+IF($Y9=AJ$1,$AA9,0) -> 0 | AK9: =IF($S9=AK$1,$U9,0)+IF($V9=AK$1,$X9,0)+IF($Y9=AK$1,$AA9,0) -> 0.6175 | AL9: =IF($S9=AL$1,$U9,0)+IF($V9=AL$1,$X9,0)+IF($Y9=AL$1,$AA9,0) -> 0.52 | AM9: =IF($S9=AM$1,$U9,0)+IF($V9=AM$1,$X9,0)+IF($Y9=AM$1,$AA9,0) -> 0.0273 | AQ9: =AG8 -> 200000 | AR9: =IF(AH8=0,0,AR$2/AH8) -> 0 | AS9: =IF(AI8=0,0,AS$2/AI8) -> 0 | AT9: =IF(AJ8=0,0,AT$2/AJ8) -> 0 | AU9: =IF(AK8=0,0,AU$2/AK8) -> 96.153846 | AV9: =IF(AL8=0,0,AV$2/AL8) -> 113.79153 | AW9: =IF(AM8=0,0,AW$2/AM8) -> 3418.8034 | AX9: =IF(AW9>0,SUMIF($K$2:$K$21,"<="&$AW$1,$I$2:I26),IF(AV9>0,SUMIF($K$2:$K$21,"<="&$AV$1,$I$2:I26),IF(AU9>0,SUMIF($K$2:$K$21,"<="&$AU$1,$I$2:I26),IF(AT9>0,SUMIF($K$2:$K$21,"<="&$AT$1,$I$2:I26),IF(AS9>0,SUMIF($K$2:$K$21,"<="&$AS$1,$I$2:I26),IF(AR9>0,SUMIF($K$2:$K$21,"<="&$AR$1,$I$2:I26),0)))))) -> 200000000 | AY9: =AX9/$M$2 -> 200 | AZ9: =IF(AW9>0,AW9,IF(AV9>0,AV9,IF(AU9>0,AU9,IF(AT9>0,AT9,IF(AS9>0,AS9,AR9))))) -> 3418.8034 | BD9: =AQ9 -> 200000 | BE9: 14000000 | BF9: 9.6666667 | BG9: 8.3282051 | BH9: 7.3153153 | BI9: 6.4444444 | BJ9: 5.8 | BK9: 5.3071895 | BL9: 4.9212121 | BM9: 4.9212121 | BN9: 4.9212121 | BO9: 4.9212121 | BP9: 4.9212121 | BQ9: 4.9212121 | BR9: 4.9212121 | BS9: 4.9212121 | BT9: 4.9212121 | BU9: 4.9212121 | BY9: =BD9 -> 200000 | BZ9: 14000000 | CA9: =IF($AX9=0,0,$AX9/$M$2/($AZ9*BF9)) -> 0.0060517241 | CB9: =IF($AX9=0,0,$AX9/$M$2/($AZ9*BG9)) -> 0.0070243227 | CC9: =IF($AX9=0,0,$AX9/$M$2/($AZ9*BH9)) -> 0.0079969212 | CD9: =IF($AX9=0,0,$AX9/$M$2/($AZ9*BI9)) -> 0.0090775862 | CE9: =IF($AX9=0,0,$AX9/$M$2/($AZ9*BJ9)) -> 0.010086207 | CF9: =IF($AX9=0,0,$AX9/$M$2/($AZ9*BK9)) -> 0.011022783 | CG9: =IF($AX9=0,0,$AX9/$M$2/($AZ9*BL9)) -> 0.011887315 | CH9: =IF($AX9=0,0,$AX9/$M$2/($AZ9*BM9)) -> 0.011887315 | ... CP9: =IF($AX9=0,0,$AX9/$M$2/($AZ9*BU9)) -> 0.011887315
C10: 9 | D10: 2000000 | E10: =D10/$A$2 -> 2 | H10: 9 | I10: 4000000 | J10: =I10/$A$2 -> 4 | K10: 4 | O10: 1000000 | P10: =O10*50 -> 50000000 | Q10: =O10*$M$4*$M$6 -> 7000000 | R10: =Q10/$M$2 -> 7 | S10: 4 | T10: 555 | U10: =T10*$AC10/10000 -> 0.7215 | V10: 5 | W10: 450 | X10: =W10*$AC10/10000 -> 0.585 | Y10: 6 | Z10: 45 | AA10: =Z10*$AC10/10000 -> 0.0585 | AB10: 4 | AC10: 13 | AD10: =SUM(T10+W10+Z10) -> 1050 | AG10: =O10 -> 1000000 | AH10: =IF($S10=AH$1,$U10,0)+IF($V10=AH$1,$X10,0)+IF($Y10=AH$1,$AA10,0) -> 0 | AI10: =IF($S10=AI$1,$U10,0)+IF($V10=AI$1,$X10,0)+IF($Y10=AI$1,$AA10,0) -> 0 | AJ10: =IF($S10=AJ$1,$U10,0)+IF($V10=AJ$1,$X10,0)+IF($Y10=AJ$1,$AA10,0) -> 0 | AK10: =IF($S10=AK$1,$U10,0)+IF($V10=AK$1,$X10,0)+IF($Y10=AK$1,$AA10,0) -> 0.7215 | AL10: =IF($S10=AL$1,$U10,0)+IF($V10=AL$1,$X10,0)+IF($Y10=AL$1,$AA10,0) -> 0.585 | AM10: =IF($S10=AM$1,$U10,0)+IF($V10=AM$1,$X10,0)+IF($Y10=AM$1,$AA10,0) -> 0.0585 | AQ10: =AG9 -> 500000 | AR10: =IF(AH9=0,0,AR$2/AH9) -> 0 | AS10: =IF(AI9=0,0,AS$2/AI9) -> 0 | AT10: =IF(AJ9=0,0,AT$2/AJ9) -> 0 | AU10: =IF(AK9=0,0,AU$2/AK9) -> 80.97166 | AV10: =IF(AL9=0,0,AV$2/AL9) -> 96.153846 | AW10: =IF(AM9=0,0,AW$2/AM9) -> 1465.2015 | AX10: =IF(AW10>0,SUMIF($K$2:$K$21,"<="&$AW$1,$I$2:I27),IF(AV10>0,SUMIF($K$2:$K$21,"<="&$AV$1,$I$2:I27),IF(AU10>0,SUMIF($K$2:$K$21,"<="&$AU$1,$I$2:I27),IF(AT10>0,SUMIF($K$2:$K$21,"<="&$AT$1,$I$2:I27),IF(AS10>0,SUMIF($K$2:$K$21,"<="&$AS$1,$I$2:I27),IF(AR10>0,SUMIF($K$2:$K$21,"<="&$AR$1,$I$2:I27),0)))))) -> 200000000 | AY10: =AX10/$M$2 -> 200 | AZ10: =IF(AW10>0,AW10,IF(AV10>0,AV10,IF(AU10>0,AU10,IF(AT10>0,AT10,IF(AS10>0,AS10,AR10))))) -> 1465.2015 | BD10: =AQ10 -> 500000 | BE10: 35000000 | BF10: 21.145833 | BG10: 17.652174 | BH10: 15.037037 | BI10: 12.888889 | BJ10: 11.802326 | BK10: 10.490956 | BL10: 9.6666667 | BM10: 9.6666667 | BN10: 9.6666667 | BO10: 9.6666667 | BP10: 9.6666667 | BQ10: 9.6666667 | BR10: 9.6666667 | BS10: 9.6666667 | BT10: 9.6666667 | BU10: 9.6666667 | BY10: =BD10 -> 500000 | BZ10: 35000000 | CA10: =IF($AX10=0,0,$AX10/$M$2/($AZ10*BF10)) -> 0.0064551724 | CB10: =IF($AX10=0,0,$AX10/$M$2/($AZ10*BG10)) -> 0.0077327586 | CC10: =IF($AX10=0,0,$AX10/$M$2/($AZ10*BH10)) -> 0.0090775862 | CD10: =IF($AX10=0,0,$AX10/$M$2/($AZ10*BI10)) -> 0.010590517 | CE10: =IF($AX10=0,0,$AX10/$M$2/($AZ10*BJ10)) -> 0.011565517 | CF10: =IF($AX10=0,0,$AX10/$M$2/($AZ10*BK10)) -> 0.013011207 | CG10: =IF($AX10=0,0,$AX10/$M$2/($AZ10*BL10)) -> 0.01412069 | CH10: =IF($AX10=0,0,$AX10/$M$2/($AZ10*BM10)) -> 0.01412069 | ... CP10: =IF($AX10=0,0,$AX10/$M$2/($AZ10*BU10)) -> 0.01412069
C11: 10 | D11: 2500000 | E11: =D11/$A$2 -> 2.5 | H11: 10 | I11: 5000000 | J11: =I11/$A$2 -> 5 | K11: 4 | O11: 2000000 | P11: =O11*50 -> 100000000 | Q11: =O11*$M$4*$M$6 -> 14000000 | R11: =Q11/$M$2 -> 14 | S11: 4 | T11: 635 | U11: =T11*$AC11/10000 -> 0.8255 | V11: 5 | W11: 500 | X11: =W11*$AC11/10000 -> 0.65 | Y11: 6 | Z11: 69 | AA11: =Z11*$AC11/10000 -> 0.0897 | AB11: 5 | AC11: 13 | AG11: =O11 -> 2000000 | AH11: =IF($S11=AH$1,$U11,0)+IF($V11=AH$1,$X11,0)+IF($Y11=AH$1,$AA11,0) -> 0 | AI11: =IF($S11=AI$1,$U11,0)+IF($V11=AI$1,$X11,0)+IF($Y11=AI$1,$AA11,0) -> 0 | AJ11: =IF($S11=AJ$1,$U11,0)+IF($V11=AJ$1,$X11,0)+IF($Y11=AJ$1,$AA11,0) -> 0 | AK11: =IF($S11=AK$1,$U11,0)+IF($V11=AK$1,$X11,0)+IF($Y11=AK$1,$AA11,0) -> 0.8255 | AL11: =IF($S11=AL$1,$U11,0)+IF($V11=AL$1,$X11,0)+IF($Y11=AL$1,$AA11,0) -> 0.65 | AM11: =IF($S11=AM$1,$U11,0)+IF($V11=AM$1,$X11,0)+IF($Y11=AM$1,$AA11,0) -> 0.0897 | AQ11: =AG10 -> 1000000 | AR11: =IF(AH10=0,0,AR$2/AH10) -> 0 | AS11: =IF(AI10=0,0,AS$2/AI10) -> 0 | AT11: =IF(AJ10=0,0,AT$2/AJ10) -> 0 | AU11: =IF(AK10=0,0,AU$2/AK10) -> 69.300069 | AV11: =IF(AL10=0,0,AV$2/AL10) -> 85.470085 | AW11: =IF(AM10=0,0,AW$2/AM10) -> 683.76068 | AX11: =IF(AW11>0,SUMIF($K$2:$K$21,"<="&$AW$1,$I$2:I28),IF(AV11>0,SUMIF($K$2:$K$21,"<="&$AV$1,$I$2:I28),IF(AU11>0,SUMIF($K$2:$K$21,"<="&$AU$1,$I$2:I28),IF(AT11>0,SUMIF($K$2:$K$21,"<="&$AT$1,$I$2:I28),IF(AS11>0,SUMIF($K$2:$K$21,"<="&$AS$1,$I$2:I28),IF(AR11>0,SUMIF($K$2:$K$21,"<="&$AR$1,$I$2:I28),0)))))) -> 200000000 | AY11: =AX11/$M$2 -> 200 | AZ11: =IF(AW11>0,AW11,IF(AV11>0,AV11,IF(AU11>0,AU11,IF(AT11>0,AT11,IF(AS11>0,AS11,AR11))))) -> 683.76068 | BD11: =AQ11 -> 1000000 | BE11: 70000000 | BF11: 37.592593 | BG11: 31.230769 | BH11: 27.066667 | BI11: 23.673469 | BJ11: 21.145833 | BK11: 19.196217 | BL11: 17.652174 | BM11: 17.652174 | BN11: 17.652174 | BO11: 17.652174 | BP11: 17.652174 | BQ11: 17.652174 | BR11: 17.652174 | BS11: 17.652174 | BT11: 17.652174 | BU11: 17.652174 | BY11: =BD11 -> 1000000 | BZ11: 70000000 | CA11: =IF($AX11=0,0,$AX11/$M$2/($AZ11*BF11)) -> 0.0077807882 | CB11: =IF($AX11=0,0,$AX11/$M$2/($AZ11*BG11)) -> 0.0093657635 | CC11: =IF($AX11=0,0,$AX11/$M$2/($AZ11*BH11)) -> 0.01080665 | CD11: =IF($AX11=0,0,$AX11/$M$2/($AZ11*BI11)) -> 0.012355603 | CE11: =IF($AX11=0,0,$AX11/$M$2/($AZ11*BJ11)) -> 0.013832512 | CF11: =IF($AX11=0,0,$AX11/$M$2/($AZ11*BK11)) -> 0.015237377 | CG11: =IF($AX11=0,0,$AX11/$M$2/($AZ11*BL11)) -> 0.016570197 | CH11: =IF($AX11=0,0,$AX11/$M$2/($AZ11*BM11)) -> 0.016570197 | ... CP11: =IF($AX11=0,0,$AX11/$M$2/($AZ11*BU11)) -> 0.016570197
C12: 11 | D12: 3000000 | E12: =D12/$A$2 -> 3 | H12: 11 | I12: 6000000 | J12: =I12/$A$2 -> 6 | K12: 5 | O12: 5000000 | P12: =O12*50 -> 250000000 | Q12: =O12*$M$4*$M$6 -> 35000000 | R12: =Q12/$M$2 -> 35 | S12: 4 | T12: 715 | U12: =T12*$AC12/10000 -> 0.9295 | V12: 5 | W12: 550 | X12: =W12*$AC12/10000 -> 0.715 | Y12: 6 | Z12: 93 | AA12: =Z12*$AC12/10000 -> 0.1209 | AB12: 6 | AC12: 13 | AG12: =O12 -> 5000000 | AH12: =IF($S12=AH$1,$U12,0)+IF($V12=AH$1,$X12,0)+IF($Y12=AH$1,$AA12,0) -> 0 | AI12: =IF($S12=AI$1,$U12,0)+IF($V12=AI$1,$X12,0)+IF($Y12=AI$1,$AA12,0) -> 0 | AJ12: =IF($S12=AJ$1,$U12,0)+IF($V12=AJ$1,$X12,0)+IF($Y12=AJ$1,$AA12,0) -> 0 | AK12: =IF($S12=AK$1,$U12,0)+IF($V12=AK$1,$X12,0)+IF($Y12=AK$1,$AA12,0) -> 0.9295 | AL12: =IF($S12=AL$1,$U12,0)+IF($V12=AL$1,$X12,0)+IF($Y12=AL$1,$AA12,0) -> 0.715 | AM12: =IF($S12=AM$1,$U12,0)+IF($V12=AM$1,$X12,0)+IF($Y12=AM$1,$AA12,0) -> 0.1209 | AQ12: =AG11 -> 2000000 | AR12: =IF(AH11=0,0,AR$2/AH11) -> 0 | AS12: =IF(AI11=0,0,AS$2/AI11) -> 0 | AT12: =IF(AJ11=0,0,AT$2/AJ11) -> 0 | AU12: =IF(AK11=0,0,AU$2/AK11) -> 60.569352 | AV12: =IF(AL11=0,0,AV$2/AL11) -> 76.923077 | AW12: =IF(AM11=0,0,AW$2/AM11) -> 445.93088 | AX12: =IF(AW12>0,SUMIF($K$2:$K$21,"<="&$AW$1,$I$2:I29),IF(AV12>0,SUMIF($K$2:$K$21,"<="&$AV$1,$I$2:I29),IF(AU12>0,SUMIF($K$2:$K$21,"<="&$AU$1,$I$2:I29),IF(AT12>0,SUMIF($K$2:$K$21,"<="&$AT$1,$I$2:I29),IF(AS12>0,SUMIF($K$2:$K$21,"<="&$AS$1,$I$2:I29),IF(AR12>0,SUMIF($K$2:$K$21,"<="&$AR$1,$I$2:I29),0)))))) -> 200000000 | AY12: =AX12/$M$2 -> 200 | AZ12: =IF(AW12>0,AW12,IF(AV12>0,AV12,IF(AU12>0,AU12,IF(AT12>0,AT12,IF(AS12>0,AS12,AR12))))) -> 445.93088 | BD12: =AQ12 -> 2000000 | BE12: 105000000 | BF12: 54.039352 | BG12: 44.809365 | BH12: 39.096296 | BI12: 34.45805 | BJ12: 30.489341 | BK12: 27.901479 | BL12: 25.637681 | BM12: 25.637681 | BN12: 25.637681 | BO12: 25.637681 | BP12: 25.637681 | BQ12: 25.637681 | BR12: 25.637681 | BS12: 25.637681 | BT12: 25.637681 | BU12: 25.637681 | BY12: =BD12 -> 2000000 | BZ12: 95666667 | CA12: =IF($AX12=0,0,$AX12/$M$2/($AZ12*BF12)) -> 0.0082995074 | CB12: =IF($AX12=0,0,$AX12/$M$2/($AZ12*BG12)) -> 0.010009069 | CC12: =IF($AX12=0,0,$AX12/$M$2/($AZ12*BH12)) -> 0.011471675 | CD12: =IF($AX12=0,0,$AX12/$M$2/($AZ12*BI12)) -> 0.013015827 | CE12: =IF($AX12=0,0,$AX12/$M$2/($AZ12*BJ12)) -> 0.014710059 | CF12: =IF($AX12=0,0,$AX12/$M$2/($AZ12*BK12)) -> 0.016074417 | CG12: =IF($AX12=0,0,$AX12/$M$2/($AZ12*BL12)) -> 0.017493782 | CH12: =IF($AX12=0,0,$AX12/$M$2/($AZ12*BM12)) -> 0.017493782 | ... CP12: =IF($AX12=0,0,$AX12/$M$2/($AZ12*BU12)) -> 0.017493782
C13: 12 | D13: 3500000 | E13: =D13/$A$2 -> 3.5 | H13: 12 | I13: 7000000 | J13: =I13/$A$2 -> 7 | K13: 5 | O13: 10000000 | P13: =O13*50 -> 500000000 | Q13: =O13*$M$4*$M$6 -> 70000000 | R13: =Q13/$M$2 -> 70 | S13: 4 | T13: 795 | U13: =T13*$AC13/10000 -> 1.0335 | V13: 5 | W13: 600 | X13: =W13*$AC13/10000 -> 0.78 | Y13: 6 | Z13: 117 | AA13: =Z13*$AC13/10000 -> 0.1521 | AB13: 7 | AC13: 13 | AG13: =O13 -> 10000000 | AH13: =IF($S13=AH$1,$U13,0)+IF($V13=AH$1,$X13,0)+IF($Y13=AH$1,$AA13,0) -> 0 | AI13: =IF($S13=AI$1,$U13,0)+IF($V13=AI$1,$X13,0)+IF($Y13=AI$1,$AA13,0) -> 0 | AJ13: =IF($S13=AJ$1,$U13,0)+IF($V13=AJ$1,$X13,0)+IF($Y13=AJ$1,$AA13,0) -> 0 | AK13: =IF($S13=AK$1,$U13,0)+IF($V13=AK$1,$X13,0)+IF($Y13=AK$1,$AA13,0) -> 1.0335 | AL13: =IF($S13=AL$1,$U13,0)+IF($V13=AL$1,$X13,0)+IF($Y13=AL$1,$AA13,0) -> 0.78 | AM13: =IF($S13=AM$1,$U13,0)+IF($V13=AM$1,$X13,0)+IF($Y13=AM$1,$AA13,0) -> 0.1521 | AQ13: =AG12 -> 5000000 | AR13: =IF(AH12=0,0,AR$2/AH12) -> 0 | AS13: =IF(AI12=0,0,AS$2/AI12) -> 0 | AT13: =IF(AJ12=0,0,AT$2/AJ12) -> 0 | AU13: =IF(AK12=0,0,AU$2/AK12) -> 53.792361 | AV13: =IF(AL12=0,0,AV$2/AL12) -> 69.93007 | AW13: =IF(AM12=0,0,AW$2/AM12) -> 330.85194 | AX13: =IF(AW13>0,SUMIF($K$2:$K$21,"<="&$AW$1,$I$2:I30),IF(AV13>0,SUMIF($K$2:$K$21,"<="&$AV$1,$I$2:I30),IF(AU13>0,SUMIF($K$2:$K$21,"<="&$AU$1,$I$2:I30),IF(AT13>0,SUMIF($K$2:$K$21,"<="&$AT$1,$I$2:I30),IF(AS13>0,SUMIF($K$2:$K$21,"<="&$AS$1,$I$2:I30),IF(AR13>0,SUMIF($K$2:$K$21,"<="&$AR$1,$I$2:I30),0)))))) -> 200000000 | AY13: =AX13/$M$2 -> 200 | AZ13: =IF(AW13>0,AW13,IF(AV13>0,AV13,IF(AU13>0,AU13,IF(AT13>0,AT13,IF(AS13>0,AS13,AR13))))) -> 330.85194 | BD13: =AQ13 -> 5000000 | BE13: 140000000 | BF13: 70.486111 | BG13: 58.38796 | BH13: 51.125926 | BI13: 45.24263 | BJ13: 39.832849 | BK13: 36.60674 | BL13: 33.623188 | BM13: 33.623188 | BN13: 33.623188 | BO13: 33.623188 | BP13: 33.623188 | BQ13: 33.623188 | BR13: 33.623188 | BS13: 33.623188 | BT13: 33.623188 | BU13: 33.623188 | BY13: =BD13 -> 5000000 | BZ13: 1.2366667e+08 | CA13: =IF($AX13=0,0,$AX13/$M$2/($AZ13*BF13)) -> 0.0085761576 | CB13: =IF($AX13=0,0,$AX13/$M$2/($AZ13*BG13)) -> 0.010353162 | CC13: =IF($AX13=0,0,$AX13/$M$2/($AZ13*BH13)) -> 0.011823747 | CD13: =IF($AX13=0,0,$AX13/$M$2/($AZ13*BI13)) -> 0.013361292 | CE13: =IF($AX13=0,0,$AX13/$M$2/($AZ13*BJ13)) -> 0.015175917 | CF13: =IF($AX13=0,0,$AX13/$M$2/($AZ13*BK13)) -> 0.016513352 | CG13: =IF($AX13=0,0,$AX13/$M$2/($AZ13*BL13)) -> 0.017978664 | CH13: =IF($AX13=0,0,$AX13/$M$2/($AZ13*BM13)) -> 0.017978664 | ... CP13: =IF($AX13=0,0,$AX13/$M$2/($AZ13*BU13)) -> 0.017978664
C14: 13 | D14: 5000000 | E14: =D14/$A$2 -> 5 | H14: 13 | I14: 10000000 | J14: =I14/$A$2 -> 10 | K14: 5 | AQ14: =AG13 -> 10000000 | AR14: =IF(AH13=0,0,AR$2/AH13) -> 0 | AS14: =IF(AI13=0,0,AS$2/AI13) -> 0 | AT14: =IF(AJ13=0,0,AT$2/AJ13) -> 0 | AU14: =IF(AK13=0,0,AU$2/AK13) -> 48.379294 | AV14: =IF(AL13=0,0,AV$2/AL13) -> 64.102564 | AW14: =IF(AM13=0,0,AW$2/AM13) -> 262.98488 | AX14: =IF(AW14>0,SUMIF($K$2:$K$21,"<="&$AW$1,$I$2:I31),IF(AV14>0,SUMIF($K$2:$K$21,"<="&$AV$1,$I$2:I31),IF(AU14>0,SUMIF($K$2:$K$21,"<="&$AU$1,$I$2:I31),IF(AT14>0,SUMIF($K$2:$K$21,"<="&$AT$1,$I$2:I31),IF(AS14>0,SUMIF($K$2:$K$21,"<="&$AS$1,$I$2:I31),IF(AR14>0,SUMIF($K$2:$K$21,"<="&$AR$1,$I$2:I31),0)))))) -> 200000000 | AY14: =AX14/$M$2 -> 200 | AZ14: =IF(AW14>0,AW14,IF(AV14>0,AV14,IF(AU14>0,AU14,IF(AT14>0,AT14,IF(AS14>0,AS14,AR14))))) -> 262.98488 | BD14: =AQ14 -> 10000000 | BE14: 175000000 | BF14: 86.93287 | BG14: 71.966555 | BH14: 63.155556 | BI14: 56.027211 | BJ14: 49.176357 | BK14: 45.312002 | BL14: 41.608696 | BM14: 41.608696 | BN14: 41.608696 | BO14: 41.608696 | BP14: 41.608696 | BQ14: 41.608696 | BR14: 41.608696 | BS14: 41.608696 | BT14: 41.608696 | BU14: 41.608696 | BY14: =BD14 -> 10000000 | BZ14: 1.5166667e+08 | CA14: =IF($AX14=0,0,$AX14/$M$2/($AZ14*BF14)) -> 0.0087481294 | CB14: =IF($AX14=0,0,$AX14/$M$2/($AZ14*BG14)) -> 0.010567409 | CC14: =IF($AX14=0,0,$AX14/$M$2/($AZ14*BH14)) -> 0.012041696 | CD14: =IF($AX14=0,0,$AX14/$M$2/($AZ14*BI14)) -> 0.013573762 | CE14: =IF($AX14=0,0,$AX14/$M$2/($AZ14*BJ14)) -> 0.015464749 | CF14: =IF($AX14=0,0,$AX14/$M$2/($AZ14*BK14)) -> 0.016783633 | CG14: =IF($AX14=0,0,$AX14/$M$2/($AZ14*BL14)) -> 0.018277429 | CH14: =IF($AX14=0,0,$AX14/$M$2/($AZ14*BM14)) -> 0.018277429 | ... CP14: =IF($AX14=0,0,$AX14/$M$2/($AZ14*BU14)) -> 0.018277429
C15: 14 | D15: 7500000 | E15: =D15/$A$2 -> 7.5 | H15: 14 | I15: 15000000 | J15: =I15/$A$2 -> 15 | K15: 6 | M15: 消耗返还 | Q15: 1000000 | R15: 1250000 | S15: 1500000 | T15: 1750000 | U15: 2000000 | V15: 2250000 | W15: 2500000 | X15: 2500000 | Y15: 2500000 | Z15: 2500000 | AA15: 2500000 | AB15: 2500000 | AC15: 2500000 | AD15: 2500000 | AE15: 2500000 | AF15: 2500000
C16: 15 | D16: 10000000 | E16: =D16/$A$2 -> 10 | H16: 15 | I16: 20000000 | J16: =I16/$A$2 -> 20 | K16: 6 | O16: 底注 | P16: 一局金币 | Q16: 0 | R16: 1 | S16: 2 | T16: 3 | U16: 4 | V16: 5 | W16: 6 | X16: 7 | Y16: 8 | Z16: 9 | AA16: 10 | AB16: 11 | AC16: 12 | AD16: 13 | AE16: 14 | AF16: 15
C17: 16 | D17: 12500000 | E17: =D17/$A$2 -> 12.5 | H17: 16 | I17: 22000000 | J17: =I17/$A$2 -> 22 | K17: 6 | O17: =O2 -> 1000 | P17: =Q2 -> 7000 | Q17: =IF($AX3=0,0,$AX3/$M$2/($AZ3*$R2))*CA$1/$CA$1 -> 0 | R17: =IF($AX3=0,0,$AX3/$M$2/($AZ3*$R2))*CB$1/$CA$1 -> 0 | S17: =IF($AX3=0,0,$AX3/$M$2/($AZ3*$R2))*CC$1/$CA$1 -> 0 | T17: =IF($AX3=0,0,$AX3/$M$2/($AZ3*$R2))*CD$1/$CA$1 -> 0 | U17: =IF($AX3=0,0,$AX3/$M$2/($AZ3*$R2))*CE$1/$CA$1 -> 0 | V17: =IF($AX3=0,0,$AX3/$M$2/($AZ3*$R2))*CF$1/$CA$1 -> 0 | W17: =IF($AX3=0,0,$AX3/$M$2/($AZ3*$R2))*CG$1/$CA$1 -> 0 | X17: =IF($AX3=0,0,$AX3/$M$2/($AZ3*$R2))*CH$1/$CA$1 -> 0 | ... AF17: =IF($AX3=0,0,$AX3/$M$2/($AZ3*$R2))*CP$1/$CA$1 -> 0
C18: 17 | D18: 15000000 | E18: =D18/$A$2 -> 15 | H18: 17 | I18: 28000000 | J18: =I18/$A$2 -> 28 | K18: 6 | O18: =O3 -> 3000 | P18: =Q3 -> 21000 | Q18: =IF($AX4=0,0,$AX4/$M$2/($AZ4*$R3))*CA$1/$CA$1 -> 0 | R18: =IF($AX4=0,0,$AX4/$M$2/($AZ4*$R3))*CB$1/$CA$1 -> 0 | S18: =IF($AX4=0,0,$AX4/$M$2/($AZ4*$R3))*CC$1/$CA$1 -> 0 | T18: =IF($AX4=0,0,$AX4/$M$2/($AZ4*$R3))*CD$1/$CA$1 -> 0 | U18: =IF($AX4=0,0,$AX4/$M$2/($AZ4*$R3))*CE$1/$CA$1 -> 0 | V18: =IF($AX4=0,0,$AX4/$M$2/($AZ4*$R3))*CF$1/$CA$1 -> 0 | W18: =IF($AX4=0,0,$AX4/$M$2/($AZ4*$R3))*CG$1/$CA$1 -> 0 | X18: =IF($AX4=0,0,$AX4/$M$2/($AZ4*$R3))*CH$1/$CA$1 -> 0 | ... AF18: =IF($AX4=0,0,$AX4/$M$2/($AZ4*$R3))*CP$1/$CA$1 -> 0
C19: 18 | D19: 17500000 | E19: =D19/$A$2 -> 17.5 | H19: 18 | I19: 30000000 | J19: =I19/$A$2 -> 30 | K19: 6 | O19: =O4 -> 10000 | P19: =Q4 -> 70000 | Q19: =IF($AX5=0,0,$AX5/$M$2/($AZ5*$R4))*CA$1/$CA$1 -> 0.11142857 | R19: =IF($AX5=0,0,$AX5/$M$2/($AZ5*$R4))*CB$1/$CA$1 -> 0.13928571 | S19: =IF($AX5=0,0,$AX5/$M$2/($AZ5*$R4))*CC$1/$CA$1 -> 0.16714286 | T19: =IF($AX5=0,0,$AX5/$M$2/($AZ5*$R4))*CD$1/$CA$1 -> 0.195 | U19: =IF($AX5=0,0,$AX5/$M$2/($AZ5*$R4))*CE$1/$CA$1 -> 0.22285714 | V19: =IF($AX5=0,0,$AX5/$M$2/($AZ5*$R4))*CF$1/$CA$1 -> 0.25071429 | W19: =IF($AX5=0,0,$AX5/$M$2/($AZ5*$R4))*CG$1/$CA$1 -> 0.27857143 | X19: =IF($AX5=0,0,$AX5/$M$2/($AZ5*$R4))*CH$1/$CA$1 -> 0.27857143 | ... AF19: =IF($AX5=0,0,$AX5/$M$2/($AZ5*$R4))*CP$1/$CA$1 -> 0.27857143
C20: 19 | D20: 20000000 | E20: =D20/$A$2 -> 20 | H20: 19 | I20: 40000000 | J20: =I20/$A$2 -> 40 | K20: 6 | O20: =O5 -> 20000 | P20: =Q5 -> 140000 | Q20: =IF($AX6=0,0,$AX6/$M$2/($AZ6*$R5))*CA$1/$CA$1 -> 0.076142857 | R20: =IF($AX6=0,0,$AX6/$M$2/($AZ6*$R5))*CB$1/$CA$1 -> 0.095178571 | S20: =IF($AX6=0,0,$AX6/$M$2/($AZ6*$R5))*CC$1/$CA$1 -> 0.11421429 | T20: =IF($AX6=0,0,$AX6/$M$2/($AZ6*$R5))*CD$1/$CA$1 -> 0.13325 | U20: =IF($AX6=0,0,$AX6/$M$2/($AZ6*$R5))*CE$1/$CA$1 -> 0.15228571 | V20: =IF($AX6=0,0,$AX6/$M$2/($AZ6*$R5))*CF$1/$CA$1 -> 0.17132143 | W20: =IF($AX6=0,0,$AX6/$M$2/($AZ6*$R5))*CG$1/$CA$1 -> 0.19035714 | X20: =IF($AX6=0,0,$AX6/$M$2/($AZ6*$R5))*CH$1/$CA$1 -> 0.19035714 | ... AF20: =IF($AX6=0,0,$AX6/$M$2/($AZ6*$R5))*CP$1/$CA$1 -> 0.19035714
C21: all | D21: 35000000 | E21: =D21/$A$2 -> 35 | H21: all | I21: 200000000 | J21: =I21/$A$2 -> 200 | O21: =O6 -> 50000 | P21: =Q6 -> 350000 | Q21: =IF($AX7=0,0,$AX7/$M$2/($AZ7*$R6))*CA$1/$CA$1 -> 0.081714286 | R21: =IF($AX7=0,0,$AX7/$M$2/($AZ7*$R6))*CB$1/$CA$1 -> 0.10214286 | S21: =IF($AX7=0,0,$AX7/$M$2/($AZ7*$R6))*CC$1/$CA$1 -> 0.12257143 | T21: =IF($AX7=0,0,$AX7/$M$2/($AZ7*$R6))*CD$1/$CA$1 -> 0.143 | U21: =IF($AX7=0,0,$AX7/$M$2/($AZ7*$R6))*CE$1/$CA$1 -> 0.16342857 | V21: =IF($AX7=0,0,$AX7/$M$2/($AZ7*$R6))*CF$1/$CA$1 -> 0.18385714 | W21: =IF($AX7=0,0,$AX7/$M$2/($AZ7*$R6))*CG$1/$CA$1 -> 0.20428571 | X21: =IF($AX7=0,0,$AX7/$M$2/($AZ7*$R6))*CH$1/$CA$1 -> 0.20428571 | ... AF21: =IF($AX7=0,0,$AX7/$M$2/($AZ7*$R6))*CP$1/$CA$1 -> 0.20428571
C22: 基础 | D22: =SUM(D2:D21) -> 140050000 | E22: =SUM(E2:E21) -> 140.05 | H22: 基础 | I22: =SUM(I2:I21) -> 400000000 | J22: =I22/$A$2 -> 400 | O22: =O7 -> 100000 | P22: =Q7 -> 700000 | Q22: =IF($AX8=0,0,$AX8/$M$2/($AZ8*$R7))*CA$1/$CA$1 -> 0.056828571 | R22: =IF($AX8=0,0,$AX8/$M$2/($AZ8*$R7))*CB$1/$CA$1 -> 0.071035714 | S22: =IF($AX8=0,0,$AX8/$M$2/($AZ8*$R7))*CC$1/$CA$1 -> 0.085242857 | T22: =IF($AX8=0,0,$AX8/$M$2/($AZ8*$R7))*CD$1/$CA$1 -> 0.09945 | U22: =IF($AX8=0,0,$AX8/$M$2/($AZ8*$R7))*CE$1/$CA$1 -> 0.11365714 | V22: =IF($AX8=0,0,$AX8/$M$2/($AZ8*$R7))*CF$1/$CA$1 -> 0.12786429 | W22: =IF($AX8=0,0,$AX8/$M$2/($AZ8*$R7))*CG$1/$CA$1 -> 0.14207143 | X22: =IF($AX8=0,0,$AX8/$M$2/($AZ8*$R7))*CH$1/$CA$1 -> 0.14207143 | ... AF22: =IF($AX8=0,0,$AX8/$M$2/($AZ8*$R7))*CP$1/$CA$1 -> 0.14207143
O23: =O8 -> 200000 | P23: =Q8 -> 1400000 | Q23: =IF($AX9=0,0,$AX9/$M$2/($AZ9*$R8))*CA$1/$CA$1 -> 0.041785714 | R23: =IF($AX9=0,0,$AX9/$M$2/($AZ9*$R8))*CB$1/$CA$1 -> 0.052232143 | S23: =IF($AX9=0,0,$AX9/$M$2/($AZ9*$R8))*CC$1/$CA$1 -> 0.062678571 | T23: =IF($AX9=0,0,$AX9/$M$2/($AZ9*$R8))*CD$1/$CA$1 -> 0.073125 | U23: =IF($AX9=0,0,$AX9/$M$2/($AZ9*$R8))*CE$1/$CA$1 -> 0.083571429 | V23: =IF($AX9=0,0,$AX9/$M$2/($AZ9*$R8))*CF$1/$CA$1 -> 0.094017857 | W23: =IF($AX9=0,0,$AX9/$M$2/($AZ9*$R8))*CG$1/$CA$1 -> 0.10446429 | X23: =IF($AX9=0,0,$AX9/$M$2/($AZ9*$R8))*CH$1/$CA$1 -> 0.10446429 | ... AF23: =IF($AX9=0,0,$AX9/$M$2/($AZ9*$R8))*CP$1/$CA$1 -> 0.10446429
O24: =O9 -> 500000 | P24: =Q9 -> 3500000 | Q24: =IF($AX10=0,0,$AX10/$M$2/($AZ10*$R9))*CA$1/$CA$1 -> 0.039 | R24: =IF($AX10=0,0,$AX10/$M$2/($AZ10*$R9))*CB$1/$CA$1 -> 0.04875 | S24: =IF($AX10=0,0,$AX10/$M$2/($AZ10*$R9))*CC$1/$CA$1 -> 0.0585 | T24: =IF($AX10=0,0,$AX10/$M$2/($AZ10*$R9))*CD$1/$CA$1 -> 0.06825 | U24: =IF($AX10=0,0,$AX10/$M$2/($AZ10*$R9))*CE$1/$CA$1 -> 0.078 | V24: =IF($AX10=0,0,$AX10/$M$2/($AZ10*$R9))*CF$1/$CA$1 -> 0.08775 | W24: =IF($AX10=0,0,$AX10/$M$2/($AZ10*$R9))*CG$1/$CA$1 -> 0.0975 | X24: =IF($AX10=0,0,$AX10/$M$2/($AZ10*$R9))*CH$1/$CA$1 -> 0.0975 | ... AF24: =IF($AX10=0,0,$AX10/$M$2/($AZ10*$R9))*CP$1/$CA$1 -> 0.0975
H25: 卡包 | I25: 需要开卡次数 | J25: 卡包价值 | O25: =O10 -> 1000000 | P25: =Q10 -> 7000000 | Q25: =IF($AX11=0,0,$AX11/$M$2/($AZ11*$R10))*CA$1/$CA$1 -> 0.041785714 | R25: =IF($AX11=0,0,$AX11/$M$2/($AZ11*$R10))*CB$1/$CA$1 -> 0.052232143 | S25: =IF($AX11=0,0,$AX11/$M$2/($AZ11*$R10))*CC$1/$CA$1 -> 0.062678571 | T25: =IF($AX11=0,0,$AX11/$M$2/($AZ11*$R10))*CD$1/$CA$1 -> 0.073125 | U25: =IF($AX11=0,0,$AX11/$M$2/($AZ11*$R10))*CE$1/$CA$1 -> 0.083571429 | V25: =IF($AX11=0,0,$AX11/$M$2/($AZ11*$R10))*CF$1/$CA$1 -> 0.094017857 | W25: =IF($AX11=0,0,$AX11/$M$2/($AZ11*$R10))*CG$1/$CA$1 -> 0.10446429 | X25: =IF($AX11=0,0,$AX11/$M$2/($AZ11*$R10))*CH$1/$CA$1 -> 0.10446429 | ... AF25: =IF($AX11=0,0,$AX11/$M$2/($AZ11*$R10))*CP$1/$CA$1 -> 0.10446429
E26: =25000/200 -> 125 | H26: 1 | I26: 25 | J26: =SUMIF($K$2:$K$21,"<="&H26,$I$2:$I$22)/I26/$M$2 -> 0.008 | O26: =O11 -> 2000000 | P26: =Q11 -> 14000000 | Q26: =IF($AX12=0,0,$AX12/$M$2/($AZ12*$R11))*CA$1/$CA$1 -> 0.032035714 | R26: =IF($AX12=0,0,$AX12/$M$2/($AZ12*$R11))*CB$1/$CA$1 -> 0.040044643 | S26: =IF($AX12=0,0,$AX12/$M$2/($AZ12*$R11))*CC$1/$CA$1 -> 0.048053571 | T26: =IF($AX12=0,0,$AX12/$M$2/($AZ12*$R11))*CD$1/$CA$1 -> 0.0560625 | U26: =IF($AX12=0,0,$AX12/$M$2/($AZ12*$R11))*CE$1/$CA$1 -> 0.064071429 | V26: =IF($AX12=0,0,$AX12/$M$2/($AZ12*$R11))*CF$1/$CA$1 -> 0.072080357 | W26: =IF($AX12=0,0,$AX12/$M$2/($AZ12*$R11))*CG$1/$CA$1 -> 0.080089286 | X26: =IF($AX12=0,0,$AX12/$M$2/($AZ12*$R11))*CH$1/$CA$1 -> 0.080089286 | ... AF26: =IF($AX12=0,0,$AX12/$M$2/($AZ12*$R11))*CP$1/$CA$1 -> 0.080089286
H27: 2 | I27: 50 | J27: =SUMIF($K$2:$K$21,"<="&H27,$I$2:$I$22)/I27/$M$2 -> 0.082 | O27: =O12 -> 5000000 | P27: =Q12 -> 35000000 | Q27: =IF($AX13=0,0,$AX13/$M$2/($AZ13*$R12))*CA$1/$CA$1 -> 0.017271429 | R27: =IF($AX13=0,0,$AX13/$M$2/($AZ13*$R12))*CB$1/$CA$1 -> 0.021589286 | S27: =IF($AX13=0,0,$AX13/$M$2/($AZ13*$R12))*CC$1/$CA$1 -> 0.025907143 | T27: =IF($AX13=0,0,$AX13/$M$2/($AZ13*$R12))*CD$1/$CA$1 -> 0.030225 | U27: =IF($AX13=0,0,$AX13/$M$2/($AZ13*$R12))*CE$1/$CA$1 -> 0.034542857 | V27: =IF($AX13=0,0,$AX13/$M$2/($AZ13*$R12))*CF$1/$CA$1 -> 0.038860714 | W27: =IF($AX13=0,0,$AX13/$M$2/($AZ13*$R12))*CG$1/$CA$1 -> 0.043178571 | X27: =IF($AX13=0,0,$AX13/$M$2/($AZ13*$R12))*CH$1/$CA$1 -> 0.043178571 | ... AF27: =IF($AX13=0,0,$AX13/$M$2/($AZ13*$R12))*CP$1/$CA$1 -> 0.043178571
H28: 3 | I28: 50 | J28: =SUMIF($K$2:$K$21,"<="&H28,$I$2:$I$22)/I28/$M$2 -> 0.26 | O28: =O13 -> 10000000 | P28: =Q13 -> 70000000 | Q28: =IF($AX14=0,0,$AX14/$M$2/($AZ14*$R13))*CA$1/$CA$1 -> 0.010864286 | R28: =IF($AX14=0,0,$AX14/$M$2/($AZ14*$R13))*CB$1/$CA$1 -> 0.013580357 | S28: =IF($AX14=0,0,$AX14/$M$2/($AZ14*$R13))*CC$1/$CA$1 -> 0.016296429 | T28: =IF($AX14=0,0,$AX14/$M$2/($AZ14*$R13))*CD$1/$CA$1 -> 0.0190125 | U28: =IF($AX14=0,0,$AX14/$M$2/($AZ14*$R13))*CE$1/$CA$1 -> 0.021728571 | V28: =IF($AX14=0,0,$AX14/$M$2/($AZ14*$R13))*CF$1/$CA$1 -> 0.024444643 | W28: =IF($AX14=0,0,$AX14/$M$2/($AZ14*$R13))*CG$1/$CA$1 -> 0.027160714 | X28: =IF($AX14=0,0,$AX14/$M$2/($AZ14*$R13))*CH$1/$CA$1 -> 0.027160714 | ... AF28: =IF($AX14=0,0,$AX14/$M$2/($AZ14*$R13))*CP$1/$CA$1 -> 0.027160714
H29: 4 | I29: 50 | J29: =SUMIF($K$2:$K$21,"<="&H29,$I$2:$I$22)/I29/$M$2 -> 0.44
H30: 5 | I30: 50 | J30: =SUMIF($K$2:$K$21,"<="&H30,$I$2:$I$22)/I30/$M$2 -> 0.9
H31: 6 | I31: 40 | J31: =SUMIF($K$2:$K$21,"="&H31,$I$2:$I$22)/I31/$M$2 -> 3.875 | M31: 累计花费美金 | Q31: 1000000 | R31: 1250000 | S31: 1500000 | T31: 1750000 | U31: 2000000 | V31: 2250000 | W31: 2500000 | X31: 2500000 | Y31: 2500000 | Z31: 2500000 | AA31: 2500000 | AB31: 2500000 | AC31: 2500000 | AD31: 2500000 | AE31: 2500000 | AF31: 2500000
O32: 底注 | P32: 一局金币 | Q32: 0 | R32: 1 | S32: 2 | T32: 3 | U32: 4 | V32: 5 | W32: 6 | X32: 7 | Y32: 8 | Z32: 9 | AA32: 10 | AB32: 11 | AC32: 12 | AD32: 13 | AE32: 14 | AF32: 15
O33: =O17 -> 1000 | P33: 70000 | Q33: =IF($AX3=0,0,$AZ3*BF3)*$M$6 -> 0 | R33: =IF($AX3=0,0,$AZ3*BG3)*$M$6 -> 0 | S33: =IF($AX3=0,0,$AZ3*BH3)*$M$6 -> 0 | T33: =IF($AX3=0,0,$AZ3*BI3)*$M$6 -> 0 | U33: =IF($AX3=0,0,$AZ3*BJ3)*$M$6 -> 0 | V33: =IF($AX3=0,0,$AZ3*BK3)*$M$6 -> 0 | W33: =IF($AX3=0,0,$AZ3*BL3)*$M$6 -> 0 | X33: =IF($AX3=0,0,$AZ3*BM3)*$M$6 -> 0 | ... AF33: =IF($AX3=0,0,$AZ3*BU3)*$M$6 -> 0
A34: set/star | B34: 1 | C34: 2 | D34: 3 | E34: 4 | F34: 5 | G34: 6 | H34: gold4 | I34: gold5 | J34: gold6 | K34: 合计 | O34: =O18 -> 3000 | P34: 210000 | Q34: =IF($AX4=0,0,$AZ4*BF4)*$M$6 -> 0 | R34: =IF($AX4=0,0,$AZ4*BG4)*$M$6 -> 0 | S34: =IF($AX4=0,0,$AZ4*BH4)*$M$6 -> 0 | T34: =IF($AX4=0,0,$AZ4*BI4)*$M$6 -> 0 | U34: =IF($AX4=0,0,$AZ4*BJ4)*$M$6 -> 0 | V34: =IF($AX4=0,0,$AZ4*BK4)*$M$6 -> 0 | W34: =IF($AX4=0,0,$AZ4*BL4)*$M$6 -> 0 | X34: =IF($AX4=0,0,$AZ4*BM4)*$M$6 -> 0 | ... AF34: =IF($AX4=0,0,$AZ4*BU4)*$M$6 -> 0
A35: 1 | B35: 8 | C35: 0 | D35: 0 | E35: 0 | F35: 0 | G35: 0 | H35: 0 | I35: 0 | J35: 0 | K35: 8 | L35: =SUM($K$35:K35) -> 8 | O35: =O19 -> 10000 | P35: 700000 | Q35: =IF($AX5=0,0,$AZ5*BF5)*$M$6 -> 1.7948718 | R35: =IF($AX5=0,0,$AZ5*BG5)*$M$6 -> 1.4358974 | S35: =IF($AX5=0,0,$AZ5*BH5)*$M$6 -> 1.1965812 | T35: =IF($AX5=0,0,$AZ5*BI5)*$M$6 -> 1.025641 | U35: =IF($AX5=0,0,$AZ5*BJ5)*$M$6 -> 0.8974359 | V35: =IF($AX5=0,0,$AZ5*BK5)*$M$6 -> 0.7977208 | W35: =IF($AX5=0,0,$AZ5*BL5)*$M$6 -> 0.71794872 | X35: =IF($AX5=0,0,$AZ5*BM5)*$M$6 -> 0.71794872 | ... AF35: =IF($AX5=0,0,$AZ5*BU5)*$M$6 -> 0.71794872
A36: 2 | B36: 7 | C36: 1 | D36: 0 | E36: 0 | F36: 0 | G36: 0 | H36: 0 | I36: 0 | J36: 0 | K36: 8 | L36: =SUM($K$35:K36) -> 16 | O36: =O20 -> 20000 | P36: 1400000 | Q36: =IF($AX6=0,0,$AZ6*BF6)*$M$6 -> 53.846154 | R36: =IF($AX6=0,0,$AZ6*BG6)*$M$6 -> 43.076923 | S36: =IF($AX6=0,0,$AZ6*BH6)*$M$6 -> 35.897436 | T36: =IF($AX6=0,0,$AZ6*BI6)*$M$6 -> 30.769231 | U36: =IF($AX6=0,0,$AZ6*BJ6)*$M$6 -> 26.923077 | V36: =IF($AX6=0,0,$AZ6*BK6)*$M$6 -> 23.931624 | W36: =IF($AX6=0,0,$AZ6*BL6)*$M$6 -> 21.538462 | X36: =IF($AX6=0,0,$AZ6*BM6)*$M$6 -> 21.538462 | ... AF36: =IF($AX6=0,0,$AZ6*BU6)*$M$6 -> 21.538462
A37: 3 | B37: 6 | C37: 2 | D37: 0 | E37: 0 | F37: 0 | G37: 0 | H37: 0 | I37: 0 | J37: 0 | K37: 8 | L37: =SUM($K$35:K37) -> 24 | O37: =O21 -> 50000 | P37: 3500000 | Q37: =IF($AX7=0,0,$AZ7*BF7)*$M$6 -> 251.86104 | R37: =IF($AX7=0,0,$AZ7*BG7)*$M$6 -> 208.20513 | S37: =IF($AX7=0,0,$AZ7*BH7)*$M$6 -> 173.50427 | T37: =IF($AX7=0,0,$AZ7*BI7)*$M$6 -> 148.71795 | U37: =IF($AX7=0,0,$AZ7*BJ7)*$M$6 -> 134.61538 | V37: =IF($AX7=0,0,$AZ7*BK7)*$M$6 -> 119.65812 | W37: =IF($AX7=0,0,$AZ7*BL7)*$M$6 -> 107.69231 | X37: =IF($AX7=0,0,$AZ7*BM7)*$M$6 -> 107.69231 | ... AF37: =IF($AX7=0,0,$AZ7*BU7)*$M$6 -> 107.69231
A38: 4 | B38: 4 | C38: 4 | D38: 0 | E38: 0 | F38: 0 | G38: 0 | H38: 0 | I38: 0 | J38: 0 | K38: 8 | L38: =SUM($K$35:K38) -> 32 | O38: =O22 -> 100000 | P38: 7000000 | Q38: =IF($AX8=0,0,$AZ8*BF8)*$M$6 -> 656.1086 | R38: =IF($AX8=0,0,$AZ8*BG8)*$M$6 -> 556.6982 | S38: =IF($AX8=0,0,$AZ8*BH8)*$M$6 -> 478.41252 | T38: =IF($AX8=0,0,$AZ8*BI8)*$M$6 -> 410.06787 | U38: =IF($AX8=0,0,$AZ8*BJ8)*$M$6 -> 370.38389 | V38: =IF($AX8=0,0,$AZ8*BK8)*$M$6 -> 329.23012 | W38: =IF($AX8=0,0,$AZ8*BL8)*$M$6 -> 306.18401 | X38: =IF($AX8=0,0,$AZ8*BM8)*$M$6 -> 306.18401 | ... AF38: =IF($AX8=0,0,$AZ8*BU8)*$M$6 -> 306.18401
A39: 5 | B39: 3 | C39: 5 | D39: 0 | E39: 0 | F39: 0 | G39: 0 | H39: 0 | I39: 0 | J39: 0 | K39: 8 | L39: =SUM($K$35:K39) -> 40 | O39: =O23 -> 200000 | P39: 14000000 | Q39: =IF($AX9=0,0,$AZ9*BF9)*$M$6 -> 3304.8433 | R39: =IF($AX9=0,0,$AZ9*BG9)*$M$6 -> 2847.2496 | S39: =IF($AX9=0,0,$AZ9*BH9)*$M$6 -> 2500.9625 | T39: =IF($AX9=0,0,$AZ9*BI9)*$M$6 -> 2203.2289 | U39: =IF($AX9=0,0,$AZ9*BJ9)*$M$6 -> 1982.906 | V39: =IF($AX9=0,0,$AZ9*BK9)*$M$6 -> 1814.4238 | W39: =IF($AX9=0,0,$AZ9*BL9)*$M$6 -> 1682.4657 | X39: =IF($AX9=0,0,$AZ9*BM9)*$M$6 -> 1682.4657 | ... AF39: =IF($AX9=0,0,$AZ9*BU9)*$M$6 -> 1682.4657
A40: 6 | B40: 2 | C40: 5 | D40: 1 | E40: 0 | F40: 0 | G40: 0 | H40: 0 | I40: 0 | J40: 0 | K40: 8 | L40: =SUM($K$35:K40) -> 48 | O40: =O24 -> 500000 | P40: 35000000 | Q40: =IF($AX10=0,0,$AZ10*BF10)*$M$6 -> 3098.2906 | R40: =IF($AX10=0,0,$AZ10*BG10)*$M$6 -> 2586.3991 | S40: =IF($AX10=0,0,$AZ10*BH10)*$M$6 -> 2203.2289 | T40: =IF($AX10=0,0,$AZ10*BI10)*$M$6 -> 1888.4819 | U40: =IF($AX10=0,0,$AZ10*BJ10)*$M$6 -> 1729.2785 | V40: =IF($AX10=0,0,$AZ10*BK10)*$M$6 -> 1537.1364 | W40: =IF($AX10=0,0,$AZ10*BL10)*$M$6 -> 1416.3614 | X40: =IF($AX10=0,0,$AZ10*BM10)*$M$6 -> 1416.3614 | ... AF40: =IF($AX10=0,0,$AZ10*BU10)*$M$6 -> 1416.3614
A41: 7 | B41: 1 | C41: 4 | D41: 3 | E41: 0 | F41: 0 | G41: 0 | H41: 0 | I41: 0 | J41: 0 | K41: 8 | L41: =SUM($K$35:K41) -> 56 | O41: =O25 -> 1000000 | P41: 70000000 | Q41: =IF($AX11=0,0,$AZ11*BF11)*$M$6 -> 2570.4337 | R41: =IF($AX11=0,0,$AZ11*BG11)*$M$6 -> 2135.4372 | S41: =IF($AX11=0,0,$AZ11*BH11)*$M$6 -> 1850.7123 | T41: =IF($AX11=0,0,$AZ11*BI11)*$M$6 -> 1618.6988 | U41: =IF($AX11=0,0,$AZ11*BJ11)*$M$6 -> 1445.8689 | V41: =IF($AX11=0,0,$AZ11*BK11)*$M$6 -> 1312.5619 | W41: =IF($AX11=0,0,$AZ11*BL11)*$M$6 -> 1206.9863 | X41: =IF($AX11=0,0,$AZ11*BM11)*$M$6 -> 1206.9863 | ... AF41: =IF($AX11=0,0,$AZ11*BU11)*$M$6 -> 1206.9863
A42: 8 | B42: 0 | C42: 4 | D42: 4 | E42: 0 | F42: 0 | G42: 0 | H42: 0 | I42: 0 | J42: 0 | K42: 8 | L42: =SUM($K$35:K42) -> 64 | O42: =O26 -> 2000000 | P42: 95666667 | Q42: =IF($AX12=0,0,$AZ12*BF12)*$M$6 -> 2409.7816 | R42: =IF($AX12=0,0,$AZ12*BG12)*$M$6 -> 1998.1879 | S42: =IF($AX12=0,0,$AZ12*BH12)*$M$6 -> 1743.4246 | T42: =IF($AX12=0,0,$AZ12*BI12)*$M$6 -> 1536.5909 | U42: =IF($AX12=0,0,$AZ12*BJ12)*$M$6 -> 1359.6139 | V42: =IF($AX12=0,0,$AZ12*BK12)*$M$6 -> 1244.2131 | W42: =IF($AX12=0,0,$AZ12*BL12)*$M$6 -> 1143.2634 | X42: =IF($AX12=0,0,$AZ12*BM12)*$M$6 -> 1143.2634 | ... AF42: =IF($AX12=0,0,$AZ12*BU12)*$M$6 -> 1143.2634
A43: 9 | B43: 0 | C43: 3 | D43: 4 | E43: 1 | F43: 0 | G43: 0 | H43: 0 | I43: 0 | J43: 0 | K43: 8 | L43: =SUM($K$35:K43) -> 72 | O43: =O27 -> 5000000 | P43: 1.2366667e+08 | Q43: =IF($AX13=0,0,$AZ13*BF13)*$M$6 -> 2332.0467 | R43: =IF($AX13=0,0,$AZ13*BG13)*$M$6 -> 1931.777 | S43: =IF($AX13=0,0,$AZ13*BH13)*$M$6 -> 1691.5112 | T43: =IF($AX13=0,0,$AZ13*BI13)*$M$6 -> 1496.8612 | U43: =IF($AX13=0,0,$AZ13*BJ13)*$M$6 -> 1317.8775 | V43: =IF($AX13=0,0,$AZ13*BK13)*$M$6 -> 1211.1411 | W43: =IF($AX13=0,0,$AZ13*BL13)*$M$6 -> 1112.4297 | X43: =IF($AX13=0,0,$AZ13*BM13)*$M$6 -> 1112.4297 | ... AF43: =IF($AX13=0,0,$AZ13*BU13)*$M$6 -> 1112.4297
A44: 10 | B44: 0 | C44: 3 | D44: 3 | E44: 2 | F44: 0 | G44: 0 | H44: 0 | I44: 0 | J44: 0 | K44: 8 | L44: =SUM($K$35:K44) -> 80 | O44: =O28 -> 10000000 | P44: 1.5166667e+08 | Q44: =IF($AX14=0,0,$AZ14*BF14)*$M$6 -> 2286.203 | R44: =IF($AX14=0,0,$AZ14*BG14)*$M$6 -> 1892.6116 | S44: =IF($AX14=0,0,$AZ14*BH14)*$M$6 -> 1660.8956 | T44: =IF($AX14=0,0,$AZ14*BI14)*$M$6 -> 1473.4309 | U44: =IF($AX14=0,0,$AZ14*BJ14)*$M$6 -> 1293.2638 | V44: =IF($AX14=0,0,$AZ14*BK14)*$M$6 -> 1191.6371 | W44: =IF($AX14=0,0,$AZ14*BL14)*$M$6 -> 1094.2458 | X44: =IF($AX14=0,0,$AZ14*BM14)*$M$6 -> 1094.2458 | ... AF44: =IF($AX14=0,0,$AZ14*BU14)*$M$6 -> 1094.2458
A45: 11 | B45: 0 | C45: 1 | D45: 4 | E45: 2 | F45: 0 | G45: 0 | H45: 1 | I45: 0 | J45: 0 | K45: 8 | L45: =SUM($K$35:K45) -> 88
A46: 12 | B46: 0 | C46: 1 | D46: 3 | E46: 2 | F46: 1 | G46: 0 | H46: 1 | I46: 0 | J46: 0 | K46: 8 | L46: =SUM($K$35:K46) -> 96
A47: 13 | B47: 0 | C47: 1 | D47: 2 | E47: 2 | F47: 1 | G47: 0 | H47: 1 | I47: 1 | J47: 0 | K47: 8 | L47: =SUM($K$35:K47) -> 104
A48: 14 | B48: 0 | C48: 0 | D48: 2 | E48: 2 | F48: 1 | G48: 1 | H48: 1 | I48: 1 | J48: 0 | K48: 8 | L48: =SUM($K$35:K48) -> 112
A49: 15 | B49: 0 | C49: 0 | D49: 1 | E49: 3 | F49: 1 | G49: 1 | H49: 1 | I49: 1 | J49: 0 | K49: 8 | L49: =SUM($K$35:K49) -> 120
A50: 16 | B50: 0 | C50: 0 | D50: 1 | E50: 2 | F50: 1 | G50: 1 | H50: 2 | I50: 1 | J50: 0 | K50: 8 | L50: =SUM($K$35:K50) -> 128
A51: 17 | B51: 0 | C51: 0 | D51: 1 | E51: 1 | F51: 2 | G51: 1 | H51: 2 | I51: 1 | J51: 0 | K51: 8 | L51: =SUM($K$35:K51) -> 136
A52: 18 | B52: 0 | C52: 0 | D52: 1 | E52: 1 | F52: 2 | G52: 0 | H52: 1 | I52: 2 | J52: 1 | K52: 8 | L52: =SUM($K$35:K52) -> 144
A53: 19 | B53: 0 | C53: 0 | D53: 0 | E53: 1 | F53: 2 | G53: 0 | H53: 2 | I53: 2 | J53: 1 | K53: 8 | L53: =SUM($K$35:K53) -> 152
A54: 合计 | B54: 31 | C54: 34 | D54: 30 | E54: 19 | F54: 11 | G54: 4 | H54: 12 | I54: 9 | J54: 2 | K54: 152
A56: set/star | B56: 1 | C56: 2 | D56: 3 | E56: 4 | F56: 5 | G56: gold3 | H56: gold4 | I56: gold5
A57: 1 | B57: 8 | C57: 0 | D57: 0 | E57: 0 | F57: 0 | G57: 0 | H57: 0 | I57: 0
A58: 2 | B58: 7 | C58: 1 | D58: 0 | E58: 0 | F58: 0 | G58: 0 | H58: 0 | I58: 0
A59: 3 | B59: 6 | C59: 2 | D59: 0 | E59: 0 | F59: 0 | G59: 0 | H59: 0 | I59: 0
A60: 4 | B60: 4 | C60: 4 | D60: 0 | E60: 0 | F60: 0 | G60: 0 | H60: 0 | I60: 0
A61: 5 | B61: 3 | C61: 5 | D61: 0 | E61: 0 | F61: 0 | G61: 0 | H61: 0 | I61: 0
A62: 6 | B62: 2 | C62: 5 | D62: 1 | E62: 0 | F62: 0 | G62: 0 | H62: 0 | I62: 0
A63: 7 | B63: 1 | C63: 4 | D63: 3 | E63: 0 | F63: 0 | G63: 0 | H63: 0 | I63: 0
A64: 8 | B64: 0 | C64: 4 | D64: 4 | E64: 0 | F64: 0 | G64: 0 | H64: 0 | I64: 0
A65: 9 | B65: 0 | C65: 3 | D65: 4 | E65: 1 | F65: 0 | G65: 0 | H65: 0 | I65: 0
A66: 10 | B66: 0 | C66: 3 | D66: 3 | E66: 2 | F66: 0 | G66: 0 | H66: 0 | I66: 0
A67: 11 | B67: 0 | C67: 1 | D67: 4 | E67: 2 | F67: 0 | G67: 1 | H67: 0 | I67: 0
A68: 12 | B68: 0 | C68: 1 | D68: 3 | E68: 2 | F68: 1 | G68: 1 | H68: 0 | I68: 0
... A75: 19 | B75: 0 | C75: 0 | D75: 0 | E75: 1 | F75: 2 | G75: 2 | H75: 2 | I75: 1

Sheet 老虎机掉卡包旧版
A1: 章节 | B1: 金币 | C1: 美金 | D1: 最大星级 | F1: 基础金币/美金 | H1: 底注 | I1: 一局消耗 | J1: 消耗美金 | K1: //卡包id1 | L1: //概率 | M1: 产出卡包 | N1: //卡包id2 | O1: //概率 | Q1: //卡包id3 | R1: //概率 | T1: 单局上限 | U1: 平均小轮数 | W1: set/star | X1: 1 | Y1: 2 | Z1: 3 | AA1: 4 | AB1: 5 | AC1: 6 | AD1: gold4 | AE1: gold5 | AF1: gold6 | AG1: 合计 | AI1: =L2+O2+R2 -> 1000 | AJ1: =L2*1000/(L2+O2+R2) -> 1000 | AK1: =O2*1000/(L2+O2+R2) -> 0 | AL1: =R2*1000/(L2+O2+R2) -> 0
A2: 1 | B2: 100000 | C2: 2.5 | D2: 1 | F2: 1000000 | H2: 1000 | I2: =H2*$F$4*$F$6 -> 50 | J2: =I2/$F$2 -> 5e-05 | K2: 1 | L2: 1000 | M2: =L2*$U2/10000 -> 0.1 | T2: 1 | U2: 1 | W2: 1 | X2: 8 | Y2: 0 | Z2: 0 | AA2: 0 | AB2: 0 | AC2: 0 | AD2: 0 | AE2: 0 | AF2: 0 | AG2: 8 | AI2: =L3+O3+R3 -> 1000 | AJ2: =L3*1000/(L3+O3+R3) -> 1000 | AK2: =O3*1000/(L3+O3+R3) -> 0 | AL2: =R3*1000/(L3+O3+R3) -> 0
A3: 2 | B3: 150000 | C3: 2.7 | D3: 2 | F3: 平均倍率 | H3: 5000 | I3: =H3*$F$4*$F$6 -> 250 | J3: =I3/$F$2 -> 0.00025 | K3: 1 | L3: 1000 | M3: =L3*$U3/10000 -> 0.1 | T3: 1 | U3: 1 | W3: 2 | X3: 7 | Y3: 1 | Z3: 0 | AA3: 0 | AB3: 0 | AC3: 0 | AD3: 0 | AE3: 0 | AF3: 0 | AG3: 8 | AI3: =L4+O4+R4 -> 1000 | AJ3: =L4*1000/(L4+O4+R4) -> 91 | AK3: =O4*1000/(L4+O4+R4) -> 909 | AL3: =R4*1000/(L4+O4+R4) -> 0
A4: 3 | B4: 300000 | C4: 3 | D4: 2 | F4: 1 | H4: 20000 | I4: =H4*$F$4*$F$6 -> 1000 | J4: =I4/$F$2 -> 0.001 | K4: 1 | L4: 91 | M4: =L4*$U4/10000 -> 0.0091 | N4: 2 | O4: 909 | P4: =O4*$U4/10000 -> 0.0909 | T4: 1 | U4: 1 | W4: 3 | X4: 6 | Y4: 2 | Z4: 0 | AA4: 0 | AB4: 0 | AC4: 0 | AD4: 0 | AE4: 0 | AF4: 0 | AG4: 8 | AI4: =L5+O5+R5 -> 1000 | AJ4: =L5*1000/(L5+O5+R5) -> 182 | AK4: =O5*1000/(L5+O5+R5) -> 727 | AL4: =R5*1000/(L5+O5+R5) -> 91
A5: 4 | B5: 500000 | C5: 3.2 | D5: 2 | F5: 抽水 | H5: 50000 | I5: =H5*$F$4*$F$6 -> 2500 | J5: =I5/$F$2 -> 0.0025 | K5: 2 | L5: 182 | M5: =L5*$U5/10000 -> 0.0182 | N5: 3 | O5: 727 | P5: =O5*$U5/10000 -> 0.0727 | Q5: 4 | R5: 91 | S5: =R5*$U5/10000 -> 0.0091 | T5: 1 | U5: 1 | W5: 4 | X5: 4 | Y5: 4 | Z5: 0 | AA5: 0 | AB5: 0 | AC5: 0 | AD5: 0 | AE5: 0 | AF5: 0 | AG5: 8 | AI5: =L6+O6+R6 -> 1000 | AJ5: =L6*1000/(L6+O6+R6) -> 491 | AK5: =O6*1000/(L6+O6+R6) -> 491 | AL5: =R6*1000/(L6+O6+R6) -> 18
A6: 5 | B6: 1000000 | C6: 3.4 | D6: 2 | F6: 0.05 | H6: 100000 | I6: =H6*$F$4*$F$6 -> 5000 | J6: =I6/$F$2 -> 0.005 | K6: 3 | L6: 491 | M6: =L6*$U6/10000 -> 0.0491 | N6: 4 | O6: 491 | P6: =O6*$U6/10000 -> 0.0491 | Q6: 5 | R6: 18 | S6: =R6*$U6/10000 -> 0.0018 | T6: 1 | U6: 1 | W6: 5 | X6: 3 | Y6: 5 | Z6: 0 | AA6: 0 | AB6: 0 | AC6: 0 | AD6: 0 | AE6: 0 | AF6: 0 | AG6: 8 | AI6: =L7+O7+R7 -> 1000 | AJ6: =L7*1000/(L7+O7+R7) -> 607 | AK6: =O7*1000/(L7+O7+R7) -> 374 | AL6: =R7*1000/(L7+O7+R7) -> 19
A7: 6 | B7: 1200000 | C7: 3.5 | D7: 3 | H7: 200000 | I7: =H7*$F$4*$F$6 -> 10000 | J7: =I7/$F$2 -> 0.01 | K7: 4 | L7: 607 | M7: =L7*$U7/10000 -> 0.0607 | N7: 5 | O7: 374 | P7: =O7*$U7/10000 -> 0.0374 | Q7: 6 | R7: 19 | S7: =R7*$U7/10000 -> 0.0019 | T7: 1 | U7: 1 | W7: 6 | X7: 2 | Y7: 5 | Z7: 1 | AA7: 0 | AB7: 0 | AC7: 0 | AD7: 0 | AE7: 0 | AF7: 0 | AG7: 8 | AI7: =L8+O8+R8 -> 1000 | AJ7: =L8*1000/(L8+O8+R8) -> 571 | AK7: =O8*1000/(L8+O8+R8) -> 393 | AL7: =R8*1000/(L8+O8+R8) -> 36
A8: 7 | B8: 1500000 | C8: 3.6 | D8: 3 | H8: 500000 | I8: =H8*$F$4*$F$6 -> 25000 | J8: =I8/$F$2 -> 0.025 | K8: 4 | L8: 571 | M8: =L8*$U8/10000 -> 0.0571 | N8: 5 | O8: 393 | P8: =O8*$U8/10000 -> 0.0393 | Q8: 6 | R8: 36 | S8: =R8*$U8/10000 -> 0.0036 | T8: 1 | U8: 1 | W8: 7 | X8: 1 | Y8: 4 | Z8: 3 | AA8: 0 | AB8: 0 | AC8: 0 | AD8: 0 | AE8: 0 | AF8: 0 | AG8: 8 | AI8: =L9+O9+R9 -> 1000 | AJ8: =L9*1000/(L9+O9+R9) -> 588 | AK8: =O9*1000/(L9+O9+R9) -> 353 | AL8: =R9*1000/(L9+O9+R9) -> 59
A9: 8 | B9: 1800000 | C9: 3.7 | D9: 3 | H9: 2000000 | I9: =H9*$F$4*$F$6 -> 100000 | J9: =I9/$F$2 -> 0.1 | K9: 4 | L9: 588 | M9: =L9*$U9/10000 -> 0.0588 | N9: 5 | O9: 353 | P9: =O9*$U9/10000 -> 0.0353 | Q9: 6 | R9: 59 | S9: =R9*$U9/10000 -> 0.0059 | T9: 1 | U9: 1 | W9: 8 | X9: 0 | Y9: 4 | Z9: 4 | AA9: 0 | AB9: 0 | AC9: 0 | AD9: 0 | AE9: 0 | AF9: 0 | AG9: 8 | AI9: =L10+O10+R10 -> 1000 | AJ9: =L10*1000/(L10+O10+R10) -> 550 | AK9: =O10*1000/(L10+O10+R10) -> 367 | AL9: =R10*1000/(L10+O10+R10) -> 83
A10: 9 | B10: 2000000 | C10: 20 | D10: 4 | H10: 5000000 | I10: =H10*$F$4*$F$6 -> 250000 | J10: =I10/$F$2 -> 0.25 | K10: 4 | L10: 550 | M10: =L10*$U10/10000 -> 0.055 | N10: 5 | O10: 367 | P10: =O10*$U10/10000 -> 0.0367 | Q10: 6 | R10: 83 | S10: =R10*$U10/10000 -> 0.0083 | T10: 1 | U10: 1 | W10: 9 | X10: 0 | Y10: 3 | Z10: 4 | AA10: 1 | AB10: 0 | AC10: 0 | AD10: 0 | AE10: 0 | AF10: 0 | AG10: 8 | AI10: =L11+O11+R11 -> 1000 | AJ10: =L11*1000/(L11+O11+R11) -> 526 | AK10: =O11*1000/(L11+O11+R11) -> 342 | AL10: =R11*1000/(L11+O11+R11) -> 132
A11: 10 | B11: 2500000 | C11: 25 | D11: 4 | H11: 10000000 | I11: =H11*$F$4*$F$6 -> 500000 | J11: =I11/$F$2 -> 0.5 | K11: 4 | L11: 526 | M11: =L11*$U11/10000 -> 0.0526 | N11: 5 | O11: 342 | P11: =O11*$U11/10000 -> 0.0342 | Q11: 6 | R11: 132 | S11: =R11*$U11/10000 -> 0.0132 | T11: 1 | U11: 1 | W11: 10 | X11: 0 | Y11: 3 | Z11: 3 | AA11: 2 | AB11: 0 | AC11: 0 | AD11: 0 | AE11: 0 | AF11: 0 | AG11: 8 | AI11: =L12+O12+R12 -> 1000 | AJ11: =L12*1000/(L12+O12+R12) -> 400 | AK11: =O12*1000/(L12+O12+R12) -> 400 | AL11: =R12*1000/(L12+O12+R12) -> 200
A12: 11 | B12: 3000000 | C12: 27 | D12: 5 | H12: 20000000 | I12: =H12*$F$4*$F$6 -> 1000000 | J12: =I12/$F$2 -> 1 | K12: 4 | L12: 400 | M12: =L12*$U12/10000 -> 0.04 | N12: 5 | O12: 400 | P12: =O12*$U12/10000 -> 0.04 | Q12: 6 | R12: 200 | S12: =R12*$U12/10000 -> 0.02 | T12: 1 | U12: 1 | W12: 11 | X12: 0 | Y12: 1 | Z12: 4 | AA12: 2 | AB12: 0 | AC12: 0 | AD12: 1 | AE12: 0 | AF12: 0 | AG12: 8
A13: 12 | B13: 3500000 | C13: 29 | D13: 5 | W13: 12 | X13: 0 | Y13: 1 | Z13: 3 | AA13: 2 | AB13: 1 | AC13: 0 | AD13: 1 | AE13: 0 | AF13: 0 | AG13: 8 | AJ13: =ROUND(AJ1,0) -> 1000 | AK13: =ROUND(AK1,0) -> 0 | AL13: =ROUND(AL1,0) -> 0
A14: 13 | B14: 5000000 | C14: 31 | D14: 5 | F14: 单局产出卡包 | H14: 卡包数量 | I14: 1 | J14: 2 | K14: 3 | L14: 4 | M14: 5 | N14: 6 | W14: 13 | X14: 0 | Y14: 1 | Z14: 2 | AA14: 2 | AB14: 1 | AC14: 0 | AD14: 1 | AE14: 1 | AF14: 0 | AG14: 8 | AJ14: =ROUND(AJ2,0) -> 1000 | AK14: =ROUND(AK2,0) -> 0 | AL14: =ROUND(AL2,0) -> 0
A15: 14 | B15: 7500000 | C15: 35 | D15: 5 | H15: =H2 -> 1000 | I15: =IF($K2=I$14,$M2,0)+IF($N2=I$14,$P2,0)+IF($Q2=I$14,$S2,0) -> 0.1 | J15: =IF($K2=J$14,$M2,0)+IF($N2=J$14,$P2,0)+IF($Q2=J$14,$S2,0) -> 0 | K15: =IF($K2=K$14,$M2,0)+IF($N2=K$14,$P2,0)+IF($Q2=K$14,$S2,0) -> 0 | L15: =IF($K2=L$14,$M2,0)+IF($N2=L$14,$P2,0)+IF($Q2=L$14,$S2,0) -> 0 | M15: =IF($K2=M$14,$M2,0)+IF($N2=M$14,$P2,0)+IF($Q2=M$14,$S2,0) -> 0 | N15: =IF($K2=N$14,$M2,0)+IF($N2=N$14,$P2,0)+IF($Q2=N$14,$S2,0) -> 0 | W15: 14 | X15: 0 | Y15: 0 | Z15: 2 | AA15: 2 | AB15: 1 | AC15: 1 | AD15: 1 | AE15: 1 | AF15: 0 | AG15: 8 | AJ15: =ROUND(AJ3,0) -> 91 | AK15: =ROUND(AK3,0) -> 909 | AL15: =ROUND(AL3,0) -> 0
A16: 15 | B16: 10000000 | C16: 40 | D16: 6 | H16: =H3 -> 5000 | I16: =IF($K3=I$14,$M3,0)+IF($N3=I$14,$P3,0)+IF($Q3=I$14,$S3,0) -> 0.1 | J16: =IF($K3=J$14,$M3,0)+IF($N3=J$14,$P3,0)+IF($Q3=J$14,$S3,0) -> 0 | K16: =IF($K3=K$14,$M3,0)+IF($N3=K$14,$P3,0)+IF($Q3=K$14,$S3,0) -> 0 | L16: =IF($K3=L$14,$M3,0)+IF($N3=L$14,$P3,0)+IF($Q3=L$14,$S3,0) -> 0 | M16: =IF($K3=M$14,$M3,0)+IF($N3=M$14,$P3,0)+IF($Q3=M$14,$S3,0) -> 0 | N16: =IF($K3=N$14,$M3,0)+IF($N3=N$14,$P3,0)+IF($Q3=N$14,$S3,0) -> 0 | W16: 15 | X16: 0 | Y16: 0 | Z16: 1 | AA16: 3 | AB16: 1 | AC16: 1 | AD16: 1 | AE16: 1 | AF16: 0 | AG16: 8 | AJ16: =ROUND(AJ4,0) -> 182 | AK16: =ROUND(AK4,0) -> 727 | AL16: =ROUND(AL4,0) -> 91
A17: 16 | B17: 12500000 | C17: 42.5 | D17: 6 | H17: =H4 -> 20000 | I17: =IF($K4=I$14,$M4,0)+IF($N4=I$14,$P4,0)+IF($Q4=I$14,$S4,0) -> 0.0091 | J17: =IF($K4=J$14,$M4,0)+IF($N4=J$14,$P4,0)+IF($Q4=J$14,$S4,0) -> 0.0909 | K17: =IF($K4=K$14,$M4,0)+IF($N4=K$14,$P4,0)+IF($Q4=K$14,$S4,0) -> 0 | L17: =IF($K4=L$14,$M4,0)+IF($N4=L$14,$P4,0)+IF($Q4=L$14,$S4,0) -> 0 | M17: =IF($K4=M$14,$M4,0)+IF($N4=M$14,$P4,0)+IF($Q4=M$14,$S4,0) -> 0 | N17: =IF($K4=N$14,$M4,0)+IF($N4=N$14,$P4,0)+IF($Q4=N$14,$S4,0) -> 0 | W17: 16 | X17: 0 | Y17: 0 | Z17: 1 | AA17: 2 | AB17: 1 | AC17: 1 | AD17: 2 | AE17: 1 | AF17: 0 | AG17: 8 | AJ17: =ROUND(AJ5,0) -> 491 | AK17: =ROUND(AK5,0) -> 491 | AL17: =ROUND(AL5,0) -> 18
A18: 17 | B18: 15000000 | C18: 45 | D18: 6 | H18: =H5 -> 50000 | I18: =IF($K5=I$14,$M5,0)+IF($N5=I$14,$P5,0)+IF($Q5=I$14,$S5,0) -> 0 | J18: =IF($K5=J$14,$M5,0)+IF($N5=J$14,$P5,0)+IF($Q5=J$14,$S5,0) -> 0.0182 | K18: =IF($K5=K$14,$M5,0)+IF($N5=K$14,$P5,0)+IF($Q5=K$14,$S5,0) -> 0.0727 | L18: =IF($K5=L$14,$M5,0)+IF($N5=L$14,$P5,0)+IF($Q5=L$14,$S5,0) -> 0.0091 | M18: =IF($K5=M$14,$M5,0)+IF($N5=M$14,$P5,0)+IF($Q5=M$14,$S5,0) -> 0 | N18: =IF($K5=N$14,$M5,0)+IF($N5=N$14,$P5,0)+IF($Q5=N$14,$S5,0) -> 0 | W18: 17 | X18: 0 | Y18: 0 | Z18: 1 | AA18: 1 | AB18: 2 | AC18: 1 | AD18: 2 | AE18: 1 | AF18: 0 | AG18: 8 | AJ18: =ROUND(AJ6,0) -> 607 | AK18: =ROUND(AK6,0) -> 374 | AL18: =ROUND(AL6,0) -> 19
A19: 18 | B19: 17500000 | C19: 50 | D19: 6 | H19: =H6 -> 100000 | I19: =IF($K6=I$14,$M6,0)+IF($N6=I$14,$P6,0)+IF($Q6=I$14,$S6,0) -> 0 | J19: =IF($K6=J$14,$M6,0)+IF($N6=J$14,$P6,0)+IF($Q6=J$14,$S6,0) -> 0 | K19: =IF($K6=K$14,$M6,0)+IF($N6=K$14,$P6,0)+IF($Q6=K$14,$S6,0) -> 0.0491 | L19: =IF($K6=L$14,$M6,0)+IF($N6=L$14,$P6,0)+IF($Q6=L$14,$S6,0) -> 0.0491 | M19: =IF($K6=M$14,$M6,0)+IF($N6=M$14,$P6,0)+IF($Q6=M$14,$S6,0) -> 0.0018 | N19: =IF($K6=N$14,$M6,0)+IF($N6=N$14,$P6,0)+IF($Q6=N$14,$S6,0) -> 0 | W19: 18 | X19: 0 | Y19: 0 | Z19: 1 | AA19: 1 | AB19: 2 | AC19: 0 | AD19: 1 | AE19: 2 | AF19: 1 | AG19: 8 | AJ19: =ROUND(AJ7,0) -> 571 | AK19: =ROUND(AK7,0) -> 393 | AL19: =ROUND(AL7,0) -> 36
A20: 19 | B20: 20000000 | C20: 55 | D20: 6 | H20: =H7 -> 200000 | I20: =IF($K7=I$14,$M7,0)+IF($N7=I$14,$P7,0)+IF($Q7=I$14,$S7,0) -> 0 | J20: =IF($K7=J$14,$M7,0)+IF($N7=J$14,$P7,0)+IF($Q7=J$14,$S7,0) -> 0 | K20: =IF($K7=K$14,$M7,0)+IF($N7=K$14,$P7,0)+IF($Q7=K$14,$S7,0) -> 0 | L20: =IF($K7=L$14,$M7,0)+IF($N7=L$14,$P7,0)+IF($Q7=L$14,$S7,0) -> 0.0607 | M20: =IF($K7=M$14,$M7,0)+IF($N7=M$14,$P7,0)+IF($Q7=M$14,$S7,0) -> 0.0374 | N20: =IF($K7=N$14,$M7,0)+IF($N7=N$14,$P7,0)+IF($Q7=N$14,$S7,0) -> 0.0019 | W20: 19 | X20: 0 | Y20: 0 | Z20: 0 | AA20: 1 | AB20: 2 | AC20: 0 | AD20: 2 | AE20: 2 | AF20: 1 | AG20: 8 | AJ20: =ROUND(AJ8,0) -> 588 | AK20: =ROUND(AK8,0) -> 353 | AL20: =ROUND(AL8,0) -> 59
A21: all | B21: 35000000 | C21: 100 | H21: =H8 -> 500000 | I21: =IF($K8=I$14,$M8,0)+IF($N8=I$14,$P8,0)+IF($Q8=I$14,$S8,0) -> 0 | J21: =IF($K8=J$14,$M8,0)+IF($N8=J$14,$P8,0)+IF($Q8=J$14,$S8,0) -> 0 | K21: =IF($K8=K$14,$M8,0)+IF($N8=K$14,$P8,0)+IF($Q8=K$14,$S8,0) -> 0 | L21: =IF($K8=L$14,$M8,0)+IF($N8=L$14,$P8,0)+IF($Q8=L$14,$S8,0) -> 0.0571 | M21: =IF($K8=M$14,$M8,0)+IF($N8=M$14,$P8,0)+IF($Q8=M$14,$S8,0) -> 0.0393 | N21: =IF($K8=N$14,$M8,0)+IF($N8=N$14,$P8,0)+IF($Q8=N$14,$S8,0) -> 0.0036 | W21: 合计 | X21: 31 | Y21: 34 | Z21: 30 | AA21: 19 | AB21: 11 | AC21: 4 | AD21: 12 | AE21: 9 | AF21: 2 | AG21: 152 | AJ21: =ROUND(AJ9,0) -> 550 | AK21: =ROUND(AK9,0) -> 367 | AL21: =ROUND(AL9,0) -> 83
A22: 基础 | B22: 140050000 | C22: =SUM(C2:C21) -> 525.1 | H22: =H9 -> 2000000 | I22: =IF($K9=I$14,$M9,0)+IF($N9=I$14,$P9,0)+IF($Q9=I$14,$S9,0) -> 0 | J22: =IF($K9=J$14,$M9,0)+IF($N9=J$14,$P9,0)+IF($Q9=J$14,$S9,0) -> 0 | K22: =IF($K9=K$14,$M9,0)+IF($N9=K$14,$P9,0)+IF($Q9=K$14,$S9,0) -> 0 | L22: =IF($K9=L$14,$M9,0)+IF($N9=L$14,$P9,0)+IF($Q9=L$14,$S9,0) -> 0.0588 | M22: =IF($K9=M$14,$M9,0)+IF($N9=M$14,$P9,0)+IF($Q9=M$14,$S9,0) -> 0.0353 | N22: =IF($K9=N$14,$M9,0)+IF($N9=N$14,$P9,0)+IF($Q9=N$14,$S9,0) -> 0.0059 | AJ22: =ROUND(AJ10,0) -> 526 | AK22: =ROUND(AK10,0) -> 342 | AL22: =ROUND(AL10,0) -> 132
H23: =H10 -> 5000000 | I23: =IF($K10=I$14,$M10,0)+IF($N10=I$14,$P10,0)+IF($Q10=I$14,$S10,0) -> 0 | J23: =IF($K10=J$14,$M10,0)+IF($N10=J$14,$P10,0)+IF($Q10=J$14,$S10,0) -> 0 | K23: =IF($K10=K$14,$M10,0)+IF($N10=K$14,$P10,0)+IF($Q10=K$14,$S10,0) -> 0 | L23: =IF($K10=L$14,$M10,0)+IF($N10=L$14,$P10,0)+IF($Q10=L$14,$S10,0) -> 0.055 | M23: =IF($K10=M$14,$M10,0)+IF($N10=M$14,$P10,0)+IF($Q10=M$14,$S10,0) -> 0.0367 | N23: =IF($K10=N$14,$M10,0)+IF($N10=N$14,$P10,0)+IF($Q10=N$14,$S10,0) -> 0.0083 | AJ23: =ROUND(AJ11,0) -> 400 | AK23: =ROUND(AK11,0) -> 400 | AL23: =ROUND(AL11,0) -> 200
H24: =H11 -> 10000000 | I24: =IF($K11=I$14,$M11,0)+IF($N11=I$14,$P11,0)+IF($Q11=I$14,$S11,0) -> 0 | J24: =IF($K11=J$14,$M11,0)+IF($N11=J$14,$P11,0)+IF($Q11=J$14,$S11,0) -> 0 | K24: =IF($K11=K$14,$M11,0)+IF($N11=K$14,$P11,0)+IF($Q11=K$14,$S11,0) -> 0 | L24: =IF($K11=L$14,$M11,0)+IF($N11=L$14,$P11,0)+IF($Q11=L$14,$S11,0) -> 0.0526 | M24: =IF($K11=M$14,$M11,0)+IF($N11=M$14,$P11,0)+IF($Q11=M$14,$S11,0) -> 0.0342 | N24: =IF($K11=N$14,$M11,0)+IF($N11=N$14,$P11,0)+IF($Q11=N$14,$S11,0) -> 0.0132
A25: 卡包 | B25: 需要开卡次数 | C25: 卡包价值 | H25: =H12 -> 20000000 | I25: =IF($K12=I$14,$M12,0)+IF($N12=I$14,$P12,0)+IF($Q12=I$14,$S12,0) -> 0 | J25: =IF($K12=J$14,$M12,0)+IF($N12=J$14,$P12,0)+IF($Q12=J$14,$S12,0) -> 0 | K25: =IF($K12=K$14,$M12,0)+IF($N12=K$14,$P12,0)+IF($Q12=K$14,$S12,0) -> 0 | L25: =IF($K12=L$14,$M12,0)+IF($N12=L$14,$P12,0)+IF($Q12=L$14,$S12,0) -> 0.04 | M25: =IF($K12=M$14,$M12,0)+IF($N12=M$14,$P12,0)+IF($Q12=M$14,$S12,0) -> 0.04 | N25: =IF($K12=N$14,$M12,0)+IF($N12=N$14,$P12,0)+IF($Q12=N$14,$S12,0) -> 0.02
A26: 1 | B26: 25 | C26: =SUMIF($D$2:$D$21,"<="&A26,$B$2:$B$22)/B26/$F$2 -> 0.004
A27: 2 | B27: 50 | C27: =SUMIF($D$2:$D$21,"<="&A27,$B$2:$B$22)/B27/$F$2 -> 0.041 | F27: 需要牌局数 | H27: 星级 | I27: 1 | J27: 2 | K27: 3 | L27: 4 | M27: 5 | N27: 6
A28: 3 | B28: 50 | C28: =SUMIF($D$2:$D$21,"<="&A28,$B$2:$B$22)/B28/$F$2 -> 0.131 | H28: 需要spin次数 | I28: 25 | J28: 50 | K28: 50 | L28: 50 | M28: 50 | N28: 40 | O28: 集满奖励 | P28: 集满美金 | Q28: 最spin次数
A29: 4 | B29: 50 | C29: =SUMIF($D$2:$D$21,"<="&A29,$B$2:$B$22)/B29/$F$2 -> 0.221 | H29: =H15 -> 1000 | I29: =IF(I15=0,0,I$28/I15) -> 250 | J29: =IF(J15=0,0,J$28/J15) -> 0 | K29: =IF(K15=0,0,K$28/K15) -> 0 | L29: =IF(L15=0,0,L$28/L15) -> 0 | M29: =IF(M15=0,0,M$28/M15) -> 0 | N29: =IF(N15=0,0,N$28/N15) -> 0 | O29: =IF(N29>0,SUMIF($D$2:$D$21,"<="&$N$27,$B$2:B20),IF(M29>0,SUMIF($D$2:$D$21,"<="&$M$27,$B$2:B20),IF(L29>0,SUMIF($D$2:$D$21,"<="&$L$27,$B$2:B20),IF(K29>0,SUMIF($D$2:$D$21,"<="&$K$27,$B$2:B20),IF(J29>0,SUMIF($D$2:$D$21,"<="&$J$27,$B$2:B20),IF(I29>0,SUMIF($D$2:$D$21,"<="&$I$27,$B$2:B20),0)))))) -> 100000 | P29: =O29/$F$2 -> 0.1 | Q29: =IF(N29>0,N29,IF(M29>0,M29,IF(L29>0,L29,IF(K29>0,K29,IF(J29>0,J29,I29))))) -> 250
A30: 5 | B30: 50 | C30: =SUMIF($D$2:$D$21,"<="&A30,$B$2:$B$22)/B30/$F$2 -> 0.601 | H30: =H16 -> 5000 | I30: =IF(I16=0,0,I$28/I16) -> 250 | J30: =IF(J16=0,0,J$28/J16) -> 0 | K30: =IF(K16=0,0,K$28/K16) -> 0 | L30: =IF(L16=0,0,L$28/L16) -> 0 | M30: =IF(M16=0,0,M$28/M16) -> 0 | N30: =IF(N16=0,0,N$28/N16) -> 0 | O30: =IF(N30>0,SUMIF($D$2:$D$21,"<="&$N$27,$B$2:B21),IF(M30>0,SUMIF($D$2:$D$21,"<="&$M$27,$B$2:B21),IF(L30>0,SUMIF($D$2:$D$21,"<="&$L$27,$B$2:B21),IF(K30>0,SUMIF($D$2:$D$21,"<="&$K$27,$B$2:B21),IF(J30>0,SUMIF($D$2:$D$21,"<="&$J$27,$B$2:B21),IF(I30>0,SUMIF($D$2:$D$21,"<="&$I$27,$B$2:B21),0)))))) -> 100000 | P30: =O30/$F$2 -> 0.1 | Q30: =IF(N30>0,N30,IF(M30>0,M30,IF(L30>0,L30,IF(K30>0,K30,IF(J30>0,J30,I30))))) -> 250
A31: 6 | B31: 40 | C31: =SUMIF($D$2:$D$21,"="&A31,$B$2:$B$22)/B31/$F$2 -> 1.875 | H31: =H17 -> 20000 | I31: =IF(I17=0,0,I$28/I17) -> 2747.2527 | J31: =IF(J17=0,0,J$28/J17) -> 550.05501 | K31: =IF(K17=0,0,K$28/K17) -> 0 | L31: =IF(L17=0,0,L$28/L17) -> 0 | M31: =IF(M17=0,0,M$28/M17) -> 0 | N31: =IF(N17=0,0,N$28/N17) -> 0 | O31: =IF(N31>0,SUMIF($D$2:$D$21,"<="&$N$27,$B$2:B22),IF(M31>0,SUMIF($D$2:$D$21,"<="&$M$27,$B$2:B22),IF(L31>0,SUMIF($D$2:$D$21,"<="&$L$27,$B$2:B22),IF(K31>0,SUMIF($D$2:$D$21,"<="&$K$27,$B$2:B22),IF(J31>0,SUMIF($D$2:$D$21,"<="&$J$27,$B$2:B22),IF(I31>0,SUMIF($D$2:$D$21,"<="&$I$27,$B$2:B22),0)))))) -> 2050000 | P31: =O31/$F$2 -> 2.05 | Q31: =IF(N31>0,N31,IF(M31>0,M31,IF(L31>0,L31,IF(K31>0,K31,IF(J31>0,J31,I31))))) -> 550.05501
H32: =H18 -> 50000 | I32: =IF(I18=0,0,I$28/I18) -> 0 | J32: =IF(J18=0,0,J$28/J18) -> 2747.2527 | K32: =IF(K18=0,0,K$28/K18) -> 687.75791 | L32: =IF(L18=0,0,L$28/L18) -> 5494.5055 | M32: =IF(M18=0,0,M$28/M18) -> 0 | N32: =IF(N18=0,0,N$28/N18) -> 0 | O32: =IF(N32>0,SUMIF($D$2:$D$21,"<="&$N$27,$B$2:B23),IF(M32>0,SUMIF($D$2:$D$21,"<="&$M$27,$B$2:B23),IF(L32>0,SUMIF($D$2:$D$21,"<="&$L$27,$B$2:B23),IF(K32>0,SUMIF($D$2:$D$21,"<="&$K$27,$B$2:B23),IF(J32>0,SUMIF($D$2:$D$21,"<="&$J$27,$B$2:B23),IF(I32>0,SUMIF($D$2:$D$21,"<="&$I$27,$B$2:B23),0)))))) -> 11050000 | P32: =O32/$F$2 -> 11.05 | Q32: =IF(N32>0,N32,IF(M32>0,M32,IF(L32>0,L32,IF(K32>0,K32,IF(J32>0,J32,I32))))) -> 5494.5055
H33: =H19 -> 100000 | I33: =IF(I19=0,0,I$28/I19) -> 0 | J33: =IF(J19=0,0,J$28/J19) -> 0 | K33: =IF(K19=0,0,K$28/K19) -> 1018.3299 | L33: =IF(L19=0,0,L$28/L19) -> 1018.3299 | M33: =IF(M19=0,0,M$28/M19) -> 27777.778 | N33: =IF(N19=0,0,N$28/N19) -> 0 | O33: =IF(N33>0,SUMIF($D$2:$D$21,"<="&$N$27,$B$2:B24),IF(M33>0,SUMIF($D$2:$D$21,"<="&$M$27,$B$2:B24),IF(L33>0,SUMIF($D$2:$D$21,"<="&$L$27,$B$2:B24),IF(K33>0,SUMIF($D$2:$D$21,"<="&$K$27,$B$2:B24),IF(J33>0,SUMIF($D$2:$D$21,"<="&$J$27,$B$2:B24),IF(I33>0,SUMIF($D$2:$D$21,"<="&$I$27,$B$2:B24),0)))))) -> 30050000 | P33: =O33/$F$2 -> 30.05 | Q33: =IF(N33>0,N33,IF(M33>0,M33,IF(L33>0,L33,IF(K33>0,K33,IF(J33>0,J33,I33))))) -> 27777.778
H34: =H20 -> 200000 | I34: =IF(I20=0,0,I$28/I20) -> 0 | J34: =IF(J20=0,0,J$28/J20) -> 0 | K34: =IF(K20=0,0,K$28/K20) -> 0 | L34: =IF(L20=0,0,L$28/L20) -> 823.72323 | M34: =IF(M20=0,0,M$28/M20) -> 1336.8984 | N34: =IF(N20=0,0,N$28/N20) -> 21052.632 | O34: =IF(N34>0,SUMIF($D$2:$D$21,"<="&$N$27,$B$2:B25),IF(M34>0,SUMIF($D$2:$D$21,"<="&$M$27,$B$2:B25),IF(L34>0,SUMIF($D$2:$D$21,"<="&$L$27,$B$2:B25),IF(K34>0,SUMIF($D$2:$D$21,"<="&$K$27,$B$2:B25),IF(J34>0,SUMIF($D$2:$D$21,"<="&$J$27,$B$2:B25),IF(I34>0,SUMIF($D$2:$D$21,"<="&$I$27,$B$2:B25),0)))))) -> 105050000 | P34: =O34/$F$2 -> 105.05 | Q34: =IF(N34>0,N34,IF(M34>0,M34,IF(L34>0,L34,IF(K34>0,K34,IF(J34>0,J34,I34))))) -> 21052.632
H35: =H21 -> 500000 | I35: =IF(I21=0,0,I$28/I21) -> 0 | J35: =IF(J21=0,0,J$28/J21) -> 0 | K35: =IF(K21=0,0,K$28/K21) -> 0 | L35: =IF(L21=0,0,L$28/L21) -> 875.65674 | M35: =IF(M21=0,0,M$28/M21) -> 1272.2646 | N35: =IF(N21=0,0,N$28/N21) -> 11111.111 | O35: =IF(N35>0,SUMIF($D$2:$D$21,"<="&$N$27,$B$2:B26),IF(M35>0,SUMIF($D$2:$D$21,"<="&$M$27,$B$2:B26),IF(L35>0,SUMIF($D$2:$D$21,"<="&$L$27,$B$2:B26),IF(K35>0,SUMIF($D$2:$D$21,"<="&$K$27,$B$2:B26),IF(J35>0,SUMIF($D$2:$D$21,"<="&$J$27,$B$2:B26),IF(I35>0,SUMIF($D$2:$D$21,"<="&$I$27,$B$2:B26),0)))))) -> 105050000 | P35: =O35/$F$2 -> 105.05 | Q35: =IF(N35>0,N35,IF(M35>0,M35,IF(L35>0,L35,IF(K35>0,K35,IF(J35>0,J35,I35))))) -> 11111.111
H36: =H22 -> 2000000 | I36: =IF(I22=0,0,I$28/I22) -> 0 | J36: =IF(J22=0,0,J$28/J22) -> 0 | K36: =IF(K22=0,0,K$28/K22) -> 0 | L36: =IF(L22=0,0,L$28/L22) -> 850.34014 | M36: =IF(M22=0,0,M$28/M22) -> 1416.4306 | N36: =IF(N22=0,0,N$28/N22) -> 6779.661 | O36: =IF(N36>0,SUMIF($D$2:$D$21,"<="&$N$27,$B$2:B27),IF(M36>0,SUMIF($D$2:$D$21,"<="&$M$27,$B$2:B27),IF(L36>0,SUMIF($D$2:$D$21,"<="&$L$27,$B$2:B27),IF(K36>0,SUMIF($D$2:$D$21,"<="&$K$27,$B$2:B27),IF(J36>0,SUMIF($D$2:$D$21,"<="&$J$27,$B$2:B27),IF(I36>0,SUMIF($D$2:$D$21,"<="&$I$27,$B$2:B27),0)))))) -> 105050000 | P36: =O36/$F$2 -> 105.05 | Q36: =IF(N36>0,N36,IF(M36>0,M36,IF(L36>0,L36,IF(K36>0,K36,IF(J36>0,J36,I36))))) -> 6779.661
H37: =H23 -> 5000000 | I37: =IF(I23=0,0,I$28/I23) -> 0 | J37: =IF(J23=0,0,J$28/J23) -> 0 | K37: =IF(K23=0,0,K$28/K23) -> 0 | L37: =IF(L23=0,0,L$28/L23) -> 909.09091 | M37: =IF(M23=0,0,M$28/M23) -> 1362.3978 | N37: =IF(N23=0,0,N$28/N23) -> 4819.2771 | O37: =IF(N37>0,SUMIF($D$2:$D$21,"<="&$N$27,$B$2:B28),IF(M37>0,SUMIF($D$2:$D$21,"<="&$M$27,$B$2:B28),IF(L37>0,SUMIF($D$2:$D$21,"<="&$L$27,$B$2:B28),IF(K37>0,SUMIF($D$2:$D$21,"<="&$K$27,$B$2:B28),IF(J37>0,SUMIF($D$2:$D$21,"<="&$J$27,$B$2:B28),IF(I37>0,SUMIF($D$2:$D$21,"<="&$I$27,$B$2:B28),0)))))) -> 105050000 | P37: =O37/$F$2 -> 105.05 | Q37: =IF(N37>0,N37,IF(M37>0,M37,IF(L37>0,L37,IF(K37>0,K37,IF(J37>0,J37,I37))))) -> 4819.2771
H38: =H24 -> 10000000 | I38: =IF(I24=0,0,I$28/I24) -> 0 | J38: =IF(J24=0,0,J$28/J24) -> 0 | K38: =IF(K24=0,0,K$28/K24) -> 0 | L38: =IF(L24=0,0,L$28/L24) -> 950.57034 | M38: =IF(M24=0,0,M$28/M24) -> 1461.9883 | N38: =IF(N24=0,0,N$28/N24) -> 3030.303 | O38: =IF(N38>0,SUMIF($D$2:$D$21,"<="&$N$27,$B$2:B29),IF(M38>0,SUMIF($D$2:$D$21,"<="&$M$27,$B$2:B29),IF(L38>0,SUMIF($D$2:$D$21,"<="&$L$27,$B$2:B29),IF(K38>0,SUMIF($D$2:$D$21,"<="&$K$27,$B$2:B29),IF(J38>0,SUMIF($D$2:$D$21,"<="&$J$27,$B$2:B29),IF(I38>0,SUMIF($D$2:$D$21,"<="&$I$27,$B$2:B29),0)))))) -> 105050000 | P38: =O38/$F$2 -> 105.05 | Q38: =IF(N38>0,N38,IF(M38>0,M38,IF(L38>0,L38,IF(K38>0,K38,IF(J38>0,J38,I38))))) -> 3030.303
H39: =H25 -> 20000000 | I39: =IF(I25=0,0,I$28/I25) -> 0 | J39: =IF(J25=0,0,J$28/J25) -> 0 | K39: =IF(K25=0,0,K$28/K25) -> 0 | L39: =IF(L25=0,0,L$28/L25) -> 1250 | M39: =IF(M25=0,0,M$28/M25) -> 1250 | N39: =IF(N25=0,0,N$28/N25) -> 2000 | O39: =IF(N39>0,SUMIF($D$2:$D$21,"<="&$N$27,$B$2:B30),IF(M39>0,SUMIF($D$2:$D$21,"<="&$M$27,$B$2:B30),IF(L39>0,SUMIF($D$2:$D$21,"<="&$L$27,$B$2:B30),IF(K39>0,SUMIF($D$2:$D$21,"<="&$K$27,$B$2:B30),IF(J39>0,SUMIF($D$2:$D$21,"<="&$J$27,$B$2:B30),IF(I39>0,SUMIF($D$2:$D$21,"<="&$I$27,$B$2:B30),0)))))) -> 105050000 | P39: =O39/$F$2 -> 105.05 | Q39: =IF(N39>0,N39,IF(M39>0,M39,IF(L39>0,L39,IF(K39>0,K39,IF(J39>0,J39,I39))))) -> 2000
F41: 入场花费美金 | J41: 250000 | K41: 375000 | L41: 500000 | M41: 600000 | N41: 675000 | O41: 750000 | P41: 800000 | Q41: 850000 | R41: 900000 | S41: 950000 | T41: 1000000 | U41: 1050000 | V41: 1100000 | W41: 1150000 | X41: 1200000 | Y41: 1250000
H42: 底注 | I42: 一局消耗 | J42: 0 | K42: 1 | L42: 2 | M42: 3 | N42: 4 | O42: 5 | P42: 6 | Q42: 7 | R42: 8 | S42: 9 | T42: 10 | U42: 11 | V42: 12 | W42: 13 | X42: 14 | Y42: 15
H43: =H29 -> 1000 | I43: =I2 -> 50 | J43: =$I43*$J$41/$F$2/J$41 -> 5e-05 | K43: =$I43*$J$41/$F$2/K$41 -> 3.3333333e-05 | L43: =$I43*$J$41/$F$2/L$41 -> 2.5e-05 | M43: =$I43*$J$41/$F$2/M$41 -> 2.0833333e-05 | N43: =$I43*$J$41/$F$2/N$41 -> 1.8518519e-05 | O43: =$I43*$J$41/$F$2/O$41 -> 1.6666667e-05 | P43: =$I43*$J$41/$F$2/P$41 -> 1.5625e-05 | Q43: =$I43*$J$41/$F$2/Q$41 -> 1.4705882e-05 | ... Y43: =$I43*$J$41/$F$2/Y$41 -> 1e-05
H44: =H30 -> 5000 | I44: =I3 -> 250 | J44: =$I44*$J$41/$F$2/J$41 -> 0.00025 | K44: =$I44*$J$41/$F$2/K$41 -> 0.00016666667 | L44: =$I44*$J$41/$F$2/L$41 -> 0.000125 | M44: =$I44*$J$41/$F$2/M$41 -> 0.00010416667 | N44: =$I44*$J$41/$F$2/N$41 -> 9.2592593e-05 | O44: =$I44*$J$41/$F$2/O$41 -> 8.3333333e-05 | P44: =$I44*$J$41/$F$2/P$41 -> 7.8125e-05 | Q44: =$I44*$J$41/$F$2/Q$41 -> 7.3529412e-05 | ... Y44: =$I44*$J$41/$F$2/Y$41 -> 5e-05
H45: =H31 -> 20000 | I45: =I4 -> 1000 | J45: =$I45*$J$41/$F$2/J$41 -> 0.001 | K45: =$I45*$J$41/$F$2/K$41 -> 0.00066666667 | L45: =$I45*$J$41/$F$2/L$41 -> 0.0005 | M45: =$I45*$J$41/$F$2/M$41 -> 0.00041666667 | N45: =$I45*$J$41/$F$2/N$41 -> 0.00037037037 | O45: =$I45*$J$41/$F$2/O$41 -> 0.00033333333 | P45: =$I45*$J$41/$F$2/P$41 -> 0.0003125 | Q45: =$I45*$J$41/$F$2/Q$41 -> 0.00029411765 | ... Y45: =$I45*$J$41/$F$2/Y$41 -> 0.0002
H46: =H32 -> 50000 | I46: =I5 -> 2500 | J46: =$I46*$J$41/$F$2/J$41 -> 0.0025 | K46: =$I46*$J$41/$F$2/K$41 -> 0.0016666667 | L46: =$I46*$J$41/$F$2/L$41 -> 0.00125 | M46: =$I46*$J$41/$F$2/M$41 -> 0.0010416667 | N46: =$I46*$J$41/$F$2/N$41 -> 0.00092592593 | O46: =$I46*$J$41/$F$2/O$41 -> 0.00083333333 | P46: =$I46*$J$41/$F$2/P$41 -> 0.00078125 | Q46: =$I46*$J$41/$F$2/Q$41 -> 0.00073529412 | ... Y46: =$I46*$J$41/$F$2/Y$41 -> 0.0005
H47: =H33 -> 100000 | I47: =I6 -> 5000 | J47: =$I47*$J$41/$F$2/J$41 -> 0.005 | K47: =$I47*$J$41/$F$2/K$41 -> 0.0033333333 | L47: =$I47*$J$41/$F$2/L$41 -> 0.0025 | M47: =$I47*$J$41/$F$2/M$41 -> 0.0020833333 | N47: =$I47*$J$41/$F$2/N$41 -> 0.0018518519 | O47: =$I47*$J$41/$F$2/O$41 -> 0.0016666667 | P47: =$I47*$J$41/$F$2/P$41 -> 0.0015625 | Q47: =$I47*$J$41/$F$2/Q$41 -> 0.0014705882 | ... Y47: =$I47*$J$41/$F$2/Y$41 -> 0.001
H48: =H34 -> 200000 | I48: =I7 -> 10000 | J48: =$I48*$J$41/$F$2/J$41 -> 0.01 | K48: =$I48*$J$41/$F$2/K$41 -> 0.0066666667 | L48: =$I48*$J$41/$F$2/L$41 -> 0.005 | M48: =$I48*$J$41/$F$2/M$41 -> 0.0041666667 | N48: =$I48*$J$41/$F$2/N$41 -> 0.0037037037 | O48: =$I48*$J$41/$F$2/O$41 -> 0.0033333333 | P48: =$I48*$J$41/$F$2/P$41 -> 0.003125 | Q48: =$I48*$J$41/$F$2/Q$41 -> 0.0029411765 | ... Y48: =$I48*$J$41/$F$2/Y$41 -> 0.002
H49: =H35 -> 500000 | I49: =I8 -> 25000 | J49: =$I49*$J$41/$F$2/J$41 -> 0.025 | K49: =$I49*$J$41/$F$2/K$41 -> 0.016666667 | L49: =$I49*$J$41/$F$2/L$41 -> 0.0125 | M49: =$I49*$J$41/$F$2/M$41 -> 0.010416667 | N49: =$I49*$J$41/$F$2/N$41 -> 0.0092592593 | O49: =$I49*$J$41/$F$2/O$41 -> 0.0083333333 | P49: =$I49*$J$41/$F$2/P$41 -> 0.0078125 | Q49: =$I49*$J$41/$F$2/Q$41 -> 0.0073529412 | ... Y49: =$I49*$J$41/$F$2/Y$41 -> 0.005
H50: =H36 -> 2000000 | I50: =I9 -> 100000 | J50: =$I50*$J$41/$F$2/J$41 -> 0.1 | K50: =$I50*$J$41/$F$2/K$41 -> 0.066666667 | L50: =$I50*$J$41/$F$2/L$41 -> 0.05 | M50: =$I50*$J$41/$F$2/M$41 -> 0.041666667 | N50: =$I50*$J$41/$F$2/N$41 -> 0.037037037 | O50: =$I50*$J$41/$F$2/O$41 -> 0.033333333 | P50: =$I50*$J$41/$F$2/P$41 -> 0.03125 | Q50: =$I50*$J$41/$F$2/Q$41 -> 0.029411765 | ... Y50: =$I50*$J$41/$F$2/Y$41 -> 0.02
H51: =H37 -> 5000000 | I51: =I10 -> 250000 | J51: =$I51*$J$41/$F$2/J$41 -> 0.25 | K51: =$I51*$J$41/$F$2/K$41 -> 0.16666667 | L51: =$I51*$J$41/$F$2/L$41 -> 0.125 | M51: =$I51*$J$41/$F$2/M$41 -> 0.10416667 | N51: =$I51*$J$41/$F$2/N$41 -> 0.092592593 | O51: =$I51*$J$41/$F$2/O$41 -> 0.083333333 | P51: =$I51*$J$41/$F$2/P$41 -> 0.078125 | Q51: =$I51*$J$41/$F$2/Q$41 -> 0.073529412 | ... Y51: =$I51*$J$41/$F$2/Y$41 -> 0.05
H52: =H38 -> 10000000 | I52: =I11 -> 500000 | J52: =$I52*$J$41/$F$2/J$41 -> 0.5 | K52: =$I52*$J$41/$F$2/K$41 -> 0.33333333 | L52: =$I52*$J$41/$F$2/L$41 -> 0.25 | M52: =$I52*$J$41/$F$2/M$41 -> 0.20833333 | N52: =$I52*$J$41/$F$2/N$41 -> 0.18518519 | O52: =$I52*$J$41/$F$2/O$41 -> 0.16666667 | P52: =$I52*$J$41/$F$2/P$41 -> 0.15625 | Q52: =$I52*$J$41/$F$2/Q$41 -> 0.14705882 | ... Y52: =$I52*$J$41/$F$2/Y$41 -> 0.1
H53: =H39 -> 20000000 | I53: =I12 -> 1000000 | J53: =$I53*$J$41/$F$2/J$41 -> 1 | K53: =$I53*$J$41/$F$2/K$41 -> 0.66666667 | L53: =$I53*$J$41/$F$2/L$41 -> 0.5 | M53: =$I53*$J$41/$F$2/M$41 -> 0.41666667 | N53: =$I53*$J$41/$F$2/N$41 -> 0.37037037 | O53: =$I53*$J$41/$F$2/O$41 -> 0.33333333 | P53: =$I53*$J$41/$F$2/P$41 -> 0.3125 | Q53: =$I53*$J$41/$F$2/Q$41 -> 0.29411765 | ... Y53: =$I53*$J$41/$F$2/Y$41 -> 0.2
F55: 消费返还 | J55: 250000 | K55: 375000 | L55: 500000 | M55: 600000 | N55: 675000 | O55: 750000 | P55: 800000 | Q55: 850000 | R55: 900000 | S55: 950000 | T55: 1000000 | U55: 1050000 | V55: 1100000 | W55: 1150000 | X55: 1200000 | Y55: 1250000
H56: 底注 | I56: 一局消耗 | J56: 0 | K56: 1 | L56: 2 | M56: 3 | N56: 4 | O56: 5 | P56: 6 | Q56: 7 | R56: 8 | S56: 9 | T56: 10 | U56: 11 | V56: 12 | W56: 13 | X56: 14 | Y56: 15
H57: =H43 -> 1000 | I57: =I43 -> 50 | J57: =IF($O29=0,0,$O29/$F$2/($Q29*J43)) -> 8 | K57: =IF($O29=0,0,$O29/$F$2/($Q29*K43)) -> 12 | L57: =IF($O29=0,0,$O29/$F$2/($Q29*L43)) -> 16 | M57: =IF($O29=0,0,$O29/$F$2/($Q29*M43)) -> 19.2 | N57: =IF($O29=0,0,$O29/$F$2/($Q29*N43)) -> 21.6 | O57: =IF($O29=0,0,$O29/$F$2/($Q29*O43)) -> 24 | P57: =IF($O29=0,0,$O29/$F$2/($Q29*P43)) -> 25.6 | Q57: =IF($O29=0,0,$O29/$F$2/($Q29*Q43)) -> 27.2 | ... Y57: =IF($O29=0,0,$O29/$F$2/($Q29*Y43)) -> 40
H58: =H44 -> 5000 | I58: =I44 -> 250 | J58: =IF($O30=0,0,$O30/$F$2/($Q30*J44)) -> 1.6 | K58: =IF($O30=0,0,$O30/$F$2/($Q30*K44)) -> 2.4 | L58: =IF($O30=0,0,$O30/$F$2/($Q30*L44)) -> 3.2 | M58: =IF($O30=0,0,$O30/$F$2/($Q30*M44)) -> 3.84 | N58: =IF($O30=0,0,$O30/$F$2/($Q30*N44)) -> 4.32 | O58: =IF($O30=0,0,$O30/$F$2/($Q30*O44)) -> 4.8 | P58: =IF($O30=0,0,$O30/$F$2/($Q30*P44)) -> 5.12 | Q58: =IF($O30=0,0,$O30/$F$2/($Q30*Q44)) -> 5.44 | ... Y58: =IF($O30=0,0,$O30/$F$2/($Q30*Y44)) -> 8
H59: =H45 -> 20000 | I59: =I45 -> 1000 | J59: =IF($O31=0,0,$O31/$F$2/($Q31*J45)) -> 3.7269 | K59: =IF($O31=0,0,$O31/$F$2/($Q31*K45)) -> 5.59035 | L59: =IF($O31=0,0,$O31/$F$2/($Q31*L45)) -> 7.4538 | M59: =IF($O31=0,0,$O31/$F$2/($Q31*M45)) -> 8.94456 | N59: =IF($O31=0,0,$O31/$F$2/($Q31*N45)) -> 10.06263 | O59: =IF($O31=0,0,$O31/$F$2/($Q31*O45)) -> 11.1807 | P59: =IF($O31=0,0,$O31/$F$2/($Q31*P45)) -> 11.92608 | Q59: =IF($O31=0,0,$O31/$F$2/($Q31*Q45)) -> 12.67146 | ... Y59: =IF($O31=0,0,$O31/$F$2/($Q31*Y45)) -> 18.6345
H60: =H46 -> 50000 | I60: =I46 -> 2500 | J60: =IF($O32=0,0,$O32/$F$2/($Q32*J46)) -> 0.80444 | K60: =IF($O32=0,0,$O32/$F$2/($Q32*K46)) -> 1.20666 | L60: =IF($O32=0,0,$O32/$F$2/($Q32*L46)) -> 1.60888 | M60: =IF($O32=0,0,$O32/$F$2/($Q32*M46)) -> 1.930656 | N60: =IF($O32=0,0,$O32/$F$2/($Q32*N46)) -> 2.171988 | O60: =IF($O32=0,0,$O32/$F$2/($Q32*O46)) -> 2.41332 | P60: =IF($O32=0,0,$O32/$F$2/($Q32*P46)) -> 2.574208 | Q60: =IF($O32=0,0,$O32/$F$2/($Q32*Q46)) -> 2.735096 | ... Y60: =IF($O32=0,0,$O32/$F$2/($Q32*Y46)) -> 4.0222
H61: =H47 -> 100000 | I61: =I47 -> 5000 | J61: =IF($O33=0,0,$O33/$F$2/($Q33*J47)) -> 0.21636 | K61: =IF($O33=0,0,$O33/$F$2/($Q33*K47)) -> 0.32454 | L61: =IF($O33=0,0,$O33/$F$2/($Q33*L47)) -> 0.43272 | M61: =IF($O33=0,0,$O33/$F$2/($Q33*M47)) -> 0.519264 | N61: =IF($O33=0,0,$O33/$F$2/($Q33*N47)) -> 0.584172 | O61: =IF($O33=0,0,$O33/$F$2/($Q33*O47)) -> 0.64908 | P61: =IF($O33=0,0,$O33/$F$2/($Q33*P47)) -> 0.692352 | Q61: =IF($O33=0,0,$O33/$F$2/($Q33*Q47)) -> 0.735624 | ... Y61: =IF($O33=0,0,$O33/$F$2/($Q33*Y47)) -> 1.0818
H62: =H48 -> 200000 | I62: =I48 -> 10000 | J62: =IF($O34=0,0,$O34/$F$2/($Q34*J48)) -> 0.4989875 | K62: =IF($O34=0,0,$O34/$F$2/($Q34*K48)) -> 0.74848125 | L62: =IF($O34=0,0,$O34/$F$2/($Q34*L48)) -> 0.997975 | M62: =IF($O34=0,0,$O34/$F$2/($Q34*M48)) -> 1.19757 | N62: =IF($O34=0,0,$O34/$F$2/($Q34*N48)) -> 1.3472663 | O62: =IF($O34=0,0,$O34/$F$2/($Q34*O48)) -> 1.4969625 | P62: =IF($O34=0,0,$O34/$F$2/($Q34*P48)) -> 1.59676 | Q62: =IF($O34=0,0,$O34/$F$2/($Q34*Q48)) -> 1.6965575 | ... Y62: =IF($O34=0,0,$O34/$F$2/($Q34*Y48)) -> 2.4949375
H63: =H49 -> 500000 | I63: =I49 -> 25000 | J63: =IF($O35=0,0,$O35/$F$2/($Q35*J49)) -> 0.37818 | K63: =IF($O35=0,0,$O35/$F$2/($Q35*K49)) -> 0.56727 | L63: =IF($O35=0,0,$O35/$F$2/($Q35*L49)) -> 0.75636 | M63: =IF($O35=0,0,$O35/$F$2/($Q35*M49)) -> 0.907632 | N63: =IF($O35=0,0,$O35/$F$2/($Q35*N49)) -> 1.021086 | O63: =IF($O35=0,0,$O35/$F$2/($Q35*O49)) -> 1.13454 | P63: =IF($O35=0,0,$O35/$F$2/($Q35*P49)) -> 1.210176 | Q63: =IF($O35=0,0,$O35/$F$2/($Q35*Q49)) -> 1.285812 | ... Y63: =IF($O35=0,0,$O35/$F$2/($Q35*Y49)) -> 1.8909
H64: =H50 -> 2000000 | I64: =I50 -> 100000 | J64: =IF($O36=0,0,$O36/$F$2/($Q36*J50)) -> 0.15494875 | K64: =IF($O36=0,0,$O36/$F$2/($Q36*K50)) -> 0.23242313 | L64: =IF($O36=0,0,$O36/$F$2/($Q36*L50)) -> 0.3098975 | M64: =IF($O36=0,0,$O36/$F$2/($Q36*M50)) -> 0.371877 | N64: =IF($O36=0,0,$O36/$F$2/($Q36*N50)) -> 0.41836163 | O64: =IF($O36=0,0,$O36/$F$2/($Q36*O50)) -> 0.46484625 | P64: =IF($O36=0,0,$O36/$F$2/($Q36*P50)) -> 0.495836 | Q64: =IF($O36=0,0,$O36/$F$2/($Q36*Q50)) -> 0.52682575 | ... Y64: =IF($O36=0,0,$O36/$F$2/($Q36*Y50)) -> 0.77474375
H65: =H51 -> 5000000 | I65: =I51 -> 250000 | J65: =IF($O37=0,0,$O37/$F$2/($Q37*J51)) -> 0.0871915 | K65: =IF($O37=0,0,$O37/$F$2/($Q37*K51)) -> 0.13078725 | L65: =IF($O37=0,0,$O37/$F$2/($Q37*L51)) -> 0.174383 | M65: =IF($O37=0,0,$O37/$F$2/($Q37*M51)) -> 0.2092596 | N65: =IF($O37=0,0,$O37/$F$2/($Q37*N51)) -> 0.23541705 | O65: =IF($O37=0,0,$O37/$F$2/($Q37*O51)) -> 0.2615745 | P65: =IF($O37=0,0,$O37/$F$2/($Q37*P51)) -> 0.2790128 | Q65: =IF($O37=0,0,$O37/$F$2/($Q37*Q51)) -> 0.2964511 | ... Y65: =IF($O37=0,0,$O37/$F$2/($Q37*Y51)) -> 0.4359575
H66: =H52 -> 10000000 | I66: =I52 -> 500000 | J66: =IF($O38=0,0,$O38/$F$2/($Q38*J52)) -> 0.069333 | K66: =IF($O38=0,0,$O38/$F$2/($Q38*K52)) -> 0.1039995 | L66: =IF($O38=0,0,$O38/$F$2/($Q38*L52)) -> 0.138666 | M66: =IF($O38=0,0,$O38/$F$2/($Q38*M52)) -> 0.1663992 | N66: =IF($O38=0,0,$O38/$F$2/($Q38*N52)) -> 0.1871991 | O66: =IF($O38=0,0,$O38/$F$2/($Q38*O52)) -> 0.207999 | P66: =IF($O38=0,0,$O38/$F$2/($Q38*P52)) -> 0.2218656 | Q66: =IF($O38=0,0,$O38/$F$2/($Q38*Q52)) -> 0.2357322 | ... Y66: =IF($O38=0,0,$O38/$F$2/($Q38*Y52)) -> 0.346665
H67: =H53 -> 20000000 | I67: =I53 -> 1000000 | J67: =IF($O39=0,0,$O39/$F$2/($Q39*J53)) -> 0.052525 | K67: =IF($O39=0,0,$O39/$F$2/($Q39*K53)) -> 0.0787875 | L67: =IF($O39=0,0,$O39/$F$2/($Q39*L53)) -> 0.10505 | M67: =IF($O39=0,0,$O39/$F$2/($Q39*M53)) -> 0.12606 | N67: =IF($O39=0,0,$O39/$F$2/($Q39*N53)) -> 0.1418175 | O67: =IF($O39=0,0,$O39/$F$2/($Q39*O53)) -> 0.157575 | P67: =IF($O39=0,0,$O39/$F$2/($Q39*P53)) -> 0.16808 | Q67: =IF($O39=0,0,$O39/$F$2/($Q39*Q53)) -> 0.178585 | ... Y67: =IF($O39=0,0,$O39/$F$2/($Q39*Y53)) -> 0.262625
F69: 消耗返还 | J69: 250000 | K69: 375000 | L69: 500000 | M69: 600000 | N69: 675000 | O69: 750000 | P69: 800000 | Q69: 850000 | R69: 900000 | S69: 950000 | T69: 1000000 | U69: 1050000 | V69: 1100000 | W69: 1150000 | X69: 1200000 | Y69: 1250000
H70: 底注 | I70: 一局消耗 | J70: 0 | K70: 1 | L70: 2 | M70: 3 | N70: 4 | O70: 5 | P70: 6 | Q70: 7 | R70: 8 | S70: 9 | T70: 10 | U70: 11 | V70: 12 | W70: 13 | X70: 14 | Y70: 15
H71: =H57 -> 1000 | I71: =I57 -> 50 | J71: =IF($O29=0,0,$O29/$F$2/($Q29*$J2))*J$69/$J$69 -> 8 | K71: =IF($O29=0,0,$O29/$F$2/($Q29*$J2))*K$69/$J$69 -> 12 | L71: =IF($O29=0,0,$O29/$F$2/($Q29*$J2))*L$69/$J$69 -> 16 | M71: =IF($O29=0,0,$O29/$F$2/($Q29*$J2))*M$69/$J$69 -> 19.2 | N71: =IF($O29=0,0,$O29/$F$2/($Q29*$J2))*N$69/$J$69 -> 21.6 | O71: =IF($O29=0,0,$O29/$F$2/($Q29*$J2))*O$69/$J$69 -> 24 | P71: =IF($O29=0,0,$O29/$F$2/($Q29*$J2))*P$69/$J$69 -> 25.6 | Q71: =IF($O29=0,0,$O29/$F$2/($Q29*$J2))*Q$69/$J$69 -> 27.2 | ... Y71: =IF($O29=0,0,$O29/$F$2/($Q29*$J2))*Y$69/$J$69 -> 40
H72: =H58 -> 5000 | I72: =I58 -> 250 | J72: =IF($O30=0,0,$O30/$F$2/($Q30*$J3))*J$69/$J$69 -> 1.6 | K72: =IF($O30=0,0,$O30/$F$2/($Q30*$J3))*K$69/$J$69 -> 2.4 | L72: =IF($O30=0,0,$O30/$F$2/($Q30*$J3))*L$69/$J$69 -> 3.2 | M72: =IF($O30=0,0,$O30/$F$2/($Q30*$J3))*M$69/$J$69 -> 3.84 | N72: =IF($O30=0,0,$O30/$F$2/($Q30*$J3))*N$69/$J$69 -> 4.32 | O72: =IF($O30=0,0,$O30/$F$2/($Q30*$J3))*O$69/$J$69 -> 4.8 | P72: =IF($O30=0,0,$O30/$F$2/($Q30*$J3))*P$69/$J$69 -> 5.12 | Q72: =IF($O30=0,0,$O30/$F$2/($Q30*$J3))*Q$69/$J$69 -> 5.44 | ... Y72: =IF($O30=0,0,$O30/$F$2/($Q30*$J3))*Y$69/$J$69 -> 8
H73: =H59 -> 20000 | I73: =I59 -> 1000 | J73: =IF($O31=0,0,$O31/$F$2/($Q31*$J4))*J$69/$J$69 -> 3.7269 | K73: =IF($O31=0,0,$O31/$F$2/($Q31*$J4))*K$69/$J$69 -> 5.59035 | L73: =IF($O31=0,0,$O31/$F$2/($Q31*$J4))*L$69/$J$69 -> 7.4538 | M73: =IF($O31=0,0,$O31/$F$2/($Q31*$J4))*M$69/$J$69 -> 8.94456 | N73: =IF($O31=0,0,$O31/$F$2/($Q31*$J4))*N$69/$J$69 -> 10.06263 | O73: =IF($O31=0,0,$O31/$F$2/($Q31*$J4))*O$69/$J$69 -> 11.1807 | P73: =IF($O31=0,0,$O31/$F$2/($Q31*$J4))*P$69/$J$69 -> 11.92608 | Q73: =IF($O31=0,0,$O31/$F$2/($Q31*$J4))*Q$69/$J$69 -> 12.67146 | ... Y73: =IF($O31=0,0,$O31/$F$2/($Q31*$J4))*Y$69/$J$69 -> 18.6345
H74: =H60 -> 50000 | I74: =I60 -> 2500 | J74: =IF($O32=0,0,$O32/$F$2/($Q32*$J5))*J$69/$J$69 -> 0.80444 | K74: =IF($O32=0,0,$O32/$F$2/($Q32*$J5))*K$69/$J$69 -> 1.20666 | L74: =IF($O32=0,0,$O32/$F$2/($Q32*$J5))*L$69/$J$69 -> 1.60888 | M74: =IF($O32=0,0,$O32/$F$2/($Q32*$J5))*M$69/$J$69 -> 1.930656 | N74: =IF($O32=0,0,$O32/$F$2/($Q32*$J5))*N$69/$J$69 -> 2.171988 | O74: =IF($O32=0,0,$O32/$F$2/($Q32*$J5))*O$69/$J$69 -> 2.41332 | P74: =IF($O32=0,0,$O32/$F$2/($Q32*$J5))*P$69/$J$69 -> 2.574208 | Q74: =IF($O32=0,0,$O32/$F$2/($Q32*$J5))*Q$69/$J$69 -> 2.735096 | ... Y74: =IF($O32=0,0,$O32/$F$2/($Q32*$J5))*Y$69/$J$69 -> 4.0222
H75: =H61 -> 100000 | I75: =I61 -> 5000 | J75: =IF($O33=0,0,$O33/$F$2/($Q33*$J6))*J$69/$J$69 -> 0.21636 | K75: =IF($O33=0,0,$O33/$F$2/($Q33*$J6))*K$69/$J$69 -> 0.32454 | L75: =IF($O33=0,0,$O33/$F$2/($Q33*$J6))*L$69/$J$69 -> 0.43272 | M75: =IF($O33=0,0,$O33/$F$2/($Q33*$J6))*M$69/$J$69 -> 0.519264 | N75: =IF($O33=0,0,$O33/$F$2/($Q33*$J6))*N$69/$J$69 -> 0.584172 | O75: =IF($O33=0,0,$O33/$F$2/($Q33*$J6))*O$69/$J$69 -> 0.64908 | P75: =IF($O33=0,0,$O33/$F$2/($Q33*$J6))*P$69/$J$69 -> 0.692352 | Q75: =IF($O33=0,0,$O33/$F$2/($Q33*$J6))*Q$69/$J$69 -> 0.735624 | ... Y75: =IF($O33=0,0,$O33/$F$2/($Q33*$J6))*Y$69/$J$69 -> 1.0818
H76: =H62 -> 200000 | I76: =I62 -> 10000 | J76: =IF($O34=0,0,$O34/$F$2/($Q34*$J7))*J$69/$J$69 -> 0.4989875 | K76: =IF($O34=0,0,$O34/$F$2/($Q34*$J7))*K$69/$J$69 -> 0.74848125 | L76: =IF($O34=0,0,$O34/$F$2/($Q34*$J7))*L$69/$J$69 -> 0.997975 | M76: =IF($O34=0,0,$O34/$F$2/($Q34*$J7))*M$69/$J$69 -> 1.19757 | N76: =IF($O34=0,0,$O34/$F$2/($Q34*$J7))*N$69/$J$69 -> 1.3472663 | O76: =IF($O34=0,0,$O34/$F$2/($Q34*$J7))*O$69/$J$69 -> 1.4969625 | P76: =IF($O34=0,0,$O34/$F$2/($Q34*$J7))*P$69/$J$69 -> 1.59676 | Q76: =IF($O34=0,0,$O34/$F$2/($Q34*$J7))*Q$69/$J$69 -> 1.6965575 | ... Y76: =IF($O34=0,0,$O34/$F$2/($Q34*$J7))*Y$69/$J$69 -> 2.4949375
H77: =H63 -> 500000 | I77: =I63 -> 25000 | J77: =IF($O35=0,0,$O35/$F$2/($Q35*$J8))*J$69/$J$69 -> 0.37818 | K77: =IF($O35=0,0,$O35/$F$2/($Q35*$J8))*K$69/$J$69 -> 0.56727 | L77: =IF($O35=0,0,$O35/$F$2/($Q35*$J8))*L$69/$J$69 -> 0.75636 | M77: =IF($O35=0,0,$O35/$F$2/($Q35*$J8))*M$69/$J$69 -> 0.907632 | N77: =IF($O35=0,0,$O35/$F$2/($Q35*$J8))*N$69/$J$69 -> 1.021086 | O77: =IF($O35=0,0,$O35/$F$2/($Q35*$J8))*O$69/$J$69 -> 1.13454 | P77: =IF($O35=0,0,$O35/$F$2/($Q35*$J8))*P$69/$J$69 -> 1.210176 | Q77: =IF($O35=0,0,$O35/$F$2/($Q35*$J8))*Q$69/$J$69 -> 1.285812 | ... Y77: =IF($O35=0,0,$O35/$F$2/($Q35*$J8))*Y$69/$J$69 -> 1.8909
H78: =H64 -> 2000000 | I78: =I64 -> 100000 | J78: =IF($O36=0,0,$O36/$F$2/($Q36*$J9))*J$69/$J$69 -> 0.15494875 | K78: =IF($O36=0,0,$O36/$F$2/($Q36*$J9))*K$69/$J$69 -> 0.23242313 | L78: =IF($O36=0,0,$O36/$F$2/($Q36*$J9))*L$69/$J$69 -> 0.3098975 | M78: =IF($O36=0,0,$O36/$F$2/($Q36*$J9))*M$69/$J$69 -> 0.371877 | N78: =IF($O36=0,0,$O36/$F$2/($Q36*$J9))*N$69/$J$69 -> 0.41836163 | O78: =IF($O36=0,0,$O36/$F$2/($Q36*$J9))*O$69/$J$69 -> 0.46484625 | P78: =IF($O36=0,0,$O36/$F$2/($Q36*$J9))*P$69/$J$69 -> 0.495836 | Q78: =IF($O36=0,0,$O36/$F$2/($Q36*$J9))*Q$69/$J$69 -> 0.52682575 | ... Y78: =IF($O36=0,0,$O36/$F$2/($Q36*$J9))*Y$69/$J$69 -> 0.77474375
H79: =H65 -> 5000000 | I79: =I65 -> 250000 | J79: =IF($O37=0,0,$O37/$F$2/($Q37*$J10))*J$69/$J$69 -> 0.0871915 | K79: =IF($O37=0,0,$O37/$F$2/($Q37*$J10))*K$69/$J$69 -> 0.13078725 | L79: =IF($O37=0,0,$O37/$F$2/($Q37*$J10))*L$69/$J$69 -> 0.174383 | M79: =IF($O37=0,0,$O37/$F$2/($Q37*$J10))*M$69/$J$69 -> 0.2092596 | N79: =IF($O37=0,0,$O37/$F$2/($Q37*$J10))*N$69/$J$69 -> 0.23541705 | O79: =IF($O37=0,0,$O37/$F$2/($Q37*$J10))*O$69/$J$69 -> 0.2615745 | P79: =IF($O37=0,0,$O37/$F$2/($Q37*$J10))*P$69/$J$69 -> 0.2790128 | Q79: =IF($O37=0,0,$O37/$F$2/($Q37*$J10))*Q$69/$J$69 -> 0.2964511 | ... Y79: =IF($O37=0,0,$O37/$F$2/($Q37*$J10))*Y$69/$J$69 -> 0.4359575
H80: =H66 -> 10000000 | I80: =I66 -> 500000 | J80: =IF($O38=0,0,$O38/$F$2/($Q38*$J11))*J$69/$J$69 -> 0.069333 | K80: =IF($O38=0,0,$O38/$F$2/($Q38*$J11))*K$69/$J$69 -> 0.1039995 | L80: =IF($O38=0,0,$O38/$F$2/($Q38*$J11))*L$69/$J$69 -> 0.138666 | M80: =IF($O38=0,0,$O38/$F$2/($Q38*$J11))*M$69/$J$69 -> 0.1663992 | N80: =IF($O38=0,0,$O38/$F$2/($Q38*$J11))*N$69/$J$69 -> 0.1871991 | O80: =IF($O38=0,0,$O38/$F$2/($Q38*$J11))*O$69/$J$69 -> 0.207999 | P80: =IF($O38=0,0,$O38/$F$2/($Q38*$J11))*P$69/$J$69 -> 0.2218656 | Q80: =IF($O38=0,0,$O38/$F$2/($Q38*$J11))*Q$69/$J$69 -> 0.2357322 | ... Y80: =IF($O38=0,0,$O38/$F$2/($Q38*$J11))*Y$69/$J$69 -> 0.346665
H81: =H67 -> 20000000 | I81: =I67 -> 1000000 | J81: =IF($O39=0,0,$O39/$F$2/($Q39*$J12))*J$69/$J$69 -> 0.052525 | K81: =IF($O39=0,0,$O39/$F$2/($Q39*$J12))*K$69/$J$69 -> 0.0787875 | L81: =IF($O39=0,0,$O39/$F$2/($Q39*$J12))*L$69/$J$69 -> 0.10505 | M81: =IF($O39=0,0,$O39/$F$2/($Q39*$J12))*M$69/$J$69 -> 0.12606 | N81: =IF($O39=0,0,$O39/$F$2/($Q39*$J12))*N$69/$J$69 -> 0.1418175 | O81: =IF($O39=0,0,$O39/$F$2/($Q39*$J12))*O$69/$J$69 -> 0.157575 | P81: =IF($O39=0,0,$O39/$F$2/($Q39*$J12))*P$69/$J$69 -> 0.16808 | Q81: =IF($O39=0,0,$O39/$F$2/($Q39*$J12))*Q$69/$J$69 -> 0.178585 | ... Y81: =IF($O39=0,0,$O39/$F$2/($Q39*$J12))*Y$69/$J$69 -> 0.262625
F83: 累计花费美金 | J83: 250000 | K83: 375000 | L83: 500000 | M83: 600000 | N83: 675000 | O83: 750000 | P83: 800000 | Q83: 850000 | R83: 900000 | S83: 950000 | T83: 1000000 | U83: 1050000 | V83: 1100000 | W83: 1150000 | X83: 1200000 | Y83: 1250000
H84: 底注 | I84: 一局消耗 | J84: 0 | K84: 1 | L84: 2 | M84: 3 | N84: 4 | O84: 5 | P84: 6 | Q84: 7 | R84: 8 | S84: 9 | T84: 10 | U84: 11 | V84: 12 | W84: 13 | X84: 14 | Y84: 15
H85: =H71 -> 1000 | I85: =I71 -> 50 | J85: =IF($O29=0,0,$Q29*J43) -> 0.0125 | K85: =IF($O29=0,0,$Q29*K43) -> 0.0083333333 | L85: =IF($O29=0,0,$Q29*L43) -> 0.00625 | M85: =IF($O29=0,0,$Q29*M43) -> 0.0052083333 | N85: =IF($O29=0,0,$Q29*N43) -> 0.0046296296 | O85: =IF($O29=0,0,$Q29*O43) -> 0.0041666667 | P85: =IF($O29=0,0,$Q29*P43) -> 0.00390625 | Q85: =IF($O29=0,0,$Q29*Q43) -> 0.0036764706 | ... Y85: =IF($O29=0,0,$Q29*Y43) -> 0.0025
H86: =H72 -> 5000 | I86: =I72 -> 250 | J86: =IF($O30=0,0,$Q30*J44) -> 0.0625 | K86: =IF($O30=0,0,$Q30*K44) -> 0.041666667 | L86: =IF($O30=0,0,$Q30*L44) -> 0.03125 | M86: =IF($O30=0,0,$Q30*M44) -> 0.026041667 | N86: =IF($O30=0,0,$Q30*N44) -> 0.023148148 | O86: =IF($O30=0,0,$Q30*O44) -> 0.020833333 | P86: =IF($O30=0,0,$Q30*P44) -> 0.01953125 | Q86: =IF($O30=0,0,$Q30*Q44) -> 0.018382353 | ... Y86: =IF($O30=0,0,$Q30*Y44) -> 0.0125
H87: =H73 -> 20000 | I87: =I73 -> 1000 | J87: =IF($O31=0,0,$Q31*J45) -> 0.55005501 | K87: =IF($O31=0,0,$Q31*K45) -> 0.36670334 | L87: =IF($O31=0,0,$Q31*L45) -> 0.2750275 | M87: =IF($O31=0,0,$Q31*M45) -> 0.22918959 | N87: =IF($O31=0,0,$Q31*N45) -> 0.20372408 | O87: =IF($O31=0,0,$Q31*O45) -> 0.18335167 | P87: =IF($O31=0,0,$Q31*P45) -> 0.17189219 | Q87: =IF($O31=0,0,$Q31*Q45) -> 0.16178088 | ... Y87: =IF($O31=0,0,$Q31*Y45) -> 0.110011
H88: =H74 -> 50000 | I88: =I74 -> 2500 | J88: =IF($O32=0,0,$Q32*J46) -> 13.736264 | K88: =IF($O32=0,0,$Q32*K46) -> 9.1575092 | L88: =IF($O32=0,0,$Q32*L46) -> 6.8681319 | M88: =IF($O32=0,0,$Q32*M46) -> 5.7234432 | N88: =IF($O32=0,0,$Q32*N46) -> 5.0875051 | O88: =IF($O32=0,0,$Q32*O46) -> 4.5787546 | P88: =IF($O32=0,0,$Q32*P46) -> 4.2925824 | Q88: =IF($O32=0,0,$Q32*Q46) -> 4.0400776 | ... Y88: =IF($O32=0,0,$Q32*Y46) -> 2.7472527
H89: =H75 -> 100000 | I89: =I75 -> 5000 | J89: =IF($O33=0,0,$Q33*J47) -> 138.88889 | K89: =IF($O33=0,0,$Q33*K47) -> 92.592593 | L89: =IF($O33=0,0,$Q33*L47) -> 69.444444 | M89: =IF($O33=0,0,$Q33*M47) -> 57.87037 | N89: =IF($O33=0,0,$Q33*N47) -> 51.440329 | O89: =IF($O33=0,0,$Q33*O47) -> 46.296296 | P89: =IF($O33=0,0,$Q33*P47) -> 43.402778 | Q89: =IF($O33=0,0,$Q33*Q47) -> 40.849673 | ... Y89: =IF($O33=0,0,$Q33*Y47) -> 27.777778
H90: =H76 -> 200000 | I90: =I76 -> 10000 | J90: =IF($O34=0,0,$Q34*J48) -> 210.52632 | K90: =IF($O34=0,0,$Q34*K48) -> 140.35088 | L90: =IF($O34=0,0,$Q34*L48) -> 105.26316 | M90: =IF($O34=0,0,$Q34*M48) -> 87.719298 | N90: =IF($O34=0,0,$Q34*N48) -> 77.97271 | O90: =IF($O34=0,0,$Q34*O48) -> 70.175439 | P90: =IF($O34=0,0,$Q34*P48) -> 65.789474 | Q90: =IF($O34=0,0,$Q34*Q48) -> 61.919505 | ... Y90: =IF($O34=0,0,$Q34*Y48) -> 42.105263
H91: =H77 -> 500000 | I91: =I77 -> 25000 | J91: =IF($O35=0,0,$Q35*J49) -> 277.77778 | K91: =IF($O35=0,0,$Q35*K49) -> 185.18519 | L91: =IF($O35=0,0,$Q35*L49) -> 138.88889 | M91: =IF($O35=0,0,$Q35*M49) -> 115.74074 | N91: =IF($O35=0,0,$Q35*N49) -> 102.88066 | O91: =IF($O35=0,0,$Q35*O49) -> 92.592593 | P91: =IF($O35=0,0,$Q35*P49) -> 86.805556 | Q91: =IF($O35=0,0,$Q35*Q49) -> 81.699346 | ... Y91: =IF($O35=0,0,$Q35*Y49) -> 55.555556
H92: =H78 -> 2000000 | I92: =I78 -> 100000 | J92: =IF($O36=0,0,$Q36*J50) -> 677.9661 | K92: =IF($O36=0,0,$Q36*K50) -> 451.9774 | L92: =IF($O36=0,0,$Q36*L50) -> 338.98305 | M92: =IF($O36=0,0,$Q36*M50) -> 282.48588 | N92: =IF($O36=0,0,$Q36*N50) -> 251.09856 | O92: =IF($O36=0,0,$Q36*O50) -> 225.9887 | P92: =IF($O36=0,0,$Q36*P50) -> 211.86441 | Q92: =IF($O36=0,0,$Q36*Q50) -> 199.40179 | ... Y92: =IF($O36=0,0,$Q36*Y50) -> 135.59322
H93: =H79 -> 5000000 | I93: =I79 -> 250000 | J93: =IF($O37=0,0,$Q37*J51) -> 1204.8193 | K93: =IF($O37=0,0,$Q37*K51) -> 803.21285 | L93: =IF($O37=0,0,$Q37*L51) -> 602.40964 | M93: =IF($O37=0,0,$Q37*M51) -> 502.00803 | N93: =IF($O37=0,0,$Q37*N51) -> 446.22936 | O93: =IF($O37=0,0,$Q37*O51) -> 401.60643 | P93: =IF($O37=0,0,$Q37*P51) -> 376.50602 | Q93: =IF($O37=0,0,$Q37*Q51) -> 354.35861 | ... Y93: =IF($O37=0,0,$Q37*Y51) -> 240.96386
H94: =H80 -> 10000000 | I94: =I80 -> 500000 | J94: =IF($O38=0,0,$Q38*J52) -> 1515.1515 | K94: =IF($O38=0,0,$Q38*K52) -> 1010.101 | L94: =IF($O38=0,0,$Q38*L52) -> 757.57576 | M94: =IF($O38=0,0,$Q38*M52) -> 631.31313 | N94: =IF($O38=0,0,$Q38*N52) -> 561.16723 | O94: =IF($O38=0,0,$Q38*O52) -> 505.05051 | P94: =IF($O38=0,0,$Q38*P52) -> 473.48485 | Q94: =IF($O38=0,0,$Q38*Q52) -> 445.6328 | ... Y94: =IF($O38=0,0,$Q38*Y52) -> 303.0303
H95: =H81 -> 20000000 | I95: =I81 -> 1000000 | J95: =IF($O39=0,0,$Q39*J53) -> 2000 | K95: =IF($O39=0,0,$Q39*K53) -> 1333.3333 | L95: =IF($O39=0,0,$Q39*L53) -> 1000 | M95: =IF($O39=0,0,$Q39*M53) -> 833.33333 | N95: =IF($O39=0,0,$Q39*N53) -> 740.74074 | O95: =IF($O39=0,0,$Q39*O53) -> 666.66667 | P95: =IF($O39=0,0,$Q39*P53) -> 625 | Q95: =IF($O39=0,0,$Q39*Q53) -> 588.23529 | ... Y95: =IF($O39=0,0,$Q39*Y53) -> 400

Sheet 老虎机掉卡包新版
A1: 章节 | B1: 金币 | C1: 美金 | D1: 最大星级 | F1: 基础金币/美金 | H1: 底注 | I1: 一局消耗 | J1: 消耗美金 | K1: //卡包id1 | L1: //概率 | M1: 产出卡包 | N1: //卡包id2 | O1: //概率 | Q1: //卡包id3 | R1: //概率 | T1: 单局上限 | U1: 平均小轮数 | W1: set/star | X1: 1 | Y1: 2 | Z1: 3 | AA1: 4 | AB1: 5 | AC1: 6 | AD1: gold4 | AE1: gold5 | AF1: gold6 | AG1: 合计 | AI1: =L2+O2+R2 -> 1000 | AJ1: =L2*1000/(L2+O2+R2) -> 1000 | AK1: =O2*1000/(L2+O2+R2) -> 0 | AL1: =R2*1000/(L2+O2+R2) -> 0
