Workbook

Sheet StrikeLuckyRound
A1: round | B1: costItemId_3_0 | C1: costCount_3_0 | D1: costItemId_3_1 | E1: costCount_3_1 | F1: costItemId_3_2 | G1: costCount_3_2 | H1: cherryCollect | I1: cherryItemType | J1: cherryItemId | K1: cherryItemCount | L1: sevenCollect | M1: sevenItemType | N1: sevenItemId | O1: sevenItemCount
A2: int_key | B2: int | C2: int | D2: int | E2: int | F2: int | G2: int | H2: int | I2: int | J2: int | K2: int | L2: int | M2: int | N2: int | O2: int
A3: cs | B3: cs | C3: cs | D3: cs | E3: cs | F3: cs | G3: cs | H3: cs | I3: cs | J3: cs | K3: cs | L3: cs | M3: cs | N3: cs | O3: cs
A4: 第几轮 | B4: 1外围 消耗物品的id | C4: 1外围 消耗物品的数量 | D4: 2中围 消耗物品的id | E4: 2中围 消耗物品的数量 | F4: 3内围 消耗物品的id | G4: 3内围 消耗物品的数量 | H4: 收集樱桃的数量 | I4: 收集樱桃的奖励 1金币 2钻石 3道具 4卡包 9礼包美金 17美金金币 | J4: 收集樱桃的奖励 1金币 2钻石 3物品id | K4: 收集樱桃的奖励 数量 | L4: 收集7的数量 | M4: 收集7的奖励 1金币 2钻石 3道具 4卡包 9礼包美金 17美金金币 | N4: 收集7的奖励 1金币 2钻石 3物品id | O4: 收集7的奖励 数量
A5: 1 | B5: 215003 | C5: 1 | D5: 215003 | E5: 3 | F5: 215003 | G5: 6 | H5: 3 | I5: 17 | J5: 1 | K5: 250 | L5: 3 | M5: 17 | N5: 1 | O5: 1000
A6: 2 | B6: 215003 | C6: 2 | D6: 215003 | E6: 4 | F6: 215003 | G6: 9 | H6: 3 | I6: 17 | J6: 1 | K6: 400 | L6: 3 | M6: 17 | N6: 1 | O6: 1500
A7: 3 | B7: 215003 | C7: 3 | D7: 215003 | E7: 6 | F7: 215003 | G7: 12 | H7: 3 | I7: 17 | J7: 1 | K7: 500 | L7: 3 | M7: 17 | N7: 1 | O7: 2000

Sheet StrikeLucky
A1: gridId | B1: round | C1: inout | D1: hitWeight | E1: itemType | F1: itemId | G1: itemCount
A2: int_key | B2: int | C2: int | D2: int | E2: int | F2: int | G2: int
A3: cs | B3: cs | C3: cs | D3: cs | E3: cs | F3: cs | G3: cs
A4: 格子id | B4: 第几轮 | C4: 1外圈 2中圈 3内圈 | D4: 命中的权重 | E4: 奖励类型 1金币 2钻石 3道具 4卡包 9礼包美金 17美金金币 999Jackpot收集物 | F4: 奖励物品ID 1金币 2钻石 3物品id 骰子215006；樱桃13；7符号12 | G4: 奖励数量 | H4: 999对应的id参考QuestJackpotCfg.xlsx
A5: 1 | B5: 1 | C5: 1 | D5: 100 | E5: 4 | F5: 100005 | G5: 1
A6: 2 | B6: 1 | C6: 1 | D6: 100 | E6: 17 | F6: 1 | G6: 15
A7: 3 | B7: 1 | C7: 1 | D7: 100 | E7: 17 | F7: 1 | G7: 100
A8: 4 | B8: 1 | C8: 1 | D8: 100 | E8: 17 | F8: 1 | G8: 20
A9: 5 | B9: 1 | C9: 1 | D9: 100 | E9: 3 | F9: 215006 | G9: 1
A10: 6 | B10: 1 | C10: 1 | D10: 100 | E10: 4 | F10: 100002 | G10: 1
A11: 7 | B11: 1 | C11: 1 | D11: 100 | E11: 17 | F11: 1 | G11: 10
A12: 8 | B12: 1 | C12: 1 | D12: 100 | E12: 17 | F12: 1 | G12: 50
A13: 9 | B13: 1 | C13: 1 | D13: 100 | E13: 4 | F13: 100001 | G13: 1
A14: 10 | B14: 1 | C14: 1 | D14: 100 | E14: 999 | F14: 13 | G14: 80
A15: 11 | B15: 1 | C15: 1 | D15: 100 | E15: 17 | F15: 1 | G15: 20
A16: 12 | B16: 1 | C16: 1 | D16: 100 | E16: 17 | F16: 1 | G16: 200
... A40: 36 | B40: 1 | C40: 3 | D40: 100 | E40: 999 | F40: 12 | G40: 1

Sheet QuestPickGet
A1: Id | B1: questType | C1: bet | D1: Type | E1: BetId | F1: Probability | G1: Points
A2: int_key | B2: int | C2: int | D2: int | E2: int | F2: int | G2: int
A3: s | B3: s | C3: skip | D3: s | E3: s | F3: s | G3: s
A4: ID | B4: 类型 1 敲砖 2 挖宝 3 大富翁 4 薯片活动 5幸运7 | C4: //房间bet | D4: 类型 1打牌 2老虎机 | E4: RoomId/BetIndex | F4: 掉落概率，千分比 | G4: 基础积分点数，仅用于验证
A5: 1 | B5: 5 | C5: 10000 | D5: 2 | E5: 1 | F5: 20 | G5: 75
A6: 2 | B6: 5 | C6: 30000 | D6: 2 | E6: 2 | F6: 20 | G6: 225
A7: 3 | B7: 5 | C7: 90000 | D7: 2 | E7: 3 | F7: 20 | G7: 675
A8: 4 | B8: 5 | C8: 100000 | D8: 2 | E8: 4 | F8: 20 | G8: 750
A9: 5 | B9: 5 | C9: 150000 | D9: 2 | E9: 5 | F9: 20 | G9: 1125
A10: 6 | B10: 5 | C10: 200000 | D10: 2 | E10: 6 | F10: 20 | G10: 1500
A11: 7 | B11: 5 | C11: 300000 | D11: 2 | E11: 7 | F11: 20 | G11: 2250
A12: 8 | B12: 5 | C12: 500000 | D12: 2 | E12: 8 | F12: 20 | G12: 3750
A13: 9 | B13: 5 | C13: 750000 | D13: 2 | E13: 9 | F13: 20 | G13: 5625
A14: 10 | B14: 5 | C14: 1000000 | D14: 2 | E14: 10 | F14: 20 | G14: 7500
A15: 11 | B15: 5 | C15: 1500000 | D15: 2 | E15: 11 | F15: 20 | G15: 11250
A16: 12 | B16: 5 | C16: 2000000 | D16: 2 | E16: 12 | F16: 20 | G16: 15000
... A42: 38 | B42: 5 | C42: 5000000000 | D42: 2 | E42: 38 | F42: 20 | G42: 37500000

Sheet QuestGetLevel
A1: Id | B1: questType | C1: LevelUpPoints | D1: num
A2: int_key | B2: int | C2: int | D2: int
A3: s | B3: s | C3: s | D3: s
A4: 关卡ID | B4: 类型 1 敲砖 2 挖宝 3 大富翁 4 薯片活动 5幸运7 | C4: 升到下级所需积分(升级后积分清0) | D4: 升级奖励数
A5: 1 | B5: 2 | C5: 10000 | D5: 1

Sheet QuestPointsCheatSheet
A1: questType | B1: Id | C1: level | D1: vip_16_0 | E1: vip_16_1 | F1: vip_16_2 | G1: vip_16_3 | H1: vip_16_4 | I1: vip_16_5 | J1: vip_16_6 | K1: vip_16_7 | L1: vip_16_8 | M1: vip_16_9 | N1: vip_16_10 | O1: vip_16_11 | P1: vip_16_12 | Q1: vip_16_13 | R1: vip_16_14 | S1: vip_16_15
A2: int | B2: int | C2: int | D2: int | E2: int | F2: int | G2: int | H2: int | I2: int | J2: int | K2: int | L2: int | M2: int | N2: int | O2: int | P2: int | Q2: int | R2: int | S2: int
A3: s | B3: s | C3: s | D3: s | E3: s | F3: s | G3: s | H3: s | I3: s | J3: s | K3: s | L3: s | M3: s | N3: s | O3: s | P3: s | Q3: s | R3: s | S3: s
A4: 类型 1 敲砖 2 挖宝 3 大富翁 4 薯片活动 5幸运7 | B4: 挖宝:QuestPickaxeGet.xlsx 薯片:SnackDropPoints.xlsx | C4: 角色等级 | D4: vip对应积分 | E4: vip对应积分 | F4: vip对应积分 | G4: vip对应积分 | H4: vip对应积分 | I4: vip对应积分 | J4: vip对应积分 | K4: vip对应积分 | L4: vip对应积分 | M4: vip对应积分 | N4: vip对应积分 | O4: vip对应积分 | P4: vip对应积分 | Q4: vip对应积分 | R4: vip对应积分 | S4: vip对应积分
A5: 5 | B5: 1 | C5: 0 | D5: 75 | E5: 50000 | F5: 50000 | G5: 50000 | H5: 50000 | I5: 50000 | J5: 50000 | K5: 50000 | L5: 50000 | M5: 50000 | N5: 50000 | O5: 50000 | P5: 50000 | Q5: 50000 | R5: 50000 | S5: 50000
A6: 5 | B6: 2 | C6: 0 | D6: =$D$5*bet配置!$B6/bet配置!$B$5 -> 225 | E6: 50000 | F6: 50000 | G6: 50000 | H6: 50000 | I6: 50000 | J6: 50000 | K6: 50000 | L6: 50000 | M6: 50000 | N6: 50000 | O6: 50000 | P6: 50000 | Q6: 50000 | R6: 50000 | S6: 50000
A7: 5 | B7: 3 | C7: 0 | D7: =$D$5*bet配置!$B7/bet配置!$B$5 -> 675 | E7: 50000 | F7: 50000 | G7: 50000 | H7: 50000 | I7: 50000 | J7: 50000 | K7: 50000 | L7: 50000 | M7: 50000 | N7: 50000 | O7: 50000 | P7: 50000 | Q7: 50000 | R7: 50000 | S7: 50000
A8: 5 | B8: 4 | C8: 0 | D8: =$D$5*bet配置!$B8/bet配置!$B$5 -> 750 | E8: 50000 | F8: 50000 | G8: 50000 | H8: 50000 | I8: 50000 | J8: 50000 | K8: 50000 | L8: 50000 | M8: 50000 | N8: 50000 | O8: 50000 | P8: 50000 | Q8: 50000 | R8: 50000 | S8: 50000
A9: 5 | B9: 5 | C9: 0 | D9: =$D$5*bet配置!$B9/bet配置!$B$5 -> 1125 | E9: 50000 | F9: 50000 | G9: 50000 | H9: 50000 | I9: 50000 | J9: 50000 | K9: 50000 | L9: 50000 | M9: 50000 | N9: 50000 | O9: 50000 | P9: 50000 | Q9: 50000 | R9: 50000 | S9: 50000
A10: 5 | B10: 6 | C10: 0 | D10: =$D$5*bet配置!$B10/bet配置!$B$5 -> 1500 | E10: 50000 | F10: 50000 | G10: 50000 | H10: 50000 | I10: 50000 | J10: 50000 | K10: 50000 | L10: 50000 | M10: 50000 | N10: 50000 | O10: 50000 | P10: 50000 | Q10: 50000 | R10: 50000 | S10: 50000
A11: 5 | B11: 7 | C11: 0 | D11: =$D$5*bet配置!$B11/bet配置!$B$5 -> 2250 | E11: 50000 | F11: 50000 | G11: 50000 | H11: 50000 | I11: 50000 | J11: 50000 | K11: 50000 | L11: 50000 | M11: 50000 | N11: 50000 | O11: 50000 | P11: 50000 | Q11: 50000 | R11: 50000 | S11: 50000
A12: 5 | B12: 8 | C12: 0 | D12: =$D$5*bet配置!$B12/bet配置!$B$5 -> 3750 | E12: 50000 | F12: 50000 | G12: 50000 | H12: 50000 | I12: 50000 | J12: 50000 | K12: 50000 | L12: 50000 | M12: 50000 | N12: 50000 | O12: 50000 | P12: 50000 | Q12: 50000 | R12: 50000 | S12: 50000
A13: 5 | B13: 9 | C13: 0 | D13: =$D$5*bet配置!$B13/bet配置!$B$5 -> 5625 | E13: 50000 | F13: 50000 | G13: 50000 | H13: 50000 | I13: 50000 | J13: 50000 | K13: 50000 | L13: 50000 | M13: 50000 | N13: 50000 | O13: 50000 | P13: 50000 | Q13: 50000 | R13: 50000 | S13: 50000
A14: 5 | B14: 10 | C14: 0 | D14: =$D$5*bet配置!$B14/bet配置!$B$5 -> 7500 | E14: 50000 | F14: 50000 | G14: 50000 | H14: 50000 | I14: 50000 | J14: 50000 | K14: 50000 | L14: 50000 | M14: 50000 | N14: 50000 | O14: 50000 | P14: 50000 | Q14: 50000 | R14: 50000 | S14: 50000
A15: 5 | B15: 11 | C15: 0 | D15: =$D$5*bet配置!$B15/bet配置!$B$5 -> 11250 | E15: 50000 | F15: 50000 | G15: 50000 | H15: 50000 | I15: 50000 | J15: 50000 | K15: 50000 | L15: 50000 | M15: 50000 | N15: 50000 | O15: 50000 | P15: 50000 | Q15: 50000 | R15: 50000 | S15: 50000
A16: 5 | B16: 12 | C16: 0 | D16: =$D$5*bet配置!$B16/bet配置!$B$5 -> 15000 | E16: 50000 | F16: 50000 | G16: 50000 | H16: 50000 | I16: 50000 | J16: 50000 | K16: 50000 | L16: 50000 | M16: 50000 | N16: 50000 | O16: 50000 | P16: 50000 | Q16: 50000 | R16: 50000 | S16: 50000
A17: 5 | B17: 13 | C17: 0 | D17: =$D$5*bet配置!$B17/bet配置!$B$5 -> 22500 | E17: 50000 | F17: 50000 | G17: 50000 | H17: 50000 | I17: 50000 | J17: 50000 | K17: 50000 | L17: 50000 | M17: 50000 | N17: 50000 | O17: 50000 | P17: 50000 | Q17: 50000 | R17: 50000 | S17: 50000
... A42: 5 | B42: 38 | C42: 0 | D42: =$D$5*bet配置!$B42/bet配置!$B$5 -> 37500000 | E42: 50000 | F42: 50000 | G42: 50000 | H42: 50000 | I42: 50000 | J42: 50000 | K42: 50000 | L42: 50000 | M42: 50000 | N42: 50000 | O42: 50000 | P42: 50000 | Q42: 50000 | R42: 50000 | S42: 50000

Sheet bet配置
A1: Id | B1: bet | C1: Type | D1: BetId | E1: Probability | F1: Points
A2: int_key | B2: int | C2: int | D2: int | E2: int | F2: int
A3: s | B3: skip | C3: s | D3: s | E3: s | F3: s
A4: ID | B4: //房间bet | C4: 类型 1打牌 2老虎机 | D4: RoomId/BetIndex | E4: 掉落概率，千分比 | F4: 基础积分点数，仅用于验证 | G4: 单次消耗金币 | H4: 单次消耗美金 | I4: rtp | J4: 单位金币
B5: 10000 | G5: =B5*(1-I5) -> 500 | H5: =G5/$J$5 -> 0.0005 | I5: 0.95 | J5: 1000000
B6: 30000 | G6: =B6*(1-I6) -> 30000 | H6: =G6/$J$5 -> 0.03
B7: 90000 | G7: =B7*(1-I7) -> 90000 | H7: =G7/$J$5 -> 0.09
B8: 100000 | G8: =B8*(1-I8) -> 100000 | H8: =G8/$J$5 -> 0.1
B9: 150000 | G9: =B9*(1-I9) -> 150000 | H9: =G9/$J$5 -> 0.15
B10: 200000 | G10: =B10*(1-I10) -> 200000 | H10: =G10/$J$5 -> 0.2
B11: 300000 | G11: =B11*(1-I11) -> 300000 | H11: =G11/$J$5 -> 0.3
B12: 500000 | G12: =B12*(1-I12) -> 500000 | H12: =G12/$J$5 -> 0.5
B13: 750000 | G13: =B13*(1-I13) -> 750000 | H13: =G13/$J$5 -> 0.75
B14: 1000000 | G14: =B14*(1-I14) -> 1000000 | H14: =G14/$J$5 -> 1
B15: 1500000 | G15: =B15*(1-I15) -> 1500000 | H15: =G15/$J$5 -> 1.5
B16: 2000000 | G16: =B16*(1-I16) -> 2000000 | H16: =G16/$J$5 -> 2
B17: 3000000 | G17: =B17*(1-I17) -> 3000000 | H17: =G17/$J$5 -> 3
... B42: 5000000000 | G42: =B42*(1-I42) -> 5000000000 | H42: =G42/$J$5 -> 5000

Sheet 奖励配置
A1: 轮数 | B1: 美金 | C1: 卡包 | D1: jackpot
A2: 1 | B2: =SUMIFS(StrikeLucky!$G:$G,StrikeLucky!$B:$B,$A2,StrikeLucky!$E:$E,17)/100 -> 17.15 | D2: =(StrikeLuckyRound!K5+StrikeLuckyRound!O5)/100 -> 12.5
A3: 2
A4: 3

Sheet 数值体验表
A1: 轮数 | B1: 消耗道具 | C1: 消耗积分 | D1: 消耗美金 | E1: 奖励美金 | F1: 消耗返还 | G1: 道具单价 | I1: 档位 | J1: bet | K1: 需要spin
A2: 1 | B2: 89 | C2: =B2*(QuestGetLevel!C5/QuestGetLevel!D5) -> 890000 | D2: =C2*bet配置!H5/QuestPointsCheatSheet!D5/(QuestPickGet!F5/1000) -> 296.66667 | E2: =奖励配置!B2+奖励配置!C2+奖励配置!D2 -> 29.65 | F2: =E2/D2 -> 0.09994382 | G2: =E2/B2 -> 0.33314607 | I2: 1 | J2: 10000 | K2: =MAX($C$2/QuestPointsCheatSheet!D5/(QuestPickGet!F5/1000),1000/QuestPickGet!F5) -> 593333.33
I3: 2 | J3: 30000 | K3: =MAX($C$2/QuestPointsCheatSheet!D6/(QuestPickGet!F6/1000),1000/QuestPickGet!F6) -> 197777.78
I4: 3 | J4: 90000 | K4: =MAX($C$2/QuestPointsCheatSheet!D7/(QuestPickGet!F7/1000),1000/QuestPickGet!F7) -> 65925.926
I5: 4 | J5: 100000 | K5: =MAX($C$2/QuestPointsCheatSheet!D8/(QuestPickGet!F8/1000),1000/QuestPickGet!F8) -> 59333.333
I6: 5 | J6: 150000 | K6: =MAX($C$2/QuestPointsCheatSheet!D9/(QuestPickGet!F9/1000),1000/QuestPickGet!F9) -> 39555.556
I7: 6 | J7: 200000 | K7: =MAX($C$2/QuestPointsCheatSheet!D10/(QuestPickGet!F10/1000),1000/QuestPickGet!F10) -> 29666.667
I8: 7 | J8: 300000 | K8: =MAX($C$2/QuestPointsCheatSheet!D11/(QuestPickGet!F11/1000),1000/QuestPickGet!F11) -> 19777.778
I9: 8 | J9: 500000 | K9: =MAX($C$2/QuestPointsCheatSheet!D12/(QuestPickGet!F12/1000),1000/QuestPickGet!F12) -> 11866.667
I10: 9 | J10: 750000 | K10: =MAX($C$2/QuestPointsCheatSheet!D13/(QuestPickGet!F13/1000),1000/QuestPickGet!F13) -> 7911.1111
I11: 10 | J11: 1000000 | K11: =MAX($C$2/QuestPointsCheatSheet!D14/(QuestPickGet!F14/1000),1000/QuestPickGet!F14) -> 5933.3333
I12: 11 | J12: 1500000 | K12: =MAX($C$2/QuestPointsCheatSheet!D15/(QuestPickGet!F15/1000),1000/QuestPickGet!F15) -> 3955.5556
I13: 12 | J13: 2000000 | K13: =MAX($C$2/QuestPointsCheatSheet!D16/(QuestPickGet!F16/1000),1000/QuestPickGet!F16) -> 2966.6667
I14: 13 | J14: 3000000 | K14: =MAX($C$2/QuestPointsCheatSheet!D17/(QuestPickGet!F17/1000),1000/QuestPickGet!F17) -> 1977.7778
... I39: 38 | J39: 5000000000 | K39: =MAX($C$2/QuestPointsCheatSheet!D42/(QuestPickGet!F42/1000),1000/QuestPickGet!F42) -> 50

Sheet tycoon
A1: 美金 | B1: 能量/金币 | C1: 单价 | E1: 奖励 | F1: 美金 | H1: 单次消耗能量 | I1: 概率 | J1: 奖励道具 | K1: 通关消耗道具 | L1: 消耗美金 | M1: 消耗返还
A2: 99.99 | B2: 7100 | C2: =B2/A2 -> 71.007101 | E2: 大奖 | F2: 10 | H2: 260 | I2: 0.15 | J2: 3 | K2: 90 | L2: =(K2/J2)*H2/I2/C2 -> 732.32113 | M2: =F31/L2 -> 0.098812232
A3: 99.99 | B3: 6300000 | C3: =B3/A3 -> 63006.301 | E3: 小奖 | F3: 2.5
E4: 180000 | F4: =E4/$C$3 -> 2.8568571
E5: 180000 | F5: =E5/$C$3 -> 2.8568571
E6: 180000 | F6: =E6/$C$3 -> 2.8568571
E7: 180000 | F7: =E7/$C$3 -> 2.8568571 | I7: 1 | J7: 0.25
E8: 360000 | F8: =E8/$C$3 -> 5.7137143 | I8: base | J8: 0.3
E9: 360000 | F9: =E9/$C$3 -> 5.7137143 | H9: 0.08 | I9: 20 | J9: =H9*I9 -> 1.6
E10: 540000 | F10: =E10/$C$3 -> 8.5705714 | J10: =SUM(J7:J9) -> 2.15
E11: 720000 | F11: =E11/$C$3 -> 11.427429
E12: 4 | F12: =E12/$C$2 -> 0.056332394
E13: 4 | F13: =E13/$C$2 -> 0.056332394
E14: 4 | F14: =E14/$C$2 -> 0.056332394
E15: 4 | F15: =E15/$C$2 -> 0.056332394
E16: 4 | F16: =E16/$C$2 -> 0.056332394
E17: 8 | F17: =E17/$C$2 -> 0.11266479
E18: 12 | F18: =E18/$C$2 -> 0.16899718
E19: 16 | F19: =E19/$C$2 -> 0.22532958
E20: 20 | F20: =E20/$C$2 -> 0.28166197
E21: 230 | F21: =E21/$C$2 -> 3.2391127
E22: 宝箱1 | F22: 1
E23: 宝箱1 | F23: 1
E24: 宝箱1 | F24: 1
E25: 宝箱2 | F25: 4
E26: 宝箱2 | F26: 4
E27: 卡包1 | F27: 0.1
E28: 卡包1 | F28: 0.1
E29: 卡包2 | F29: 0.5
E30: wild卡 | F30: 1
E31: 合计 | F31: =SUM(F2:F30) -> 72.362285
