Workbook

Sheet 闸门
A1: 等级 | B1: 升级消耗建设币 | C1: 游客数 | D1: 游客生成速率 (每秒) | E1: 开启闸机口数量 1/2/3/4 | F1: 排队上限 | G1: 游客产金币速率（每秒） | I1: 初始建设币
A2: 1 | B2: 20 | C2: 2 | D2: 3 | E2: 1 | F2: 3 | G2: 10 | I2: 90
A3: 2 | B3: 30 | C3: 5 | D3: 3 | E3: 2 | F3: 3 | G3: 10
A4: 3 | B4: 40 | C4: 10 | D4: 3 | E4: 3 | F4: 3 | G4: 10
A5: 4 | B5: 15 | C5: 10 | D5: 3 | E5: 4 | F5: 4 | G5: 10
A6: 5 | B6: 5 | C6: 10 | D6: 3 | E6: 4 | F6: 5 | G6: 10
A7: 6 | B7: 10 | C7: 10 | D7: 3 | E7: 4 | F7: 6 | G7: 10
A8: 7 | B8: 10 | C8: 10 | D8: 3 | E8: 4 | F8: 7 | G8: 10
A9: 8 | B9: 10 | C9: 10 | D9: 3 | E9: 4 | F9: 8 | G9: 10
A10: 9 | B10: 10 | C10: 10 | D10: 3 | E10: 4 | F10: 9 | G10: 10
A11: 10 | B11: 20 | C11: 10 | D11: 3 | E11: 4 | F11: 12 | G11: 10
A12: 11 | B12: 30 | C12: 10 | D12: 3 | E12: 4 | F12: 14 | G12: 10
A13: 12 | B13: 40 | C13: 10 | D13: 3 | E13: 4 | F13: 16 | G13: 10
A14: 13 | B14: 50 | C14: 10 | D14: 3 | E14: 4 | F14: 18 | G14: 10
... A29: 28 | B29: 7000 | C29: 35 | D29: 1 | E29: 4 | F29: 24 | G29: 10

Sheet 新手宫殿
A1: 等级 | B1: 升级消耗建设币 | C1: 排队上限
A2: 0 | B2: 0 | C2: 10
A3: 1 | B3: 170 | C3: 11
A4: 2 | B4: 74000 | C4: 25

Sheet 建筑物
A1: 建筑物 | B1: 每轮产金币 | C1: 产金币速率（秒） | D1: 上限
A2: 1 | B2: 84 | C2: 10 | D2: 33600
A3: 2 | B3: 15 | C3: 10 | D3: 6000
A4: 3 | B4: 30 | C4: 10 | D4: 4800
A5: 4 | B5: 15 | C5: 10 | D5: 6000
A6: 5 | B6: 32 | C6: 10 | D6: 22000
A7: 6 | B7: 30 | C7: 10 | D7: 12000
A8: 7 | B8: 21 | C8: 10 | D8: 8400
A9: 8 | B9: 24 | C9: 10 | D9: 9600
A10: 9 | B10: 84 | C10: 10 | D10: 33600
A11: 10 | B11: 6 | C11: 10 | D11: 2400
A12: 11 | B12: 20 | C12: 10 | D12: 2400
A13: 12 | B13: 30 | C13: 10 | D13: 3600

Sheet 翻地块
A1: 章节 | B1: 地块 | C1: 消耗建设币 | D1: 奖励金币 | E1: 奖励钞票 | F1: 消耗能量（spin） | G1: 累计消耗（spin） | H1: 花费美金 | I1: 累计花费美金 | J1: 奖励金币 | K1: 奖励能量 | L1: 其他 | M1: 升级奖励金币 | N1: 升级奖励能量 | P1: 宝箱 | Q1: 奖励钞票 | R1: 奖励金币 | T1: 单位金币/美金 | U1: 单位能量/美金
A2: 1 | B2: 1 | C2: 10 | D2: 1000 | E2: 1000 | F2: =C2/tycoonSlots!$E$18 -> 0.001037452 | G2: =SUM($F$2:F2) -> 0.001037452 | H2: =G2/$U$2 -> 2.59363e-05 | I2: =SUM($H$2:H2) -> 2.59363e-05 | P2: 1 | R2: 1600 | T2: 10000 | U2: 40
A3: 1 | B3: 2 | C3: 20 | D3: 1000 | E3: 1000 | F3: =C3/tycoonSlots!$E$18 -> 0.002074904 | G3: =SUM($F$2:F3) -> 0.0031123561 | H3: =G3/$U$2 -> 7.7808901e-05 | I3: =SUM($H$2:H3) -> 0.0001037452
A4: 1 | B4: 3 | C4: 30 | D4: 1000 | E4: 1000 | F4: =C4/tycoonSlots!$E$18 -> 0.0031123561 | G4: =SUM($F$2:F4) -> 0.0062247121 | H4: =G4/$U$2 -> 0.0001556178 | I4: =SUM($H$2:H4) -> 0.000259363 | R4: 2000
A5: 1 | B5: 4 | C5: 40 | D5: 1000 | E5: 1000 | F5: =C5/tycoonSlots!$E$18 -> 0.0041498081 | G5: =SUM($F$2:F5) -> 0.01037452 | H5: =G5/$U$2 -> 0.000259363 | I5: =SUM($H$2:H5) -> 0.00051872601 | J5: 10 | L5: 宝箱1 | P5: 2 | R5: 780
A6: 1 | B6: 5 | C6: 50 | D6: 1000 | E6: 1000 | F6: =C6/tycoonSlots!$E$18 -> 0.0051872601 | G6: =SUM($F$2:F6) -> 0.01556178 | H6: =G6/$U$2 -> 0.00038904451 | I6: =SUM($H$2:H6) -> 0.00090777052
A7: 1 | B7: 6 | C7: 60 | D7: 1000 | E7: 1000 | F7: =C7/tycoonSlots!$E$18 -> 0.0062247121 | G7: =SUM($F$2:F7) -> 0.021786492 | H7: =G7/$U$2 -> 0.00054466231 | I7: =SUM($H$2:H7) -> 0.0014524328 | R7: 1000
A8: 1 | B8: 7 | C8: 70 | D8: 1000 | E8: 1000 | F8: =C8/tycoonSlots!$E$18 -> 0.0072621641 | G8: =SUM($F$2:F8) -> 0.029048656 | H8: =G8/$U$2 -> 0.00072621641 | I8: =SUM($H$2:H8) -> 0.0021786492 | P8: 3 | R8: 890
A9: 1 | B9: 8 | C9: 80 | D9: 1000 | E9: 1000 | F9: =C9/tycoonSlots!$E$18 -> 0.0082996161 | G9: =SUM($F$2:F9) -> 0.037348273 | H9: =G9/$U$2 -> 0.00093370682 | I9: =SUM($H$2:H9) -> 0.0031123561 | J9: 30 | L9: 宝箱2
A10: 1 | B10: 9 | C10: 90 | D10: 1000 | E10: 1000 | F10: =C10/tycoonSlots!$E$18 -> 0.0093370682 | G10: =SUM($F$2:F10) -> 0.046685341 | H10: =G10/$U$2 -> 0.0011671335 | I10: =SUM($H$2:H10) -> 0.0042794896 | R10: 1000
A11: 1 | B11: 10 | C11: 100 | D11: 1000 | E11: 1000 | F11: =C11/tycoonSlots!$E$18 -> 0.01037452 | G11: =SUM($F$2:F11) -> 0.057059861 | H11: =G11/$U$2 -> 0.0014264965 | I11: =SUM($H$2:H11) -> 0.0057059861 | J11: 40
A12: 1 | B12: 11 | C12: 110 | D12: 1000 | E12: 1000 | F12: =C12/tycoonSlots!$E$18 -> 0.011411972 | G12: =SUM($F$2:F12) -> 0.068471833 | H12: =G12/$U$2 -> 0.0017117958 | I12: =SUM($H$2:H12) -> 0.0074177819
A13: 1 | B13: 12 | C13: 120 | D13: 1000 | E13: 1000 | F13: =C13/tycoonSlots!$E$18 -> 0.012449424 | G13: =SUM($F$2:F13) -> 0.080921257 | H13: =G13/$U$2 -> 0.0020230314 | I13: =SUM($H$2:H13) -> 0.0094408134 | J13: 50 | P13: =ROUND(57000/4.99,0) -> 11423 | Q13: =ROUND(3700/99.99,0) -> 37
A14: 1 | B14: 13 | C14: 130 | D14: 1000 | E14: 1000 | F14: =C14/tycoonSlots!$E$18 -> 0.013486876 | G14: =SUM($F$2:F14) -> 0.094408134 | H14: =G14/$U$2 -> 0.0023602033 | I14: =SUM($H$2:H14) -> 0.011801017
A15: 1 | B15: 14 | C15: 140 | D15: 1000 | E15: 1000 | F15: =C15/tycoonSlots!$E$18 -> 0.014524328 | G15: =SUM($F$2:F15) -> 0.10893246 | H15: =G15/$U$2 -> 0.0027233115 | I15: =SUM($H$2:H15) -> 0.014524328 | J15: 50
A16: 1 | B16: 15 | C16: 150 | D16: 1000 | E16: 1000 | F16: =C16/tycoonSlots!$E$18 -> 0.01556178 | G16: =SUM($F$2:F16) -> 0.12449424 | H16: =G16/$U$2 -> 0.0031123561 | I16: =SUM($H$2:H16) -> 0.017636684
A17: 1 | B17: 16 | C17: 160 | D17: 1000 | E17: 1000 | F17: =C17/tycoonSlots!$E$18 -> 0.016599232 | G17: =SUM($F$2:F17) -> 0.14109347 | H17: =G17/$U$2 -> 0.0035273369 | I17: =SUM($H$2:H17) -> 0.021164021
A18: 1 | B18: 17 | C18: 170 | D18: 1000 | E18: 1000 | F18: =C18/tycoonSlots!$E$18 -> 0.017636684 | G18: =SUM($F$2:F18) -> 0.15873016 | H18: =G18/$U$2 -> 0.003968254 | I18: =SUM($H$2:H18) -> 0.025132275 | J18: 50
A19: 1 | B19: 18 | C19: 180 | D19: 1000 | E19: 1000 | F19: =C19/tycoonSlots!$E$18 -> 0.018674136 | G19: =SUM($F$2:F19) -> 0.1774043 | H19: =G19/$U$2 -> 0.0044351074 | I19: =SUM($H$2:H19) -> 0.029567383
A20: 1 | B20: 19 | C20: 190 | D20: 1000 | E20: 1000 | F20: =C20/tycoonSlots!$E$18 -> 0.019711588 | G20: =SUM($F$2:F20) -> 0.19711588 | H20: =G20/$U$2 -> 0.0049278971 | I20: =SUM($H$2:H20) -> 0.03449528 | J20: 50
A21: 1 | B21: 20 | C21: 200 | D21: 1000 | E21: 1000 | F21: =C21/tycoonSlots!$E$18 -> 0.02074904 | G21: =SUM($F$2:F21) -> 0.21786492 | H21: =G21/$U$2 -> 0.0054466231 | I21: =SUM($H$2:H21) -> 0.039941903
A22: 1 | B22: 21 | C22: 210 | D22: 1000 | E22: 1000 | F22: =C22/tycoonSlots!$E$18 -> 0.021786492 | G22: =SUM($F$2:F22) -> 0.23965142 | H22: =G22/$U$2 -> 0.0059912854 | I22: =SUM($H$2:H22) -> 0.045933188
A23: 1 | B23: 22 | C23: 220 | D23: 1000 | E23: 1000 | F23: =C23/tycoonSlots!$E$18 -> 0.022823944 | G23: =SUM($F$2:F23) -> 0.26247536 | H23: =G23/$U$2 -> 0.006561884 | I23: =SUM($H$2:H23) -> 0.052495072 | J23: 50
A24: 1 | B24: 23 | C24: 230 | D24: 1000 | E24: 1000 | F24: =C24/tycoonSlots!$E$18 -> 0.023861396 | G24: =SUM($F$2:F24) -> 0.28633676 | H24: =G24/$U$2 -> 0.0071584189 | I24: =SUM($H$2:H24) -> 0.059653491
A25: 1 | B25: 24 | C25: 240 | D25: 1000 | E25: 1000 | F25: =C25/tycoonSlots!$E$18 -> 0.024898848 | G25: =SUM($F$2:F25) -> 0.31123561 | H25: =G25/$U$2 -> 0.0077808901 | I25: =SUM($H$2:H25) -> 0.067434381
A26: 1 | B26: 25 | C26: 240 | D26: 1000 | E26: 1000 | F26: =C26/tycoonSlots!$E$18 -> 0.024898848 | G26: =SUM($F$2:F26) -> 0.33613445 | H26: =G26/$U$2 -> 0.0084033613 | I26: =SUM($H$2:H26) -> 0.075837743 | J26: 50
A27: 1 | B27: 26 | C27: 250 | D27: 1000 | E27: 1000 | F27: =C27/tycoonSlots!$E$18 -> 0.0259363 | G27: =SUM($F$2:F27) -> 0.36207075 | H27: =G27/$U$2 -> 0.0090517689 | I27: =SUM($H$2:H27) -> 0.084889511 | J27: 50 | M27: 20000 | N27: 20
A28: 2 | B28: 27 | C28: 40 | D28: 1000 | E28: 1000 | F28: =C28/tycoonSlots!$E$18 -> 0.0041498081 | G28: =SUM($F$2:F28) -> 0.36622056 | H28: =G28/$U$2 -> 0.0091555141 | I28: =SUM($H$2:H28) -> 0.094045025 | J28: 10
A29: 2 | B29: 28 | C29: 40 | D29: 1000 | E29: 1000 | F29: =C29/tycoonSlots!$E$18 -> 0.0041498081 | G29: =SUM($F$2:F29) -> 0.37037037 | H29: =G29/$U$2 -> 0.0092592593 | I29: =SUM($H$2:H29) -> 0.10330428
A30: 2 | B30: 29 | C30: 80 | D30: 1000 | E30: 1000 | F30: =C30/tycoonSlots!$E$18 -> 0.0082996161 | G30: =SUM($F$2:F30) -> 0.37866999 | H30: =G30/$U$2 -> 0.0094667497 | I30: =SUM($H$2:H30) -> 0.11277103 | J30: 10
A31: 2 | B31: 30 | C31: 80 | D31: 1000 | E31: 1000 | F31: =C31/tycoonSlots!$E$18 -> 0.0082996161 | G31: =SUM($F$2:F31) -> 0.3869696 | H31: =G31/$U$2 -> 0.0096742401 | I31: =SUM($H$2:H31) -> 0.12244527
A32: 2 | B32: 31 | C32: 120 | D32: 1000 | E32: 1000 | F32: =C32/tycoonSlots!$E$18 -> 0.012449424 | G32: =SUM($F$2:F32) -> 0.39941903 | H32: =G32/$U$2 -> 0.0099854757 | I32: =SUM($H$2:H32) -> 0.13243075 | J32: 20 | K32: 1
A33: 2 | B33: 32 | C33: 200 | D33: 1000 | E33: 1000 | F33: =C33/tycoonSlots!$E$18 -> 0.02074904 | G33: =SUM($F$2:F33) -> 0.42016807 | H33: =G33/$U$2 -> 0.010504202 | I33: =SUM($H$2:H33) -> 0.14293495
A34: 2 | B34: 33 | C34: 600 | D34: 1000 | E34: 1000 | F34: =C34/tycoonSlots!$E$18 -> 0.062247121 | G34: =SUM($F$2:F34) -> 0.48241519 | H34: =G34/$U$2 -> 0.01206038 | I34: =SUM($H$2:H34) -> 0.15499533 | J34: 50
A35: 2 | B35: 34 | C35: 1000 | D35: 1000 | E35: 1000 | F35: =C35/tycoonSlots!$E$18 -> 0.1037452 | G35: =SUM($F$2:F35) -> 0.58616039 | H35: =G35/$U$2 -> 0.01465401 | I35: =SUM($H$2:H35) -> 0.16964934
A36: 2 | B36: 35 | C36: 1400 | D36: 1000 | E36: 1000 | F36: =C36/tycoonSlots!$E$18 -> 0.14524328 | G36: =SUM($F$2:F36) -> 0.73140367 | H36: =G36/$U$2 -> 0.018285092 | I36: =SUM($H$2:H36) -> 0.18793443 | K36: 1
A37: 2 | B37: 36 | C37: 2000 | D37: 1000 | E37: 1000 | F37: =C37/tycoonSlots!$E$18 -> 0.2074904 | G37: =SUM($F$2:F37) -> 0.93889408 | H37: =G37/$U$2 -> 0.023472352 | I37: =SUM($H$2:H37) -> 0.21140678 | J37: 100
A38: 2 | B38: 37 | C38: 2600 | D38: 1000 | E38: 1000 | F38: =C38/tycoonSlots!$E$18 -> 0.26973752 | G38: =SUM($F$2:F38) -> 1.2086316 | H38: =G38/$U$2 -> 0.03021579 | I38: =SUM($H$2:H38) -> 0.24162257
A39: 2 | B39: 38 | C39: 3200 | D39: 1000 | E39: 1000 | F39: =C39/tycoonSlots!$E$18 -> 0.33198465 | G39: =SUM($F$2:F39) -> 1.5406162 | H39: =G39/$U$2 -> 0.038515406 | I39: =SUM($H$2:H39) -> 0.28013798
A40: 2 | B40: 39 | C40: 3800 | D40: 1000 | E40: 1000 | F40: =C40/tycoonSlots!$E$18 -> 0.39423177 | G40: =SUM($F$2:F40) -> 1.934848 | H40: =G40/$U$2 -> 0.0483712 | I40: =SUM($H$2:H40) -> 0.32850918
A41: 2 | B41: 40 | C41: 4400 | D41: 1000 | E41: 1000 | F41: =C41/tycoonSlots!$E$18 -> 0.45647889 | G41: =SUM($F$2:F41) -> 2.3913269 | H41: =G41/$U$2 -> 0.059783173 | I41: =SUM($H$2:H41) -> 0.38829235 | J41: 100
A42: 2 | B42: 41 | C42: 5200 | D42: 1000 | E42: 1000 | F42: =C42/tycoonSlots!$E$18 -> 0.53947505 | G42: =SUM($F$2:F42) -> 2.930802 | H42: =G42/$U$2 -> 0.073270049 | I42: =SUM($H$2:H42) -> 0.4615624
A43: 2 | B43: 42 | C43: 6000 | D43: 1000 | E43: 1000 | F43: =C43/tycoonSlots!$E$18 -> 0.62247121 | G43: =SUM($F$2:F43) -> 3.5532732 | H43: =G43/$U$2 -> 0.088831829 | I43: =SUM($H$2:H43) -> 0.55039423
A44: 2 | B44: 43 | C44: 6800 | D44: 1000 | E44: 1000 | F44: =C44/tycoonSlots!$E$18 -> 0.70546737 | G44: =SUM($F$2:F44) -> 4.2587405 | H44: =G44/$U$2 -> 0.10646851 | I44: =SUM($H$2:H44) -> 0.65686275 | J44: 100
A45: 2 | B45: 44 | C45: 7600 | D45: 1000 | E45: 1000 | F45: =C45/tycoonSlots!$E$18 -> 0.78846353 | G45: =SUM($F$2:F45) -> 5.0472041 | H45: =G45/$U$2 -> 0.1261801 | I45: =SUM($H$2:H45) -> 0.78304285 | K45: 2
A46: 2 | B46: 45 | C46: 8400 | D46: 1000 | E46: 1000 | F46: =C46/tycoonSlots!$E$18 -> 0.87145969 | G46: =SUM($F$2:F46) -> 5.9186638 | H46: =G46/$U$2 -> 0.14796659 | I46: =SUM($H$2:H46) -> 0.93100944
A47: 2 | B47: 46 | C47: 9400 | D47: 1000 | E47: 1000 | F47: =C47/tycoonSlots!$E$18 -> 0.9752049 | G47: =SUM($F$2:F47) -> 6.8938687 | H47: =G47/$U$2 -> 0.17234672 | I47: =SUM($H$2:H47) -> 1.1033562 | J47: 100 | K47: 1
A48: 2 | B48: 47 | C48: 10400 | D48: 1000 | E48: 1000 | F48: =C48/tycoonSlots!$E$18 -> 1.0789501 | G48: =SUM($F$2:F48) -> 7.9728188 | H48: =G48/$U$2 -> 0.19932047 | I48: =SUM($H$2:H48) -> 1.3026766
A49: 2 | B49: 48 | C49: 11400 | D49: 1000 | E49: 1000 | F49: =C49/tycoonSlots!$E$18 -> 1.1826953 | G49: =SUM($F$2:F49) -> 9.1555141 | H49: =G49/$U$2 -> 0.22888785 | I49: =SUM($H$2:H49) -> 1.5315645
A50: 2 | B50: 49 | C50: 12400 | D50: 1000 | E50: 1000 | F50: =C50/tycoonSlots!$E$18 -> 1.2864405 | G50: =SUM($F$2:F50) -> 10.441955 | H50: =G50/$U$2 -> 0.26104886 | I50: =SUM($H$2:H50) -> 1.7926133 | J50: 200
A51: 2 | B51: 50 | C51: 13400 | D51: 1000 | E51: 1000 | F51: =C51/tycoonSlots!$E$18 -> 1.3901857 | G51: =SUM($F$2:F51) -> 11.83214 | H51: =G51/$U$2 -> 0.29580351 | I51: =SUM($H$2:H51) -> 2.0884168
A52: 2 | B52: 51 | C52: 14600 | D52: 1000 | E52: 1000 | F52: =C52/tycoonSlots!$E$18 -> 1.5146799 | G52: =SUM($F$2:F52) -> 13.34682 | H52: =G52/$U$2 -> 0.33367051 | I52: =SUM($H$2:H52) -> 2.4220874 | K52: 1
A53: 2 | B53: 52 | C53: 15800 | D53: 1000 | E53: 1000 | F53: =C53/tycoonSlots!$E$18 -> 1.6391742 | G53: =SUM($F$2:F53) -> 14.985994 | H53: =G53/$U$2 -> 0.37464986 | I53: =SUM($H$2:H53) -> 2.7967372 | J53: 200
A54: 2 | B54: 53 | C54: 17000 | D54: 1000 | E54: 1000 | F54: =C54/tycoonSlots!$E$18 -> 1.7636684 | G54: =SUM($F$2:F54) -> 16.749663 | H54: =G54/$U$2 -> 0.41874157 | I54: =SUM($H$2:H54) -> 3.2154788
A55: 2 | B55: 54 | C55: 18200 | D55: 1000 | E55: 1000 | F55: =C55/tycoonSlots!$E$18 -> 1.8881627 | G55: =SUM($F$2:F55) -> 18.637826 | H55: =G55/$U$2 -> 0.46594564 | I55: =SUM($H$2:H55) -> 3.6814244 | K55: 1
A56: 2 | B56: 55 | C56: 19400 | D56: 1000 | E56: 1000 | F56: =C56/tycoonSlots!$E$18 -> 2.0126569 | G56: =SUM($F$2:F56) -> 20.650482 | H56: =G56/$U$2 -> 0.51626206 | I56: =SUM($H$2:H56) -> 4.1976865 | J56: 500
A57: 2 | B57: 56 | C57: 20800 | D57: 1000 | E57: 1000 | F57: =C57/tycoonSlots!$E$18 -> 2.1579002 | G57: =SUM($F$2:F57) -> 22.808383 | H57: =G57/$U$2 -> 0.57020957 | I57: =SUM($H$2:H57) -> 4.767896
A58: 2 | B58: 57 | C58: 22200 | D58: 1000 | E58: 1000 | F58: =C58/tycoonSlots!$E$18 -> 2.3031435 | G58: =SUM($F$2:F58) -> 25.111526 | H58: =G58/$U$2 -> 0.62778815 | I58: =SUM($H$2:H58) -> 5.3956842 | K58: 1
A59: 2 | B59: 58 | C59: 27200 | D59: 1000 | E59: 1000 | F59: =C59/tycoonSlots!$E$18 -> 2.8218695 | G59: =SUM($F$2:F59) -> 27.933396 | H59: =G59/$U$2 -> 0.69833489 | I59: =SUM($H$2:H59) -> 6.0940191 | J59: 500
A60: 2 | B60: 59 | C60: 32200 | D60: 1000 | E60: 1000 | F60: =C60/tycoonSlots!$E$18 -> 3.3405955 | G60: =SUM($F$2:F60) -> 31.273991 | H60: =G60/$U$2 -> 0.78184978 | I60: =SUM($H$2:H60) -> 6.8758689 | K60: 1
A61: 2 | B61: 60 | C61: 37200 | D61: 1000 | E61: 1000 | F61: =C61/tycoonSlots!$E$18 -> 3.8593215 | G61: =SUM($F$2:F61) -> 35.133313 | H61: =G61/$U$2 -> 0.87833281 | I61: =SUM($H$2:H61) -> 7.7542017 | J61: 500
A62: 2 | B62: 61 | C62: 43000 | D62: 1000 | E62: 1000 | F62: =C62/tycoonSlots!$E$18 -> 4.4610437 | G62: =SUM($F$2:F62) -> 39.594356 | H62: =G62/$U$2 -> 0.98985891 | I62: =SUM($H$2:H62) -> 8.7440606
A63: 2 | B63: 62 | C63: 48800 | D63: 1000 | E63: 1000 | F63: =C63/tycoonSlots!$E$18 -> 5.0627658 | G63: =SUM($F$2:F63) -> 44.657122 | H63: =G63/$U$2 -> 1.1164281 | I63: =SUM($H$2:H63) -> 9.8604886 | J63: 500 | K63: 1
A64: 2 | B64: 63 | C64: 54600 | D64: 1000 | E64: 1000 | F64: =C64/tycoonSlots!$E$18 -> 5.664488 | G64: =SUM($F$2:F64) -> 50.32161 | H64: =G64/$U$2 -> 1.2580403 | I64: =SUM($H$2:H64) -> 11.118529
A65: 2 | B65: 64 | C65: 60400 | D65: 1000 | E65: 1000 | F65: =C65/tycoonSlots!$E$18 -> 6.2662102 | G65: =SUM($F$2:F65) -> 56.58782 | H65: =G65/$U$2 -> 1.4146955 | I65: =SUM($H$2:H65) -> 12.533224 | J65: 500
A66: 2 | B66: 65 | C66: 66200 | D66: 1000 | E66: 1000 | F66: =C66/tycoonSlots!$E$18 -> 6.8679324 | G66: =SUM($F$2:F66) -> 63.455753 | H66: =G66/$U$2 -> 1.5863938 | I66: =SUM($H$2:H66) -> 14.119618 | K66: 1
A67: 2 | B67: 66 | C67: 72800 | D67: 1000 | E67: 1000 | F67: =C67/tycoonSlots!$E$18 -> 7.5526507 | G67: =SUM($F$2:F67) -> 71.008403 | H67: =G67/$U$2 -> 1.7752101 | I67: =SUM($H$2:H67) -> 15.894828
A68: 2 | B68: 67 | C68: 79400 | D68: 1000 | E68: 1000 | F68: =C68/tycoonSlots!$E$18 -> 8.237369 | G68: =SUM($F$2:F68) -> 79.245772 | H68: =G68/$U$2 -> 1.9811443 | I68: =SUM($H$2:H68) -> 17.875973 | J68: 500
A69: 2 | B69: 68 | C69: 86000 | D69: 1000 | E69: 1000 | F69: =C69/tycoonSlots!$E$18 -> 8.9220874 | G69: =SUM($F$2:F69) -> 88.16786 | H69: =G69/$U$2 -> 2.2041965 | I69: =SUM($H$2:H69) -> 20.080169
A70: 2 | B70: 69 | C70: 92600 | D70: 1000 | E70: 1000 | F70: =C70/tycoonSlots!$E$18 -> 9.6068057 | G70: =SUM($F$2:F70) -> 97.774665 | H70: =G70/$U$2 -> 2.4443666 | I70: =SUM($H$2:H70) -> 22.524536 | J70: 500
A71: 2 | B71: 70 | C71: 99200 | D71: 1000 | E71: 1000 | F71: =C71/tycoonSlots!$E$18 -> 10.291524 | G71: =SUM($F$2:F71) -> 108.06619 | H71: =G71/$U$2 -> 2.7016547 | I71: =SUM($H$2:H71) -> 25.22619 | K71: 1
A72: 2 | B72: 71 | C72: 106600 | D72: 1000 | E72: 1000 | F72: =C72/tycoonSlots!$E$18 -> 11.059239 | G72: =SUM($F$2:F72) -> 119.12543 | H72: =G72/$U$2 -> 2.9781357 | I72: =SUM($H$2:H72) -> 28.204326 | J72: 500
A73: 2 | B73: 72 | C73: 114000 | D73: 1000 | E73: 1000 | F73: =C73/tycoonSlots!$E$18 -> 11.826953 | G73: =SUM($F$2:F73) -> 130.95238 | H73: =G73/$U$2 -> 3.2738095 | I73: =SUM($H$2:H73) -> 31.478136
A74: 2 | B74: 73 | C74: 121400 | D74: 1000 | E74: 1000 | F74: =C74/tycoonSlots!$E$18 -> 12.594667 | G74: =SUM($F$2:F74) -> 143.54705 | H74: =G74/$U$2 -> 3.5886762 | I74: =SUM($H$2:H74) -> 35.066812
A75: 2 | B75: 74 | C75: 128800 | D75: 1000 | E75: 1000 | F75: =C75/tycoonSlots!$E$18 -> 13.362382 | G75: =SUM($F$2:F75) -> 156.90943 | H75: =G75/$U$2 -> 3.9227358 | I75: =SUM($H$2:H75) -> 38.989548 | J75: 500 | K75: 1
A76: 2 | B76: 75 | C76: 136200 | D76: 1000 | E76: 1000 | F76: =C76/tycoonSlots!$E$18 -> 14.130096 | G76: =SUM($F$2:F76) -> 171.03953 | H76: =G76/$U$2 -> 4.2759882 | I76: =SUM($H$2:H76) -> 43.265536
A77: 2 | B77: 76 | C77: 144400 | D77: 1000 | E77: 1000 | F77: =C77/tycoonSlots!$E$18 -> 14.980807 | G77: =SUM($F$2:F77) -> 186.02033 | H77: =G77/$U$2 -> 4.6505084 | I77: =SUM($H$2:H77) -> 47.916044 | J77: 500 | K77: 1
A78: 2 | B78: 77 | C78: 152600 | D78: 1000 | E78: 1000 | F78: =C78/tycoonSlots!$E$18 -> 15.831518 | G78: =SUM($F$2:F78) -> 201.85185 | H78: =G78/$U$2 -> 5.0462963 | I78: =SUM($H$2:H78) -> 52.96234
A79: 2 | B79: 78 | C79: 192800 | D79: 1000 | E79: 1000 | F79: =C79/tycoonSlots!$E$18 -> 20.002075 | G79: =SUM($F$2:F79) -> 221.85393 | H79: =G79/$U$2 -> 5.5463482 | I79: =SUM($H$2:H79) -> 58.508689
A80: 2 | B80: 79 | C80: 233000 | D80: 1000 | E80: 1000 | F80: =C80/tycoonSlots!$E$18 -> 24.172632 | G80: =SUM($F$2:F80) -> 246.02656 | H80: =G80/$U$2 -> 6.150664 | I80: =SUM($H$2:H80) -> 64.659353
A81: 2 | B81: 80 | C81: 273200 | D81: 1000 | E81: 1000 | F81: =C81/tycoonSlots!$E$18 -> 28.343189 | G81: =SUM($F$2:F81) -> 274.36975 | H81: =G81/$U$2 -> 6.8592437 | I81: =SUM($H$2:H81) -> 71.518596
A82: 2 | B82: 81 | C82: 317400 | D82: 1000 | E82: 1000 | F82: =C82/tycoonSlots!$E$18 -> 32.928727 | G82: =SUM($F$2:F82) -> 307.29847 | H82: =G82/$U$2 -> 7.6824619 | I82: =SUM($H$2:H82) -> 79.201058
A83: 2 | B83: 82 | C83: 361600 | D83: 1000 | E83: 1000 | F83: =C83/tycoonSlots!$E$18 -> 37.514265 | G83: =SUM($F$2:F83) -> 344.81274 | H83: =G83/$U$2 -> 8.6203185 | I83: =SUM($H$2:H83) -> 87.821377
A84: 2 | B84: 83 | C84: 405800 | D84: 1000 | E84: 1000 | F84: =C84/tycoonSlots!$E$18 -> 42.099803 | G84: =SUM($F$2:F84) -> 386.91254 | H84: =G84/$U$2 -> 9.6728136 | I84: =SUM($H$2:H84) -> 97.49419
A85: 3 | B85: 84 | C85: 275 | D85: 1000 | E85: 1000 | F85: =C85/tycoonSlots!$E$18 -> 0.02852993 | G85: =SUM($F$2:F85) -> 386.94107 | H85: =G85/$U$2 -> 9.6735268 | I85: =SUM($H$2:H85) -> 107.16772 | M85: 200000 | N85: 200
A86: 3 | B86: 85 | C86: 275 | D86: 1000 | E86: 1000 | F86: =C86/tycoonSlots!$E$18 -> 0.02852993 | G86: =SUM($F$2:F86) -> 386.9696 | H86: =G86/$U$2 -> 9.6742401 | I86: =SUM($H$2:H86) -> 116.84196
A87: 3 | B87: 86 | C87: 550 | D87: 1000 | E87: 1000 | F87: =C87/tycoonSlots!$E$18 -> 0.057059861 | G87: =SUM($F$2:F87) -> 387.02666 | H87: =G87/$U$2 -> 9.6756666 | I87: =SUM($H$2:H87) -> 126.51762
A88: 3 | B88: 87 | C88: 550 | D88: 1000 | E88: 1000 | F88: =C88/tycoonSlots!$E$18 -> 0.057059861 | G88: =SUM($F$2:F88) -> 387.08372 | H88: =G88/$U$2 -> 9.6770931 | I88: =SUM($H$2:H88) -> 136.19472
A89: 3 | B89: 88 | C89: 825 | D89: 1000 | E89: 1000 | F89: =C89/tycoonSlots!$E$18 -> 0.085589791 | G89: =SUM($F$2:F89) -> 387.16931 | H89: =G89/$U$2 -> 9.6792328 | I89: =SUM($H$2:H89) -> 145.87395
A90: 3 | B90: 89 | C90: 1375 | D90: 1000 | E90: 1000 | F90: =C90/tycoonSlots!$E$18 -> 0.14264965 | G90: =SUM($F$2:F90) -> 387.31196 | H90: =G90/$U$2 -> 9.682799 | I90: =SUM($H$2:H90) -> 155.55675
A91: 3 | B91: 90 | C91: 4125 | D91: 1000 | E91: 1000 | F91: =C91/tycoonSlots!$E$18 -> 0.42794896 | G91: =SUM($F$2:F91) -> 387.73991 | H91: =G91/$U$2 -> 9.6934978 | I91: =SUM($H$2:H91) -> 165.25025
A92: 3 | B92: 91 | C92: 6875 | D92: 1000 | E92: 1000 | F92: =C92/tycoonSlots!$E$18 -> 0.71324826 | G92: =SUM($F$2:F92) -> 388.45316 | H92: =G92/$U$2 -> 9.711329 | I92: =SUM($H$2:H92) -> 174.96158 | J92: 360
A93: 3 | B93: 92 | C93: 9625 | D93: 1000 | E93: 1000 | F93: =C93/tycoonSlots!$E$18 -> 0.99854757 | G93: =SUM($F$2:F93) -> 389.45171 | H93: =G93/$U$2 -> 9.7362927 | I93: =SUM($H$2:H93) -> 184.69787
A94: 3 | B94: 93 | C94: 13750 | D94: 1000 | E94: 1000 | F94: =C94/tycoonSlots!$E$18 -> 1.4264965 | G94: =SUM($F$2:F94) -> 390.8782 | H94: =G94/$U$2 -> 9.7719551 | I94: =SUM($H$2:H94) -> 194.46982
A95: 3 | B95: 94 | C95: 17875 | D95: 1000 | E95: 1000 | F95: =C95/tycoonSlots!$E$18 -> 1.8544455 | G95: =SUM($F$2:F95) -> 392.73265 | H95: =G95/$U$2 -> 9.8183162 | I95: =SUM($H$2:H95) -> 204.28814
A96: 3 | B96: 95 | C96: 22000 | D96: 1000 | E96: 1000 | F96: =C96/tycoonSlots!$E$18 -> 2.2823944 | G96: =SUM($F$2:F96) -> 395.01504 | H96: =G96/$U$2 -> 9.8753761 | I96: =SUM($H$2:H96) -> 214.16352
A97: 3 | B97: 96 | C97: 26125 | D97: 1000 | E97: 1000 | F97: =C97/tycoonSlots!$E$18 -> 2.7103434 | G97: =SUM($F$2:F97) -> 397.72539 | H97: =G97/$U$2 -> 9.9431347 | I97: =SUM($H$2:H97) -> 224.10665 | J97: 2400
A98: 3 | B98: 97 | C98: 30250 | D98: 1000 | E98: 1000 | F98: =C98/tycoonSlots!$E$18 -> 3.1382924 | G98: =SUM($F$2:F98) -> 400.86368 | H98: =G98/$U$2 -> 10.021592 | I98: =SUM($H$2:H98) -> 234.12824
A99: 3 | B99: 98 | C99: 35750 | D99: 1000 | E99: 1000 | F99: =C99/tycoonSlots!$E$18 -> 3.708891 | G99: =SUM($F$2:F99) -> 404.57257 | H99: =G99/$U$2 -> 10.114314 | I99: =SUM($H$2:H99) -> 244.24256
A100: 3 | B100: 99 | C100: 41250 | D100: 1000 | E100: 1000 | F100: =C100/tycoonSlots!$E$18 -> 4.2794896 | G100: =SUM($F$2:F100) -> 408.85206 | H100: =G100/$U$2 -> 10.221301 | I100: =SUM($H$2:H100) -> 254.46386
...

Sheet 翻地块备份
A1: 章节 | B1: 地块 | C1: 消耗建设币 | D1: 奖励金币 | E1: 奖励钞票 | F1: 消耗能量（spin） | G1: 累计消耗（spin） | H1: 花费美金 | I1: 累计花费美金 | J1: 奖励金币 | K1: 奖励能量 | L1: 其他 | M1: 升级奖励金币 | N1: 升级奖励能量 | P1: 宝箱 | Q1: 奖励钞票 | R1: 奖励金币 | T1: 单位金币/美金 | U1: 单位能量/美金
A2: 1 | B2: 1 | C2: 10 | D2: 1000 | E2: 1000 | F2: =C2/tycoonSlots!$E$18 -> 0.001037452 | G2: =SUM($F$2:F2) -> 0.001037452 | H2: =G2/$U$2 -> 2.59363e-05 | I2: =SUM($H$2:H2) -> 2.59363e-05 | P2: 1 | R2: 1600 | T2: 10000 | U2: 40
A3: 1 | B3: 2 | C3: 20 | D3: 1000 | E3: 1000 | F3: =C3/tycoonSlots!$E$18 -> 0.002074904 | G3: =SUM($F$2:F3) -> 0.0031123561 | H3: =G3/$U$2 -> 7.7808901e-05 | I3: =SUM($H$2:H3) -> 0.0001037452
A4: 1 | B4: 3 | C4: 30 | D4: 1000 | E4: 1000 | F4: =C4/tycoonSlots!$E$18 -> 0.0031123561 | G4: =SUM($F$2:F4) -> 0.0062247121 | H4: =G4/$U$2 -> 0.0001556178 | I4: =SUM($H$2:H4) -> 0.000259363 | R4: 2000
A5: 1 | B5: 4 | C5: 40 | D5: 1000 | E5: 1000 | F5: =C5/tycoonSlots!$E$18 -> 0.0041498081 | G5: =SUM($F$2:F5) -> 0.01037452 | H5: =G5/$U$2 -> 0.000259363 | I5: =SUM($H$2:H5) -> 0.00051872601 | J5: 10 | L5: 宝箱1 | P5: 2 | R5: 780
A6: 1 | B6: 5 | C6: 50 | D6: 1000 | E6: 1000 | F6: =C6/tycoonSlots!$E$18 -> 0.0051872601 | G6: =SUM($F$2:F6) -> 0.01556178 | H6: =G6/$U$2 -> 0.00038904451 | I6: =SUM($H$2:H6) -> 0.00090777052
A7: 1 | B7: 6 | C7: 60 | D7: 1000 | E7: 1000 | F7: =C7/tycoonSlots!$E$18 -> 0.0062247121 | G7: =SUM($F$2:F7) -> 0.021786492 | H7: =G7/$U$2 -> 0.00054466231 | I7: =SUM($H$2:H7) -> 0.0014524328 | R7: 1000
A8: 1 | B8: 7 | C8: 70 | D8: 1000 | E8: 1000 | F8: =C8/tycoonSlots!$E$18 -> 0.0072621641 | G8: =SUM($F$2:F8) -> 0.029048656 | H8: =G8/$U$2 -> 0.00072621641 | I8: =SUM($H$2:H8) -> 0.0021786492 | P8: 3 | R8: 890
A9: 1 | B9: 8 | C9: 80 | D9: 1000 | E9: 1000 | F9: =C9/tycoonSlots!$E$18 -> 0.0082996161 | G9: =SUM($F$2:F9) -> 0.037348273 | H9: =G9/$U$2 -> 0.00093370682 | I9: =SUM($H$2:H9) -> 0.0031123561 | J9: 30 | L9: 宝箱2
A10: 1 | B10: 9 | C10: 90 | D10: 1000 | E10: 1000 | F10: =C10/tycoonSlots!$E$18 -> 0.0093370682 | G10: =SUM($F$2:F10) -> 0.046685341 | H10: =G10/$U$2 -> 0.0011671335 | I10: =SUM($H$2:H10) -> 0.0042794896 | R10: 1000
A11: 1 | B11: 10 | C11: 100 | D11: 1000 | E11: 1000 | F11: =C11/tycoonSlots!$E$18 -> 0.01037452 | G11: =SUM($F$2:F11) -> 0.057059861 | H11: =G11/$U$2 -> 0.0014264965 | I11: =SUM($H$2:H11) -> 0.0057059861 | J11: 40
A12: 1 | B12: 11 | C12: 110 | D12: 1000 | E12: 1000 | F12: =C12/tycoonSlots!$E$18 -> 0.011411972 | G12: =SUM($F$2:F12) -> 0.068471833 | H12: =G12/$U$2 -> 0.0017117958 | I12: =SUM($H$2:H12) -> 0.0074177819
A13: 1 | B13: 12 | C13: 120 | D13: 1000 | E13: 1000 | F13: =C13/tycoonSlots!$E$18 -> 0.012449424 | G13: =SUM($F$2:F13) -> 0.080921257 | H13: =G13/$U$2 -> 0.0020230314 | I13: =SUM($H$2:H13) -> 0.0094408134 | J13: 50 | P13: =ROUND(57000/4.99,0) -> 11423 | Q13: =ROUND(3700/99.99,0) -> 37
A14: 1 | B14: 13 | C14: 130 | D14: 1000 | E14: 1000 | F14: =C14/tycoonSlots!$E$18 -> 0.013486876 | G14: =SUM($F$2:F14) -> 0.094408134 | H14: =G14/$U$2 -> 0.0023602033 | I14: =SUM($H$2:H14) -> 0.011801017
A15: 1 | B15: 14 | C15: 140 | D15: 1000 | E15: 1000 | F15: =C15/tycoonSlots!$E$18 -> 0.014524328 | G15: =SUM($F$2:F15) -> 0.10893246 | H15: =G15/$U$2 -> 0.0027233115 | I15: =SUM($H$2:H15) -> 0.014524328 | J15: 50
A16: 1 | B16: 15 | C16: 150 | D16: 1000 | E16: 1000 | F16: =C16/tycoonSlots!$E$18 -> 0.01556178 | G16: =SUM($F$2:F16) -> 0.12449424 | H16: =G16/$U$2 -> 0.0031123561 | I16: =SUM($H$2:H16) -> 0.017636684
A17: 1 | B17: 16 | C17: 160 | D17: 1000 | E17: 1000 | F17: =C17/tycoonSlots!$E$18 -> 0.016599232 | G17: =SUM($F$2:F17) -> 0.14109347 | H17: =G17/$U$2 -> 0.0035273369 | I17: =SUM($H$2:H17) -> 0.021164021
A18: 1 | B18: 17 | C18: 170 | D18: 1000 | E18: 1000 | F18: =C18/tycoonSlots!$E$18 -> 0.017636684 | G18: =SUM($F$2:F18) -> 0.15873016 | H18: =G18/$U$2 -> 0.003968254 | I18: =SUM($H$2:H18) -> 0.025132275 | J18: 50
A19: 1 | B19: 18 | C19: 180 | D19: 1000 | E19: 1000 | F19: =C19/tycoonSlots!$E$18 -> 0.018674136 | G19: =SUM($F$2:F19) -> 0.1774043 | H19: =G19/$U$2 -> 0.0044351074 | I19: =SUM($H$2:H19) -> 0.029567383
A20: 1 | B20: 19 | C20: 190 | D20: 1000 | E20: 1000 | F20: =C20/tycoonSlots!$E$18 -> 0.019711588 | G20: =SUM($F$2:F20) -> 0.19711588 | H20: =G20/$U$2 -> 0.0049278971 | I20: =SUM($H$2:H20) -> 0.03449528 | J20: 50
A21: 1 | B21: 20 | C21: 200 | D21: 1000 | E21: 1000 | F21: =C21/tycoonSlots!$E$18 -> 0.02074904 | G21: =SUM($F$2:F21) -> 0.21786492 | H21: =G21/$U$2 -> 0.0054466231 | I21: =SUM($H$2:H21) -> 0.039941903
A22: 1 | B22: 21 | C22: 210 | D22: 1000 | E22: 1000 | F22: =C22/tycoonSlots!$E$18 -> 0.021786492 | G22: =SUM($F$2:F22) -> 0.23965142 | H22: =G22/$U$2 -> 0.0059912854 | I22: =SUM($H$2:H22) -> 0.045933188
A23: 1 | B23: 22 | C23: 220 | D23: 1000 | E23: 1000 | F23: =C23/tycoonSlots!$E$18 -> 0.022823944 | G23: =SUM($F$2:F23) -> 0.26247536 | H23: =G23/$U$2 -> 0.006561884 | I23: =SUM($H$2:H23) -> 0.052495072 | J23: 50
A24: 1 | B24: 23 | C24: 230 | D24: 1000 | E24: 1000 | F24: =C24/tycoonSlots!$E$18 -> 0.023861396 | G24: =SUM($F$2:F24) -> 0.28633676 | H24: =G24/$U$2 -> 0.0071584189 | I24: =SUM($H$2:H24) -> 0.059653491
A25: 1 | B25: 24 | C25: 240 | D25: 1000 | E25: 1000 | F25: =C25/tycoonSlots!$E$18 -> 0.024898848 | G25: =SUM($F$2:F25) -> 0.31123561 | H25: =G25/$U$2 -> 0.0077808901 | I25: =SUM($H$2:H25) -> 0.067434381
A26: 1 | B26: 25 | C26: 240 | D26: 1000 | E26: 1000 | F26: =C26/tycoonSlots!$E$18 -> 0.024898848 | G26: =SUM($F$2:F26) -> 0.33613445 | H26: =G26/$U$2 -> 0.0084033613 | I26: =SUM($H$2:H26) -> 0.075837743 | J26: 50
A27: 1 | B27: 26 | C27: 250 | D27: 1000 | E27: 1000 | F27: =C27/tycoonSlots!$E$18 -> 0.0259363 | G27: =SUM($F$2:F27) -> 0.36207075 | H27: =G27/$U$2 -> 0.0090517689 | I27: =SUM($H$2:H27) -> 0.084889511 | J27: 50 | M27: 20000 | N27: 20
A28: 2 | B28: 27 | C28: 40 | D28: 1000 | E28: 1000 | F28: =C28/tycoonSlots!$E$18 -> 0.0041498081 | G28: =SUM($F$2:F28) -> 0.36622056 | H28: =G28/$U$2 -> 0.0091555141 | I28: =SUM($H$2:H28) -> 0.094045025 | J28: 10
A29: 2 | B29: 28 | C29: 40 | D29: 1000 | E29: 1000 | F29: =C29/tycoonSlots!$E$18 -> 0.0041498081 | G29: =SUM($F$2:F29) -> 0.37037037 | H29: =G29/$U$2 -> 0.0092592593 | I29: =SUM($H$2:H29) -> 0.10330428
A30: 2 | B30: 29 | C30: 80 | D30: 1000 | E30: 1000 | F30: =C30/tycoonSlots!$E$18 -> 0.0082996161 | G30: =SUM($F$2:F30) -> 0.37866999 | H30: =G30/$U$2 -> 0.0094667497 | I30: =SUM($H$2:H30) -> 0.11277103 | J30: 10
A31: 2 | B31: 30 | C31: 80 | D31: 1000 | E31: 1000 | F31: =C31/tycoonSlots!$E$18 -> 0.0082996161 | G31: =SUM($F$2:F31) -> 0.3869696 | H31: =G31/$U$2 -> 0.0096742401 | I31: =SUM($H$2:H31) -> 0.12244527
A32: 2 | B32: 31 | C32: 120 | D32: 1000 | E32: 1000 | F32: =C32/tycoonSlots!$E$18 -> 0.012449424 | G32: =SUM($F$2:F32) -> 0.39941903 | H32: =G32/$U$2 -> 0.0099854757 | I32: =SUM($H$2:H32) -> 0.13243075 | J32: 20 | K32: 1
A33: 2 | B33: 32 | C33: 200 | D33: 1000 | E33: 1000 | F33: =C33/tycoonSlots!$E$18 -> 0.02074904 | G33: =SUM($F$2:F33) -> 0.42016807 | H33: =G33/$U$2 -> 0.010504202 | I33: =SUM($H$2:H33) -> 0.14293495
A34: 2 | B34: 33 | C34: 600 | D34: 1000 | E34: 1000 | F34: =C34/tycoonSlots!$E$18 -> 0.062247121 | G34: =SUM($F$2:F34) -> 0.48241519 | H34: =G34/$U$2 -> 0.01206038 | I34: =SUM($H$2:H34) -> 0.15499533 | J34: 50
A35: 2 | B35: 34 | C35: 1000 | D35: 1000 | E35: 1000 | F35: =C35/tycoonSlots!$E$18 -> 0.1037452 | G35: =SUM($F$2:F35) -> 0.58616039 | H35: =G35/$U$2 -> 0.01465401 | I35: =SUM($H$2:H35) -> 0.16964934
A36: 2 | B36: 35 | C36: 1400 | D36: 1000 | E36: 1000 | F36: =C36/tycoonSlots!$E$18 -> 0.14524328 | G36: =SUM($F$2:F36) -> 0.73140367 | H36: =G36/$U$2 -> 0.018285092 | I36: =SUM($H$2:H36) -> 0.18793443 | K36: 1
A37: 2 | B37: 36 | C37: 2000 | D37: 1000 | E37: 1000 | F37: =C37/tycoonSlots!$E$18 -> 0.2074904 | G37: =SUM($F$2:F37) -> 0.93889408 | H37: =G37/$U$2 -> 0.023472352 | I37: =SUM($H$2:H37) -> 0.21140678 | J37: 100
A38: 2 | B38: 37 | C38: 2600 | D38: 1000 | E38: 1000 | F38: =C38/tycoonSlots!$E$18 -> 0.26973752 | G38: =SUM($F$2:F38) -> 1.2086316 | H38: =G38/$U$2 -> 0.03021579 | I38: =SUM($H$2:H38) -> 0.24162257
A39: 2 | B39: 38 | C39: 3200 | D39: 1000 | E39: 1000 | F39: =C39/tycoonSlots!$E$18 -> 0.33198465 | G39: =SUM($F$2:F39) -> 1.5406162 | H39: =G39/$U$2 -> 0.038515406 | I39: =SUM($H$2:H39) -> 0.28013798
A40: 2 | B40: 39 | C40: 3800 | D40: 1000 | E40: 1000 | F40: =C40/tycoonSlots!$E$18 -> 0.39423177 | G40: =SUM($F$2:F40) -> 1.934848 | H40: =G40/$U$2 -> 0.0483712 | I40: =SUM($H$2:H40) -> 0.32850918
A41: 2 | B41: 40 | C41: 4400 | D41: 1000 | E41: 1000 | F41: =C41/tycoonSlots!$E$18 -> 0.45647889 | G41: =SUM($F$2:F41) -> 2.3913269 | H41: =G41/$U$2 -> 0.059783173 | I41: =SUM($H$2:H41) -> 0.38829235 | J41: 100
A42: 2 | B42: 41 | C42: 5200 | D42: 1000 | E42: 1000 | F42: =C42/tycoonSlots!$E$18 -> 0.53947505 | G42: =SUM($F$2:F42) -> 2.930802 | H42: =G42/$U$2 -> 0.073270049 | I42: =SUM($H$2:H42) -> 0.4615624
A43: 2 | B43: 42 | C43: 6000 | D43: 1000 | E43: 1000 | F43: =C43/tycoonSlots!$E$18 -> 0.62247121 | G43: =SUM($F$2:F43) -> 3.5532732 | H43: =G43/$U$2 -> 0.088831829 | I43: =SUM($H$2:H43) -> 0.55039423
A44: 2 | B44: 43 | C44: 6800 | D44: 1000 | E44: 1000 | F44: =C44/tycoonSlots!$E$18 -> 0.70546737 | G44: =SUM($F$2:F44) -> 4.2587405 | H44: =G44/$U$2 -> 0.10646851 | I44: =SUM($H$2:H44) -> 0.65686275 | J44: 100
A45: 2 | B45: 44 | C45: 7600 | D45: 1000 | E45: 1000 | F45: =C45/tycoonSlots!$E$18 -> 0.78846353 | G45: =SUM($F$2:F45) -> 5.0472041 | H45: =G45/$U$2 -> 0.1261801 | I45: =SUM($H$2:H45) -> 0.78304285 | K45: 2
A46: 2 | B46: 45 | C46: 8400 | D46: 1000 | E46: 1000 | F46: =C46/tycoonSlots!$E$18 -> 0.87145969 | G46: =SUM($F$2:F46) -> 5.9186638 | H46: =G46/$U$2 -> 0.14796659 | I46: =SUM($H$2:H46) -> 0.93100944
A47: 2 | B47: 46 | C47: 9400 | D47: 1000 | E47: 1000 | F47: =C47/tycoonSlots!$E$18 -> 0.9752049 | G47: =SUM($F$2:F47) -> 6.8938687 | H47: =G47/$U$2 -> 0.17234672 | I47: =SUM($H$2:H47) -> 1.1033562 | J47: 100 | K47: 1
A48: 2 | B48: 47 | C48: 10400 | D48: 1000 | E48: 1000 | F48: =C48/tycoonSlots!$E$18 -> 1.0789501 | G48: =SUM($F$2:F48) -> 7.9728188 | H48: =G48/$U$2 -> 0.19932047 | I48: =SUM($H$2:H48) -> 1.3026766
A49: 2 | B49: 48 | C49: 11400 | D49: 1000 | E49: 1000 | F49: =C49/tycoonSlots!$E$18 -> 1.1826953 | G49: =SUM($F$2:F49) -> 9.1555141 | H49: =G49/$U$2 -> 0.22888785 | I49: =SUM($H$2:H49) -> 1.5315645
A50: 2 | B50: 49 | C50: 12400 | D50: 1000 | E50: 1000 | F50: =C50/tycoonSlots!$E$18 -> 1.2864405 | G50: =SUM($F$2:F50) -> 10.441955 | H50: =G50/$U$2 -> 0.26104886 | I50: =SUM($H$2:H50) -> 1.7926133 | J50: 200
A51: 2 | B51: 50 | C51: 13400 | D51: 1000 | E51: 1000 | F51: =C51/tycoonSlots!$E$18 -> 1.3901857 | G51: =SUM($F$2:F51) -> 11.83214 | H51: =G51/$U$2 -> 0.29580351 | I51: =SUM($H$2:H51) -> 2.0884168
A52: 2 | B52: 51 | C52: 14600 | D52: 1000 | E52: 1000 | F52: =C52/tycoonSlots!$E$18 -> 1.5146799 | G52: =SUM($F$2:F52) -> 13.34682 | H52: =G52/$U$2 -> 0.33367051 | I52: =SUM($H$2:H52) -> 2.4220874 | K52: 1
A53: 2 | B53: 52 | C53: 15800 | D53: 1000 | E53: 1000 | F53: =C53/tycoonSlots!$E$18 -> 1.6391742 | G53: =SUM($F$2:F53) -> 14.985994 | H53: =G53/$U$2 -> 0.37464986 | I53: =SUM($H$2:H53) -> 2.7967372 | J53: 200
A54: 2 | B54: 53 | C54: 17000 | D54: 1000 | E54: 1000 | F54: =C54/tycoonSlots!$E$18 -> 1.7636684 | G54: =SUM($F$2:F54) -> 16.749663 | H54: =G54/$U$2 -> 0.41874157 | I54: =SUM($H$2:H54) -> 3.2154788
A55: 2 | B55: 54 | C55: 18200 | D55: 1000 | E55: 1000 | F55: =C55/tycoonSlots!$E$18 -> 1.8881627 | G55: =SUM($F$2:F55) -> 18.637826 | H55: =G55/$U$2 -> 0.46594564 | I55: =SUM($H$2:H55) -> 3.6814244 | K55: 1
A56: 2 | B56: 55 | C56: 19400 | D56: 1000 | E56: 1000 | F56: =C56/tycoonSlots!$E$18 -> 2.0126569 | G56: =SUM($F$2:F56) -> 20.650482 | H56: =G56/$U$2 -> 0.51626206 | I56: =SUM($H$2:H56) -> 4.1976865 | J56: 500
A57: 2 | B57: 56 | C57: 20800 | D57: 1000 | E57: 1000 | F57: =C57/tycoonSlots!$E$18 -> 2.1579002 | G57: =SUM($F$2:F57) -> 22.808383 | H57: =G57/$U$2 -> 0.57020957 | I57: =SUM($H$2:H57) -> 4.767896
A58: 2 | B58: 57 | C58: 22200 | D58: 1000 | E58: 1000 | F58: =C58/tycoonSlots!$E$18 -> 2.3031435 | G58: =SUM($F$2:F58) -> 25.111526 | H58: =G58/$U$2 -> 0.62778815 | I58: =SUM($H$2:H58) -> 5.3956842 | K58: 1
A59: 2 | B59: 58 | C59: 27200 | D59: 1000 | E59: 1000 | F59: =C59/tycoonSlots!$E$18 -> 2.8218695 | G59: =SUM($F$2:F59) -> 27.933396 | H59: =G59/$U$2 -> 0.69833489 | I59: =SUM($H$2:H59) -> 6.0940191 | J59: 500
A60: 2 | B60: 59 | C60: 32200 | D60: 1000 | E60: 1000 | F60: =C60/tycoonSlots!$E$18 -> 3.3405955 | G60: =SUM($F$2:F60) -> 31.273991 | H60: =G60/$U$2 -> 0.78184978 | I60: =SUM($H$2:H60) -> 6.8758689 | K60: 1
A61: 2 | B61: 60 | C61: 37200 | D61: 1000 | E61: 1000 | F61: =C61/tycoonSlots!$E$18 -> 3.8593215 | G61: =SUM($F$2:F61) -> 35.133313 | H61: =G61/$U$2 -> 0.87833281 | I61: =SUM($H$2:H61) -> 7.7542017 | J61: 500
A62: 2 | B62: 61 | C62: 43000 | D62: 1000 | E62: 1000 | F62: =C62/tycoonSlots!$E$18 -> 4.4610437 | G62: =SUM($F$2:F62) -> 39.594356 | H62: =G62/$U$2 -> 0.98985891 | I62: =SUM($H$2:H62) -> 8.7440606
A63: 2 | B63: 62 | C63: 48800 | D63: 1000 | E63: 1000 | F63: =C63/tycoonSlots!$E$18 -> 5.0627658 | G63: =SUM($F$2:F63) -> 44.657122 | H63: =G63/$U$2 -> 1.1164281 | I63: =SUM($H$2:H63) -> 9.8604886 | J63: 500 | K63: 1
A64: 2 | B64: 63 | C64: 54600 | D64: 1000 | E64: 1000 | F64: =C64/tycoonSlots!$E$18 -> 5.664488 | G64: =SUM($F$2:F64) -> 50.32161 | H64: =G64/$U$2 -> 1.2580403 | I64: =SUM($H$2:H64) -> 11.118529
A65: 2 | B65: 64 | C65: 60400 | D65: 1000 | E65: 1000 | F65: =C65/tycoonSlots!$E$18 -> 6.2662102 | G65: =SUM($F$2:F65) -> 56.58782 | H65: =G65/$U$2 -> 1.4146955 | I65: =SUM($H$2:H65) -> 12.533224 | J65: 500
A66: 2 | B66: 65 | C66: 66200 | D66: 1000 | E66: 1000 | F66: =C66/tycoonSlots!$E$18 -> 6.8679324 | G66: =SUM($F$2:F66) -> 63.455753 | H66: =G66/$U$2 -> 1.5863938 | I66: =SUM($H$2:H66) -> 14.119618 | K66: 1
A67: 2 | B67: 66 | C67: 72800 | D67: 1000 | E67: 1000 | F67: =C67/tycoonSlots!$E$18 -> 7.5526507 | G67: =SUM($F$2:F67) -> 71.008403 | H67: =G67/$U$2 -> 1.7752101 | I67: =SUM($H$2:H67) -> 15.894828
A68: 2 | B68: 67 | C68: 79400 | D68: 1000 | E68: 1000 | F68: =C68/tycoonSlots!$E$18 -> 8.237369 | G68: =SUM($F$2:F68) -> 79.245772 | H68: =G68/$U$2 -> 1.9811443 | I68: =SUM($H$2:H68) -> 17.875973 | J68: 500
A69: 2 | B69: 68 | C69: 86000 | D69: 1000 | E69: 1000 | F69: =C69/tycoonSlots!$E$18 -> 8.9220874 | G69: =SUM($F$2:F69) -> 88.16786 | H69: =G69/$U$2 -> 2.2041965 | I69: =SUM($H$2:H69) -> 20.080169
A70: 2 | B70: 69 | C70: 92600 | D70: 1000 | E70: 1000 | F70: =C70/tycoonSlots!$E$18 -> 9.6068057 | G70: =SUM($F$2:F70) -> 97.774665 | H70: =G70/$U$2 -> 2.4443666 | I70: =SUM($H$2:H70) -> 22.524536 | J70: 500
A71: 2 | B71: 70 | C71: 99200 | D71: 1000 | E71: 1000 | F71: =C71/tycoonSlots!$E$18 -> 10.291524 | G71: =SUM($F$2:F71) -> 108.06619 | H71: =G71/$U$2 -> 2.7016547 | I71: =SUM($H$2:H71) -> 25.22619 | K71: 1
A72: 2 | B72: 71 | C72: 106600 | D72: 1000 | E72: 1000 | F72: =C72/tycoonSlots!$E$18 -> 11.059239 | G72: =SUM($F$2:F72) -> 119.12543 | H72: =G72/$U$2 -> 2.9781357 | I72: =SUM($H$2:H72) -> 28.204326 | J72: 500
A73: 2 | B73: 72 | C73: 114000 | D73: 1000 | E73: 1000 | F73: =C73/tycoonSlots!$E$18 -> 11.826953 | G73: =SUM($F$2:F73) -> 130.95238 | H73: =G73/$U$2 -> 3.2738095 | I73: =SUM($H$2:H73) -> 31.478136
A74: 2 | B74: 73 | C74: 121400 | D74: 1000 | E74: 1000 | F74: =C74/tycoonSlots!$E$18 -> 12.594667 | G74: =SUM($F$2:F74) -> 143.54705 | H74: =G74/$U$2 -> 3.5886762 | I74: =SUM($H$2:H74) -> 35.066812
A75: 2 | B75: 74 | C75: 128800 | D75: 1000 | E75: 1000 | F75: =C75/tycoonSlots!$E$18 -> 13.362382 | G75: =SUM($F$2:F75) -> 156.90943 | H75: =G75/$U$2 -> 3.9227358 | I75: =SUM($H$2:H75) -> 38.989548 | J75: 500 | K75: 1
A76: 2 | B76: 75 | C76: 136200 | D76: 1000 | E76: 1000 | F76: =C76/tycoonSlots!$E$18 -> 14.130096 | G76: =SUM($F$2:F76) -> 171.03953 | H76: =G76/$U$2 -> 4.2759882 | I76: =SUM($H$2:H76) -> 43.265536
A77: 2 | B77: 76 | C77: 144400 | D77: 1000 | E77: 1000 | F77: =C77/tycoonSlots!$E$18 -> 14.980807 | G77: =SUM($F$2:F77) -> 186.02033 | H77: =G77/$U$2 -> 4.6505084 | I77: =SUM($H$2:H77) -> 47.916044 | J77: 500 | K77: 1
A78: 2 | B78: 77 | C78: 152600 | D78: 1000 | E78: 1000 | F78: =C78/tycoonSlots!$E$18 -> 15.831518 | G78: =SUM($F$2:F78) -> 201.85185 | H78: =G78/$U$2 -> 5.0462963 | I78: =SUM($H$2:H78) -> 52.96234
A79: 2 | B79: 78 | C79: 192800 | D79: 1000 | E79: 1000 | F79: =C79/tycoonSlots!$E$18 -> 20.002075 | G79: =SUM($F$2:F79) -> 221.85393 | H79: =G79/$U$2 -> 5.5463482 | I79: =SUM($H$2:H79) -> 58.508689
A80: 2 | B80: 79 | C80: 233000 | D80: 1000 | E80: 1000 | F80: =C80/tycoonSlots!$E$18 -> 24.172632 | G80: =SUM($F$2:F80) -> 246.02656 | H80: =G80/$U$2 -> 6.150664 | I80: =SUM($H$2:H80) -> 64.659353
A81: 2 | B81: 80 | C81: 273200 | D81: 1000 | E81: 1000 | F81: =C81/tycoonSlots!$E$18 -> 28.343189 | G81: =SUM($F$2:F81) -> 274.36975 | H81: =G81/$U$2 -> 6.8592437 | I81: =SUM($H$2:H81) -> 71.518596
A82: 2 | B82: 81 | C82: 317400 | D82: 1000 | E82: 1000 | F82: =C82/tycoonSlots!$E$18 -> 32.928727 | G82: =SUM($F$2:F82) -> 307.29847 | H82: =G82/$U$2 -> 7.6824619 | I82: =SUM($H$2:H82) -> 79.201058
A83: 2 | B83: 82 | C83: 361600 | D83: 1000 | E83: 1000 | F83: =C83/tycoonSlots!$E$18 -> 37.514265 | G83: =SUM($F$2:F83) -> 344.81274 | H83: =G83/$U$2 -> 8.6203185 | I83: =SUM($H$2:H83) -> 87.821377
A84: 2 | B84: 83 | C84: 405800 | D84: 1000 | E84: 1000 | F84: =C84/tycoonSlots!$E$18 -> 42.099803 | G84: =SUM($F$2:F84) -> 386.91254 | H84: =G84/$U$2 -> 9.6728136 | I84: =SUM($H$2:H84) -> 97.49419
A85: 3 | B85: 84 | C85: 275 | D85: 1000 | E85: 1000 | F85: =C85/tycoonSlots!$E$18 -> 0.02852993 | G85: =SUM($F$2:F85) -> 386.94107 | H85: =G85/$U$2 -> 9.6735268 | I85: =SUM($H$2:H85) -> 107.16772 | M85: 200000 | N85: 200
A86: 3 | B86: 85 | C86: 275 | D86: 1000 | E86: 1000 | F86: =C86/tycoonSlots!$E$18 -> 0.02852993 | G86: =SUM($F$2:F86) -> 386.9696 | H86: =G86/$U$2 -> 9.6742401 | I86: =SUM($H$2:H86) -> 116.84196
A87: 3 | B87: 86 | C87: 550 | D87: 1000 | E87: 1000 | F87: =C87/tycoonSlots!$E$18 -> 0.057059861 | G87: =SUM($F$2:F87) -> 387.02666 | H87: =G87/$U$2 -> 9.6756666 | I87: =SUM($H$2:H87) -> 126.51762
A88: 3 | B88: 87 | C88: 550 | D88: 1000 | E88: 1000 | F88: =C88/tycoonSlots!$E$18 -> 0.057059861 | G88: =SUM($F$2:F88) -> 387.08372 | H88: =G88/$U$2 -> 9.6770931 | I88: =SUM($H$2:H88) -> 136.19472
A89: 3 | B89: 88 | C89: 825 | D89: 1000 | E89: 1000 | F89: =C89/tycoonSlots!$E$18 -> 0.085589791 | G89: =SUM($F$2:F89) -> 387.16931 | H89: =G89/$U$2 -> 9.6792328 | I89: =SUM($H$2:H89) -> 145.87395
A90: 3 | B90: 89 | C90: 1375 | D90: 1000 | E90: 1000 | F90: =C90/tycoonSlots!$E$18 -> 0.14264965 | G90: =SUM($F$2:F90) -> 387.31196 | H90: =G90/$U$2 -> 9.682799 | I90: =SUM($H$2:H90) -> 155.55675
A91: 3 | B91: 90 | C91: 4125 | D91: 1000 | E91: 1000 | F91: =C91/tycoonSlots!$E$18 -> 0.42794896 | G91: =SUM($F$2:F91) -> 387.73991 | H91: =G91/$U$2 -> 9.6934978 | I91: =SUM($H$2:H91) -> 165.25025
A92: 3 | B92: 91 | C92: 6875 | D92: 1000 | E92: 1000 | F92: =C92/tycoonSlots!$E$18 -> 0.71324826 | G92: =SUM($F$2:F92) -> 388.45316 | H92: =G92/$U$2 -> 9.711329 | I92: =SUM($H$2:H92) -> 174.96158 | J92: 360
A93: 3 | B93: 92 | C93: 9625 | D93: 1000 | E93: 1000 | F93: =C93/tycoonSlots!$E$18 -> 0.99854757 | G93: =SUM($F$2:F93) -> 389.45171 | H93: =G93/$U$2 -> 9.7362927 | I93: =SUM($H$2:H93) -> 184.69787
A94: 3 | B94: 93 | C94: 13750 | D94: 1000 | E94: 1000 | F94: =C94/tycoonSlots!$E$18 -> 1.4264965 | G94: =SUM($F$2:F94) -> 390.8782 | H94: =G94/$U$2 -> 9.7719551 | I94: =SUM($H$2:H94) -> 194.46982
A95: 3 | B95: 94 | C95: 17875 | D95: 1000 | E95: 1000 | F95: =C95/tycoonSlots!$E$18 -> 1.8544455 | G95: =SUM($F$2:F95) -> 392.73265 | H95: =G95/$U$2 -> 9.8183162 | I95: =SUM($H$2:H95) -> 204.28814
A96: 3 | B96: 95 | C96: 22000 | D96: 1000 | E96: 1000 | F96: =C96/tycoonSlots!$E$18 -> 2.2823944 | G96: =SUM($F$2:F96) -> 395.01504 | H96: =G96/$U$2 -> 9.8753761 | I96: =SUM($H$2:H96) -> 214.16352
A97: 3 | B97: 96 | C97: 26125 | D97: 1000 | E97: 1000 | F97: =C97/tycoonSlots!$E$18 -> 2.7103434 | G97: =SUM($F$2:F97) -> 397.72539 | H97: =G97/$U$2 -> 9.9431347 | I97: =SUM($H$2:H97) -> 224.10665 | J97: 2400
A98: 3 | B98: 97 | C98: 30250 | D98: 1000 | E98: 1000 | F98: =C98/tycoonSlots!$E$18 -> 3.1382924 | G98: =SUM($F$2:F98) -> 400.86368 | H98: =G98/$U$2 -> 10.021592 | I98: =SUM($H$2:H98) -> 234.12824
A99: 3 | B99: 98 | C99: 35750 | D99: 1000 | E99: 1000 | F99: =C99/tycoonSlots!$E$18 -> 3.708891 | G99: =SUM($F$2:F99) -> 404.57257 | H99: =G99/$U$2 -> 10.114314 | I99: =SUM($H$2:H99) -> 244.24256
A100: 3 | B100: 99 | C100: 41250 | D100: 1000 | E100: 1000 | F100: =C100/tycoonSlots!$E$18 -> 4.2794896 | G100: =SUM($F$2:F100) -> 408.85206 | H100: =G100/$U$2 -> 10.221301 | I100: =SUM($H$2:H100) -> 254.46386
...

Sheet tycoon截图

Sheet tycoonSlots
A1: 类型 | B1: 奖励类型 | C1: 奖励数量 | D1: 概率 | E1: 期望
A2: 金币1 | B2: 1 | C2: 100 | D2: 6 | E2: =C2*D2/$D$18 -> 6
A3: 金币2 | B3: 1 | C3: 200 | D3: 6 | E3: =C3*D3/$D$18 -> 12
A4: 金币3 | B4: 1 | C4: 500 | D4: 6 | E4: =C4*D4/$D$18 -> 30
A5: 金币4 | B5: 1 | C5: 700 | D5: 6 | E5: =C5*D5/$D$18 -> 42
A6: 金币5 | B6: 1 | C6: 1000 | D6: 6 | E6: =C6*D6/$D$18 -> 60
A7: 金币6 | B7: 1 | C7: 5000 | D7: 6 | E7: =C7*D7/$D$18 -> 300
A8: 金币7 | B8: 1 | C8: 10000 | D8: 6 | E8: =C8*D8/$D$18 -> 600
A9: 攻击成功 | B9: 1 | C9: 30000 | D9: 6 | E9: =C9*D9/$D$18 -> 1800
A10: 攻击失败 | B10: 1 | C10: 3000 | D10: 6 | E10: =C10*D10/$D$18 -> 180
A11: 偷窃 | B11: 1 | C11: 60000 | D11: 6 | E11: =C11*D11/$D$18 -> 3600
A12: 能量 | B12: 2 | C12: 5 | D12: 6 | E12: =SUM(E2:E11)*C12*D12/$D$18 -> 1989
A13: 进度1 | B13: 3 | C13: 2000 | D13: 6 | E13: =C13*D13/$D$18 -> 120
A14: 进度2 | B14: 3 | C14: 5000 | D14: 6 | E14: =C14*D14/$D$18 -> 300
A15: 进度3 | B15: 3 | C15: 10000 | D15: 6 | E15: =C15*D15/$D$18 -> 600
A16: 盾牌 | D16: 6
A17: 不中 | D17: 10
D18: =SUM(D2:D17) -> 100 | E18: =SUM(E2:E17) -> 9639
