Workbook

Sheet 用户分布
A1: slots | B1: VIP等级 | C1: 每日金币净消耗 | E1: 每日金币等级美金净消耗 | F1: 活动周期内金币等级美金净消耗 | G1: 应设立目标值
B2: 9 | C2: 5234 | D2: =(C2/25) -> 209.36 | E2: =D2 -> 209.36 | F2: =ROUND(E2*3,0) -> 628 | G2: =F2*1.5 -> 942 | H2: =G2*0.05 -> 47.1
B3: 8 | C3: 2203 | D3: =(C3/25) -> 88.12 | E3: =D3 -> 88.12 | F3: =ROUND(E3*3,0) -> 264 | G3: =F3*1.5 -> 396
B4: 7 | C4: 1326 | D4: =(C4/25) -> 53.04 | E4: =D4 -> 53.04 | F4: =ROUND(E4*3,0) -> 159 | G4: =F4*1.5 -> 238.5
B5: 6 | C5: 699 | D5: =(C5/25) -> 27.96 | E5: =D5 -> 27.96 | F5: =ROUND(E5*3,0) -> 84 | G5: =F5*1.5 -> 126
B6: 5 | C6: 287 | D6: =(C6/25) -> 11.48 | E6: =D6 -> 11.48 | F6: =ROUND(E6*3,0) -> 34 | G6: =F6*1.5 -> 51
B7: 4 | C7: 150 | D7: =(C7/25) -> 6 | E7: =D7 -> 6 | F7: =ROUND(E7*3,0) -> 18 | G7: =F7*1.5 -> 27
B8: 3 | C8: 119 | D8: =(C8/25) -> 4.76 | E8: =D8 -> 4.76 | F8: =ROUND(E8*3,0) -> 14 | G8: =F8*1.5 -> 21
B9: 2 | C9: 75 | D9: =(C9/25) -> 3 | E9: =D9 -> 3 | F9: =ROUND(E9*3,0) -> 9 | G9: =F9*1.5 -> 13.5
B10: 1 | C10: 60 | D10: =(C10/25) -> 2.4 | E10: =D10 -> 2.4 | F10: =ROUND(E10*3,0) -> 7 | G10: =F10*1.5 -> 10.5
B11: 0 | C11: 26 | D11: =(C11/25) -> 1.04 | E11: =D11 -> 1.04 | F11: =ROUND(E11*3,0) -> 3 | G11: =F11*1.5 -> 4.5
A13: 打牌 | B13: VIP等级 | C13: 每日牌局消耗
B14: 9 | C14: 8683.59 | D14: =(C14/25) -> 347.3436 | E14: =D14 -> 347.3436 | F14: =ROUND(E14*3,0) -> 1042 | G14: =F14*1.5 -> 1563
B15: 8 | C15: 7533.12 | D15: =(C15/25) -> 301.3248 | E15: =D15 -> 301.3248 | F15: =ROUND(E15*3,0) -> 904 | G15: =F15*1.5 -> 1356
B16: 7 | C16: 3810.05 | D16: =(C16/25) -> 152.402 | E16: =D16 -> 152.402 | F16: =ROUND(E16*3,0) -> 457 | G16: =F16*1.5 -> 685.5
B17: 6 | C17: 1941.61 | D17: =(C17/25) -> 77.6644 | E17: =D17 -> 77.6644 | F17: =ROUND(E17*3,0) -> 233 | G17: =F17*1.5 -> 349.5
B18: 5 | C18: 816.94 | D18: =(C18/25) -> 32.6776 | E18: =D18 -> 32.6776 | F18: =ROUND(E18*3,0) -> 98 | G18: =F18*1.5 -> 147
B19: 4 | C19: 398.73 | D19: =(C19/25) -> 15.9492 | E19: =D19 -> 15.9492 | F19: =ROUND(E19*3,0) -> 48 | G19: =F19*1.5 -> 72
B20: 3 | C20: 363.06 | D20: =(C20/25) -> 14.5224 | E20: =D20 -> 14.5224 | F20: =ROUND(E20*3,0) -> 44 | G20: =F20*1.5 -> 66
B21: 2 | C21: 180.44 | D21: =(C21/25) -> 7.2176 | E21: =D21 -> 7.2176 | F21: =ROUND(E21*3,0) -> 22 | G21: =F21*1.5 -> 33
B22: 1 | C22: 116.1 | D22: =(C22/25) -> 4.644 | E22: =D22 -> 4.644 | F22: =ROUND(E22*3,0) -> 14 | G22: =F22*1.5 -> 21
B23: 0 | C23: 59.82 | D23: =(C23/25) -> 2.3928 | E23: =D23 -> 2.3928 | F23: =ROUND(E23*3,0) -> 7 | G23: =F23*1.5 -> 10.5

Sheet 竞品体验
A1: 轮次 | B1: 关卡 | C1: 通关所需点数 | D1: 通关奖励 | F1: 通关奖励（美元） | G1: 浮岛领取奖励（左） | I1: 浮岛领取奖励（右） | K1: 浮岛奖励领取次数 | L1: 浮岛击打次数 | M1: 特殊桩击打次数 | N1: 球均特殊桩击打次数 | O1: 特殊奖励 | P1: 弹球消耗 | Q1: 累计弹球消耗 | R1: 获取弹球消耗金币数（已去除膨胀） | S1: 累计消耗金币（已去除膨胀） | T1: 累计获得奖励（未去除膨胀） | V1: 阶段获得金币（去除膨胀：随动） | W1: 阶段获得等价美元 | X1: vip膨胀 | Y1: 等级膨胀 | Z1: 球均点数获取 | AA1: 弹均收益单价（美元） | AB1: 备注1 | AC1: 备注2 | AE1: 模型 | AF1: 消耗弹球 | AG1: 球均点数 | AH1: 球均美元 | AI1: 球均美元（算上大奖）
A2: 1 | B2: 1 | C2: 70 | D2: 9.072 | E2: 30 | F2: =(D2/($X$2*$Y$2))/0.5 -> 1.008 | L2: 8 | M2: 0 | N2: =M2/P2 -> 0 | P2: 5 | Q2: 5 | R2: 16.8 | S2: 16.8 | T2: =D2+G2+I2 -> 9.072 | U2: =E2+H2+J2 -> 30 | V2: =T2/(1.5*12) -> 0.504 | W2: =V2/0.5 -> 1.008 | X2: 1.5 | Y2: 12 | Z2: =C2/P2 -> 14 | AA2: =W2/P2 -> 0.2016 | AB2: 所消耗5球中，含2球为广告获得的免费球 | AC2: 含录制视频（编号202604031） | AE2: 1 | AF2: 5 | AG2: =ROUND(C2/AF2,0) -> 14 | AH2: 0.26
A3: 1 | B3: 2 | C3: 150 | D3: 13.608 | E3: 50 | F3: =(D3/($X$2*$Y$2))/0.5 -> 1.512 | H3: 5 | I3: 5.44 | K3: 2 | L3: 24 | M3: 0 | N3: =M3/P3 -> 0 | P3: 8 | Q3: =P3+Q2 -> 13 | R3: 39.2 | S3: =S2+R3 -> 56 | T3: =D3+G3+I3+T2 -> 28.12 | U3: =E3+H3+J3+U2 -> 85 | V3: =(T3-T2)/(X3*Y3) -> 1.0582222 | W3: =V3/0.5 -> 2.1164444 | X3: 1.5 | Y3: 12 | Z3: =C3/P3 -> 18.75 | AA3: =W3/P3 -> 0.26455556 | AB3: 所消耗8球中，含1球为广告获得的免费球 | AC3: 含录制视频（编号202604031） | AE3: 2 | AF3: 7 | AG3: =ROUND(C3/AF3,0) -> 21 | AH3: 0.23
A4: 1 | B4: 3 | C4: 300 | D4: 18.144 | E4: 70 | F4: =(D4/($X$2*$Y$2))/0.5 -> 2.016 | K4: 0 | L4: 15 | M4: 0 | N4: =M4/P4 -> 0 | P4: 9 | Q4: =P4+Q3 -> 22 | R4: 50.4 | S4: =S3+R4 -> 106.4 | T4: =D4+G4+I4+T3 -> 46.264 | U4: =E4+H4+J4+U3 -> 155 | V4: =(T4-T3)/(X4*Y4) -> 1.008 | W4: =V4/0.5 -> 2.016 | X4: 1.5 | Y4: 12 | Z4: =C4/P4 -> 33.333333 | AA4: =W4/P4 -> 0.224 | AC4: 含录制视频（编号202604031） | AE4: 3 | AF4: 9 | AG4: =ROUND(C4/AF4,0) -> 33 | AH4: 0.21
A5: 1 | B5: 4 | C5: 600 | D5: 27.216 | E5: 90 | F5: =(D5/($X$2*$Y$2))/0.5 -> 3.024 | K5: 0 | L5: 17 | M5: 1 | N5: =M5/P5 -> 0.076923077 | P5: 13 | Q5: =P5+Q4 -> 35 | R5: 0 | S5: =S4+R5 -> 106.4 | T5: =D5+G5+I5+T4 -> 73.48 | U5: =E5+H5+J5+U4 -> 245 | V5: =(T5-T4)/(X5*Y5) -> 1.512 | W5: =V5/0.5 -> 3.024 | X5: 1.5 | Y5: 12 | Z5: =C5/P5 -> 46.153846 | AA5: =W5/P5 -> 0.23261538 | AB5: 所消耗的13球均为抽中大奖的奖励免费球 | AC5: 含录制视频（编号202604031） | AE5: 4 | AF5: 22 | AG5: =ROUND(C5/AF5,0) -> 27 | AH5: 0.18
A6: 1 | B6: 5 | C6: 1200 | D6: 40.824 | E6: 110 | F6: =(D6/($X$2*$Y$2))/0.5 -> 4.536 | I6: 16.7 | K6: 1 | L6: =60+43 -> 103 | M6: 39 | N6: =M6/P6 -> 1.3448276 | P6: 29 | Q6: =P6+Q5 -> 64 | R6: 169.9 | S6: =S5+R6 -> 276.3 | T6: =D6+G6+I6+T5 -> 131.004 | U6: =E6+H6+J6+U5 -> 355 | V6: =(T6-T5)/(X6*Y6) -> 2.7392381 | W6: =V6/0.5 -> 5.4784762 | X6: 1.5 | Y6: 14 | Z6: =C6/P6 -> 41.37931 | AA6: =W6/P6 -> 0.18891297 | AC6: 含录制视频（编号202604031+202604032） | AE6: 5 | AF6: 40 | AG6: =ROUND(C6/AF6,0) -> 30 | AH6: 0.16
A7: 1 | B7: 6 | C7: 2500 | D7: 58.968 | E7: 130 | F7: =(D7/($X$2*$Y$2))/0.5 -> 6.552 | G7: 5.44 | H7: =60+20 -> 80 | J7: 20 | K7: 4 | L7: 338 | M7: =72+2 -> 74 | N7: =M7/P7 -> 1.2758621 | O7: 27.2 | P7: =45+12+1 -> 58 | Q7: =P7+Q6 -> 122 | R7: 247.3 | S7: =S6+R7 -> 523.6 | T7: =D7+G7+I7+T6+O7 -> 222.612 | U7: =E7+H7+J7+U6 -> 585 | V7: =(T7-T6)/(X7*Y7) -> 4.3622857 | W7: =V7/0.5 -> 8.7245714 | X7: 1.5 | Y7: 14 | Z7: =C7/P7 -> 43.103448 | AA7: =W7/P7 -> 0.15042365 | AB7: 所消耗的球中12球为抽中大奖的奖励免费球，1球为免费球 | AC7: 含录制视频（编号202604032+202404033） | AE7: 6 | AF7: 64 | AG7: =ROUND(C7/AF7,0) -> 39 | AH7: 0.13
A8: 1 | B8: 7 | C8: 4000 | D8: 81.648 | E8: 150 | F8: =(D8/($X$2*$Y$2))/0.5 -> 9.072 | G8: =16.7+16.7+16.7 -> 50.1 | H8: =60+5 -> 65 | I8: =50.8+50.8 -> 101.6 | J8: =5+20+5+20 -> 50 | K8: 11 | L8: 728 | M8: =30+60+53+20 -> 163 | N8: =M8/P8 -> 1.0866667 | P8: =17+14+54+51+14 -> 150 | Q8: =P8+Q7 -> 272 | R8: =123+264+181+51 -> 619 | S8: =S7+R8 -> 1142.6 | T8: =D8+G8+I8+T7+O8 -> 455.96 | U8: =E8+H8+J8+U7 -> 850 | V8: =(T8-T7)/(X8*Y8) -> 5.8337 | W8: =V8/0.5 -> 11.6674 | X8: 2.5 | Y8: 16 | Z8: =C8/P8 -> 26.666667 | AA8: =W8/P8 -> 0.077782667 | AB8: 所消耗的球中14球为抽中大奖的奖励免费球，2球为免费球 | AC8: 含录制视频（编号202604033+202604081/2/3） | AE8: 7 | AF8: 92 | AG8: =ROUND(C8/AF8,0) -> 43 | AH8: 0.11
A9: 1 | B9: 8 | C9: 6000 | D9: 113.4 | E9: 170 | F9: =(D9/($X$2*$Y$2))/0.5 -> 12.6 | G9: 5.44 | H9: =60+20+60+5+60+5 -> 210 | I9: =50.8+5.44+50.8 -> 107.04 | K9: 10 | L9: 705 | M9: =66+76+52 -> 194 | N9: =M9/P9 -> 1.2847682 | O9: 27.2 | P9: =37+11+57+57-11 -> 151 | Q9: =P9+Q8 -> 423 | R9: 514 | S9: =S8+R9 -> 1656.6 | T9: =D9+G9+I9+T8+O9 -> 709.04 | U9: =E9+H9+J9+U8 -> 1230 | V9: =(T9-T8)/(X9*Y9) -> 5.624 | W9: =V9/0.5 -> 11.248 | X9: 2.5 | Y9: 18 | Z9: =C9/P9 -> 39.735099 | AA9: =W9/P9 -> 0.074490066 | AB9: 所消耗的球中11球为抽中大奖的奖励免费球，15球为免费球 | AC9: 含录制视频（202604083/4/5） | AE9: 8 | AF9: 126 | AG9: =ROUND(C9/AF9,0) -> 48 | AH9: 0.08
A10: 1 | B10: FIN | D10: 272.16 | E10: 600 | F10: =(D10/($X$2*$Y$2))/0.5 -> 30.24 | P10: 0 | Q10: =P10+Q9 -> 423 | R10: 0 | S10: =S9+R10 -> 1656.6 | T10: =D10+G10+I10+T9+O10 -> 981.2 | U10: =E10+H10+J10+U9 -> 1830 | V10: =(T10-T9)/(X10*Y10) -> 6.048 | W10: =V10/0.5 -> 12.096 | X10: 2.5 | Y10: 18 | AA10: =70/Q10 -> 0.16548463
N11: {=SUMPRODUCT(N6:N9,P6:P9)/SUM(P6:P9)} -> 1.2113402 | AH11: {=SUMPRODUCT(AH2:AH9,AF2:AF9)/SUM(AF2:AF9)} -> 0.11967123 | AI11: 0.16548463

Sheet 数值体验表 
A1: 关卡 | B1: 奖励类型: 1金币2钻石3道具id4卡包5卡片9美金/除100 | C1: 道具id | D1: 点数 | E1: 奖励数量 | F1: 消耗发射 | G1: 发射均点数 | H1: 累计消耗发射 | I1: 美金 | J1: 累计美金 | K1: 消耗积分 | L1: 累计消耗积分 | M1: 发射次数单价 | N1: 关卡 | O1: 老虎机spin | AF1: 关卡 | AG1: 打牌次数
O2: 1 | P2: 2 | Q2: 3 | R2: 4 | S2: 5 | T2: 6 | U2: 7 | V2: 8 | W2: 9 | X2: 10 | Y2: 11 | Z2: 12 | AA2: 13 | AB2: 14 | AC2: 15 | AD2: 16 | AG2: 17 | AH2: 18 | AI2: 28 | AJ2: 29 | AK2: 32 | AL2: 95 | AM2: 108 | AN2: 109 | AO2: 110 | AP2: 111
O3: =SUMIF(bet对应表!$A:$A,"="&O2,bet对应表!$C:$C) -> 10000 | P3: =SUMIF(bet对应表!$A:$A,"="&P2,bet对应表!$C:$C) -> 30000 | Q3: =SUMIF(bet对应表!$A:$A,"="&Q2,bet对应表!$C:$C) -> 90000 | R3: =SUMIF(bet对应表!$A:$A,"="&R2,bet对应表!$C:$C) -> 100000 | S3: =SUMIF(bet对应表!$A:$A,"="&S2,bet对应表!$C:$C) -> 150000 | T3: =SUMIF(bet对应表!$A:$A,"="&T2,bet对应表!$C:$C) -> 200000 | U3: =SUMIF(bet对应表!$A:$A,"="&U2,bet对应表!$C:$C) -> 300000 | V3: =SUMIF(bet对应表!$A:$A,"="&V2,bet对应表!$C:$C) -> 500000 | ... AD3: =SUMIF(bet对应表!$A:$A,"="&AD2,bet对应表!$C:$C) -> 9000000 | AG3: =SUMIF(bet对应表!$A:$A,"="&AG2,bet对应表!$C:$C) -> 10000000 | AH3: =SUMIF(bet对应表!$A:$A,"="&AH2,bet对应表!$C:$C) -> 12000000 | AI3: =SUMIF(bet对应表!$A:$A,"="&AI2,bet对应表!$C:$C) -> 225000000 | AJ3: =SUMIF(bet对应表!$A:$A,"="&AJ2,bet对应表!$C:$C) -> 300000000 | AK3: =SUMIF(bet对应表!$A:$A,"="&AK2,bet对应表!$C:$C) -> 500000000 | AL3: =SUMIF(bet对应表!$A:$A,"="&AL2,bet对应表!$C:$C) -> 0 | AM3: =SUMIF(bet对应表!$A:$A,"="&AM2,bet对应表!$C:$C) -> 0 | AN3: =SUMIF(bet对应表!$A:$A,"="&AN2,bet对应表!$C:$C) -> 0 | ... AP3: =SUMIF(bet对应表!$A:$A,"="&AP2,bet对应表!$C:$C) -> 0
A4: 1 | B4: 9 | C4: 1 | D4: =70/C30 -> 70 | E4: =100/$D$30 -> 5 | F4: =ROUND(D4/G4,0) -> 3 | G4: =WeightCalculate!S3 -> 21.764706 | H4: =SUM($F$4:F4) -> 3 | I4: =IF(B4=1,E4/bet对应表!M7,IF(B4=9,E4/100,0)) -> 0.05 | J4: =SUM($I$4:I4) -> 0.05 | K4: =F4*QuestGetLevel!$D$51 -> 3000 | L4: =K4 -> 3000 | M4: =J4/H4 -> 0.016666667 | N4: 1 | O4: {=$L$4/(INDEX(bet对应表!$F:$F,MATCH(O2,bet对应表!$A:$A,0),0))} -> #N/A | P4: {=L4/(INDEX(bet对应表!$F:$F,MATCH($P$2,bet对应表!$A:$A,0),0))} -> #N/A | Q4: {=L4/(INDEX(bet对应表!$F:$F,MATCH($Q$2,bet对应表!$A:$A,0),0))} -> #N/A | R4: {=L4/(INDEX(bet对应表!$F:$F,MATCH($R$2,bet对应表!$A:$A,0),0))} -> #N/A | S4: {=L4/(INDEX(bet对应表!$F:$F,MATCH($S$2,bet对应表!$A:$A,0),0))} -> #N/A | T4: {=L4/(INDEX(bet对应表!$F:$F,MATCH($T$2,bet对应表!$A:$A,0),0))} -> #N/A | U4: {=L4/(INDEX(bet对应表!$F:$F,MATCH($U$2,bet对应表!$A:$A,0),0))} -> #N/A | V4: {=L4/(INDEX(bet对应表!$F:$F,MATCH($V$2,bet对应表!$A:$A,0),0))} -> #N/A | W4: {=L4/(INDEX(bet对应表!$F:$F,MATCH($W$2,bet对应表!$A:$A,0),0))} -> #N/A | X4: {=L4/(INDEX(bet对应表!$F:$F,MATCH($X$2,bet对应表!$A:$A,0),0))} -> #N/A | Y4: {=L4/(INDEX(bet对应表!$F:$F,MATCH($Y$2,bet对应表!$A:$A,0),0))} -> #N/A | Z4: {=L4/(INDEX(bet对应表!$F:$F,MATCH($Z$2,bet对应表!$A:$A,0),0))} -> #N/A | AA4: {=L4/(INDEX(bet对应表!$F:$F,MATCH($AA$2,bet对应表!$A:$A,0),0))} -> #N/A | AB4: {=L4/(INDEX(bet对应表!$F:$F,MATCH($AB$2,bet对应表!$A:$A,0),0))} -> #N/A | AC4: {=L4/(INDEX(bet对应表!$F:$F,MATCH($AC$2,bet对应表!$A:$A,0),0))} -> #N/A | AD4: {=L4/(INDEX(bet对应表!$F:$F,MATCH($AD$2,bet对应表!$A:$A,0),0))} -> #N/A | AF4: 1 | AG4: {=L4/(INDEX(bet对应表!$F:$F,MATCH($AG$2,bet对应表!$A:$A,0),0))} -> #N/A | AH4: {=L4/(INDEX(bet对应表!$F:$F,MATCH($AH$2,bet对应表!$A:$A,0),0))} -> #N/A | AI4: {=L4/(INDEX(bet对应表!$F:$F,MATCH($AI$2,bet对应表!$A:$A,0),0))} -> #DIV/0! | AJ4: {=L4/(INDEX(bet对应表!$F:$F,MATCH($AJ$2,bet对应表!$A:$A,0),0))} -> #DIV/0! | AK4: {=L4/(INDEX(bet对应表!$F:$F,MATCH($AK$2,bet对应表!$A:$A,0),0))} -> #DIV/0! | AL4: {=L4/(INDEX(bet对应表!$F:$F,MATCH($AL$2,bet对应表!$A:$A,0),0))} -> #N/A | AM4: {=L4/(INDEX(bet对应表!$F:$F,MATCH($AM$2,bet对应表!$A:$A,0),0))} -> #N/A | AN4: {=L4/(INDEX(bet对应表!$F:$F,MATCH($AN$2,bet对应表!$A:$A,0),0))} -> #N/A | AO4: {=L4/(INDEX(bet对应表!$F:$F,MATCH($AO$2,bet对应表!$A:$A,0),0))} -> #N/A | AP4: {=L4/(INDEX(bet对应表!$F:$F,MATCH($AP$2,bet对应表!$A:$A,0),0))} -> #N/A
A5: 2 | B5: 9 | C5: 1 | D5: =150/C30 -> 150 | E5: =150/$D$30 -> 7.5 | F5: =ROUND(D5/G5,0) -> 6 | G5: =WeightCalculate!S4 -> 24.354704 | H5: =SUM($F$4:F5) -> 9 | I5: =IF(B5=1,E5/bet对应表!M8,IF(B5=9,E5/100,0)) -> 0.075 | J5: =SUM($I$4:I5) -> 0.125 | K5: =F5*QuestGetLevel!$D$51 -> 6000 | L5: =K5+L4 -> 9000 | M5: =J5/H5 -> 0.013888889 | N5: 2 | O5: {=L5/(INDEX(bet对应表!F:F,MATCH($O$2,bet对应表!A:A,0),0))} -> #N/A | P5: {=L5/(INDEX(bet对应表!$F:$F,MATCH($P$2,bet对应表!$A:$A,0),0))} -> #N/A | Q5: {=L5/(INDEX(bet对应表!$F:$F,MATCH($Q$2,bet对应表!$A:$A,0),0))} -> #N/A | R5: {=L5/(INDEX(bet对应表!$F:$F,MATCH($R$2,bet对应表!$A:$A,0),0))} -> #N/A | S5: {=L5/(INDEX(bet对应表!$F:$F,MATCH($S$2,bet对应表!$A:$A,0),0))} -> #N/A | T5: {=L5/(INDEX(bet对应表!$F:$F,MATCH($T$2,bet对应表!$A:$A,0),0))} -> #N/A | U5: {=L5/(INDEX(bet对应表!$F:$F,MATCH($U$2,bet对应表!$A:$A,0),0))} -> #N/A | V5: {=L5/(INDEX(bet对应表!$F:$F,MATCH($V$2,bet对应表!$A:$A,0),0))} -> #N/A | W5: {=L5/(INDEX(bet对应表!$F:$F,MATCH($W$2,bet对应表!$A:$A,0),0))} -> #N/A | X5: {=L5/(INDEX(bet对应表!$F:$F,MATCH($X$2,bet对应表!$A:$A,0),0))} -> #N/A | Y5: {=L5/(INDEX(bet对应表!$F:$F,MATCH($Y$2,bet对应表!$A:$A,0),0))} -> #N/A | Z5: {=L5/(INDEX(bet对应表!$F:$F,MATCH($Z$2,bet对应表!$A:$A,0),0))} -> #N/A | AA5: {=L5/(INDEX(bet对应表!$F:$F,MATCH($AA$2,bet对应表!$A:$A,0),0))} -> #N/A | AB5: {=L5/(INDEX(bet对应表!$F:$F,MATCH($AB$2,bet对应表!$A:$A,0),0))} -> #N/A | AC5: {=L5/(INDEX(bet对应表!$F:$F,MATCH($AC$2,bet对应表!$A:$A,0),0))} -> #N/A | AD5: {=L5/(INDEX(bet对应表!$F:$F,MATCH($AD$2,bet对应表!$A:$A,0),0))} -> #N/A | AF5: 2 | AG5: {=L5/(INDEX(bet对应表!$F:$F,MATCH($AG$2,bet对应表!$A:$A,0),0))} -> #N/A | AH5: {=L5/(INDEX(bet对应表!$F:$F,MATCH($AH$2,bet对应表!$A:$A,0),0))} -> #N/A | AI5: {=L5/(INDEX(bet对应表!$F:$F,MATCH($AI$2,bet对应表!$A:$A,0),0))} -> #DIV/0! | AJ5: {=L5/(INDEX(bet对应表!$F:$F,MATCH($AJ$2,bet对应表!$A:$A,0),0))} -> #DIV/0! | AK5: {=L5/(INDEX(bet对应表!$F:$F,MATCH($AK$2,bet对应表!$A:$A,0),0))} -> #DIV/0! | AL5: {=L5/(INDEX(bet对应表!$F:$F,MATCH($AL$2,bet对应表!$A:$A,0),0))} -> #N/A | AM5: {=L5/(INDEX(bet对应表!$F:$F,MATCH($AM$2,bet对应表!$A:$A,0),0))} -> #N/A | AN5: {=L5/(INDEX(bet对应表!$F:$F,MATCH($AN$2,bet对应表!$A:$A,0),0))} -> #N/A | AO5: {=L5/(INDEX(bet对应表!$F:$F,MATCH($AO$2,bet对应表!$A:$A,0),0))} -> #N/A | AP5: {=L5/(INDEX(bet对应表!$F:$F,MATCH($AP$2,bet对应表!$A:$A,0),0))} -> #N/A
A6: 3 | B6: 9 | C6: 1 | D6: =300/C30 -> 300 | E6: =200/$D$30 -> 10 | F6: =ROUND(D6/G6,0) -> 11 | G6: =WeightCalculate!S5 -> 28.004441 | H6: =SUM($F$4:F6) -> 20 | I6: =IF(B6=1,E6/bet对应表!M9,IF(B6=9,E6/100,0)) -> 0.1 | J6: =SUM($I$4:I6) -> 0.225 | K6: =F6*QuestGetLevel!$D$51 -> 11000 | L6: =K6+L5 -> 20000 | M6: =J6/H6 -> 0.01125 | N6: 3 | O6: {=L6/(INDEX(bet对应表!F:F,MATCH($O$2,bet对应表!A:A,0),0))} -> #N/A | P6: {=L6/(INDEX(bet对应表!$F:$F,MATCH($P$2,bet对应表!$A:$A,0),0))} -> #N/A | Q6: {=L6/(INDEX(bet对应表!$F:$F,MATCH($Q$2,bet对应表!$A:$A,0),0))} -> #N/A | R6: {=L6/(INDEX(bet对应表!$F:$F,MATCH($R$2,bet对应表!$A:$A,0),0))} -> #N/A | S6: {=L6/(INDEX(bet对应表!$F:$F,MATCH($S$2,bet对应表!$A:$A,0),0))} -> #N/A | T6: {=L6/(INDEX(bet对应表!$F:$F,MATCH($T$2,bet对应表!$A:$A,0),0))} -> #N/A | U6: {=L6/(INDEX(bet对应表!$F:$F,MATCH($U$2,bet对应表!$A:$A,0),0))} -> #N/A | V6: {=L6/(INDEX(bet对应表!$F:$F,MATCH($V$2,bet对应表!$A:$A,0),0))} -> #N/A | W6: {=L6/(INDEX(bet对应表!$F:$F,MATCH($W$2,bet对应表!$A:$A,0),0))} -> #N/A | X6: {=L6/(INDEX(bet对应表!$F:$F,MATCH($X$2,bet对应表!$A:$A,0),0))} -> #N/A | Y6: {=L6/(INDEX(bet对应表!$F:$F,MATCH($Y$2,bet对应表!$A:$A,0),0))} -> #N/A | Z6: {=L6/(INDEX(bet对应表!$F:$F,MATCH($Z$2,bet对应表!$A:$A,0),0))} -> #N/A | AA6: {=L6/(INDEX(bet对应表!$F:$F,MATCH($AA$2,bet对应表!$A:$A,0),0))} -> #N/A | AB6: {=L6/(INDEX(bet对应表!$F:$F,MATCH($AB$2,bet对应表!$A:$A,0),0))} -> #N/A | AC6: {=L6/(INDEX(bet对应表!$F:$F,MATCH($AC$2,bet对应表!$A:$A,0),0))} -> #N/A | AD6: {=L6/(INDEX(bet对应表!$F:$F,MATCH($AD$2,bet对应表!$A:$A,0),0))} -> #N/A | AF6: 3 | AG6: {=L6/(INDEX(bet对应表!$F:$F,MATCH($AG$2,bet对应表!$A:$A,0),0))} -> #N/A | AH6: {=L6/(INDEX(bet对应表!$F:$F,MATCH($AH$2,bet对应表!$A:$A,0),0))} -> #N/A | AI6: {=L6/(INDEX(bet对应表!$F:$F,MATCH($AI$2,bet对应表!$A:$A,0),0))} -> #DIV/0! | AJ6: {=L6/(INDEX(bet对应表!$F:$F,MATCH($AJ$2,bet对应表!$A:$A,0),0))} -> #DIV/0! | AK6: {=L6/(INDEX(bet对应表!$F:$F,MATCH($AK$2,bet对应表!$A:$A,0),0))} -> #DIV/0! | AL6: {=L6/(INDEX(bet对应表!$F:$F,MATCH($AL$2,bet对应表!$A:$A,0),0))} -> #N/A | AM6: {=L6/(INDEX(bet对应表!$F:$F,MATCH($AM$2,bet对应表!$A:$A,0),0))} -> #N/A | AN6: {=L6/(INDEX(bet对应表!$F:$F,MATCH($AN$2,bet对应表!$A:$A,0),0))} -> #N/A | AO6: {=L6/(INDEX(bet对应表!$F:$F,MATCH($AO$2,bet对应表!$A:$A,0),0))} -> #N/A | AP6: {=L6/(INDEX(bet对应表!$F:$F,MATCH($AP$2,bet对应表!$A:$A,0),0))} -> #N/A
A7: 4 | B7: 9 | C7: 1 | D7: =600/C30 -> 600 | E7: =300/$D$30 -> 15 | F7: =ROUND(D7/G7,0) -> 18 | G7: =WeightCalculate!S8 -> 33.162309 | H7: =SUM($F$4:F7) -> 38 | I7: =IF(B7=1,E7/bet对应表!M10,IF(B7=9,E7/100,0)) -> 0.15 | J7: =SUM($I$4:I7) -> 0.375 | K7: =F7*QuestGetLevel!$D$51 -> 18000 | L7: =K7+L6 -> 38000 | M7: =J7/H7 -> 0.0098684211 | N7: 4 | O7: {=L7/(INDEX(bet对应表!F:F,MATCH($O$2,bet对应表!A:A,0),0))} -> #N/A | P7: {=L7/(INDEX(bet对应表!$F:$F,MATCH($P$2,bet对应表!$A:$A,0),0))} -> #N/A | Q7: {=L7/(INDEX(bet对应表!$F:$F,MATCH($Q$2,bet对应表!$A:$A,0),0))} -> #N/A | R7: {=L7/(INDEX(bet对应表!$F:$F,MATCH($R$2,bet对应表!$A:$A,0),0))} -> #N/A | S7: {=L7/(INDEX(bet对应表!$F:$F,MATCH($S$2,bet对应表!$A:$A,0),0))} -> #N/A | T7: {=L7/(INDEX(bet对应表!$F:$F,MATCH($T$2,bet对应表!$A:$A,0),0))} -> #N/A | U7: {=L7/(INDEX(bet对应表!$F:$F,MATCH($U$2,bet对应表!$A:$A,0),0))} -> #N/A | V7: {=L7/(INDEX(bet对应表!$F:$F,MATCH($V$2,bet对应表!$A:$A,0),0))} -> #N/A | W7: {=L7/(INDEX(bet对应表!$F:$F,MATCH($W$2,bet对应表!$A:$A,0),0))} -> #N/A | X7: {=L7/(INDEX(bet对应表!$F:$F,MATCH($X$2,bet对应表!$A:$A,0),0))} -> #N/A | Y7: {=L7/(INDEX(bet对应表!$F:$F,MATCH($Y$2,bet对应表!$A:$A,0),0))} -> #N/A | Z7: {=L7/(INDEX(bet对应表!$F:$F,MATCH($Z$2,bet对应表!$A:$A,0),0))} -> #N/A | AA7: {=L7/(INDEX(bet对应表!$F:$F,MATCH($AA$2,bet对应表!$A:$A,0),0))} -> #N/A | AB7: {=L7/(INDEX(bet对应表!$F:$F,MATCH($AB$2,bet对应表!$A:$A,0),0))} -> #N/A | AC7: {=L7/(INDEX(bet对应表!$F:$F,MATCH($AC$2,bet对应表!$A:$A,0),0))} -> #N/A | AD7: {=L7/(INDEX(bet对应表!$F:$F,MATCH($AD$2,bet对应表!$A:$A,0),0))} -> #N/A | AF7: 4 | AG7: {=L7/(INDEX(bet对应表!$F:$F,MATCH($AG$2,bet对应表!$A:$A,0),0))} -> #N/A | AH7: {=L7/(INDEX(bet对应表!$F:$F,MATCH($AH$2,bet对应表!$A:$A,0),0))} -> #N/A | AI7: {=L7/(INDEX(bet对应表!$F:$F,MATCH($AI$2,bet对应表!$A:$A,0),0))} -> #DIV/0! | AJ7: {=L7/(INDEX(bet对应表!$F:$F,MATCH($AJ$2,bet对应表!$A:$A,0),0))} -> #DIV/0! | AK7: {=L7/(INDEX(bet对应表!$F:$F,MATCH($AK$2,bet对应表!$A:$A,0),0))} -> #DIV/0! | AL7: {=L7/(INDEX(bet对应表!$F:$F,MATCH($AL$2,bet对应表!$A:$A,0),0))} -> #N/A | AM7: {=L7/(INDEX(bet对应表!$F:$F,MATCH($AM$2,bet对应表!$A:$A,0),0))} -> #N/A | AN7: {=L7/(INDEX(bet对应表!$F:$F,MATCH($AN$2,bet对应表!$A:$A,0),0))} -> #N/A | AO7: {=L7/(INDEX(bet对应表!$F:$F,MATCH($AO$2,bet对应表!$A:$A,0),0))} -> #N/A | AP7: {=L7/(INDEX(bet对应表!$F:$F,MATCH($AP$2,bet对应表!$A:$A,0),0))} -> #N/A
A8: 5 | B8: 9 | C8: 1 | D8: 1000 | E8: 20 | F8: =ROUND(D8/G8,0) -> 28 | G8: =WeightCalculate!S11 -> 36.130734 | H8: =SUM($F$4:F8) -> 66 | I8: =IF(B8=1,E8/bet对应表!M11,IF(B8=9,E8/100,0)) -> 0.2 | J8: =SUM($I$4:I8) -> 0.575 | K8: =F8*QuestGetLevel!$D$51 -> 28000 | L8: =K8+L7 -> 66000 | M8: =J8/H8 -> 0.0087121212 | N8: 5 | O8: {=L8/(INDEX(bet对应表!F:F,MATCH($O$2,bet对应表!A:A,0),0))} -> #N/A | P8: {=L8/(INDEX(bet对应表!$F:$F,MATCH($P$2,bet对应表!$A:$A,0),0))} -> #N/A | Q8: {=L8/(INDEX(bet对应表!$F:$F,MATCH($Q$2,bet对应表!$A:$A,0),0))} -> #N/A | R8: {=L8/(INDEX(bet对应表!$F:$F,MATCH($R$2,bet对应表!$A:$A,0),0))} -> #N/A | S8: {=L8/(INDEX(bet对应表!$F:$F,MATCH($S$2,bet对应表!$A:$A,0),0))} -> #N/A | T8: {=L8/(INDEX(bet对应表!$F:$F,MATCH($T$2,bet对应表!$A:$A,0),0))} -> #N/A | U8: {=L8/(INDEX(bet对应表!$F:$F,MATCH($U$2,bet对应表!$A:$A,0),0))} -> #N/A | V8: {=L8/(INDEX(bet对应表!$F:$F,MATCH($V$2,bet对应表!$A:$A,0),0))} -> #N/A | W8: {=L8/(INDEX(bet对应表!$F:$F,MATCH($W$2,bet对应表!$A:$A,0),0))} -> #N/A | X8: {=L8/(INDEX(bet对应表!$F:$F,MATCH($X$2,bet对应表!$A:$A,0),0))} -> #N/A | Y8: {=L8/(INDEX(bet对应表!$F:$F,MATCH($Y$2,bet对应表!$A:$A,0),0))} -> #N/A | Z8: {=L8/(INDEX(bet对应表!$F:$F,MATCH($Z$2,bet对应表!$A:$A,0),0))} -> #N/A | AA8: {=L8/(INDEX(bet对应表!$F:$F,MATCH($AA$2,bet对应表!$A:$A,0),0))} -> #N/A | AB8: {=L8/(INDEX(bet对应表!$F:$F,MATCH($AB$2,bet对应表!$A:$A,0),0))} -> #N/A | AC8: {=L8/(INDEX(bet对应表!$F:$F,MATCH($AC$2,bet对应表!$A:$A,0),0))} -> #N/A | AD8: {=L8/(INDEX(bet对应表!$F:$F,MATCH($AD$2,bet对应表!$A:$A,0),0))} -> #N/A | AF8: 5 | AG8: {=L8/(INDEX(bet对应表!$F:$F,MATCH($AG$2,bet对应表!$A:$A,0),0))} -> #N/A | AH8: {=L8/(INDEX(bet对应表!$F:$F,MATCH($AH$2,bet对应表!$A:$A,0),0))} -> #N/A | AI8: {=L8/(INDEX(bet对应表!$F:$F,MATCH($AI$2,bet对应表!$A:$A,0),0))} -> #DIV/0! | AJ8: {=L8/(INDEX(bet对应表!$F:$F,MATCH($AJ$2,bet对应表!$A:$A,0),0))} -> #DIV/0! | AK8: {=L8/(INDEX(bet对应表!$F:$F,MATCH($AK$2,bet对应表!$A:$A,0),0))} -> #DIV/0! | AL8: {=L8/(INDEX(bet对应表!$F:$F,MATCH($AL$2,bet对应表!$A:$A,0),0))} -> #N/A | AM8: {=L8/(INDEX(bet对应表!$F:$F,MATCH($AM$2,bet对应表!$A:$A,0),0))} -> #N/A | AN8: {=L8/(INDEX(bet对应表!$F:$F,MATCH($AN$2,bet对应表!$A:$A,0),0))} -> #N/A | AO8: {=L8/(INDEX(bet对应表!$F:$F,MATCH($AO$2,bet对应表!$A:$A,0),0))} -> #N/A | AP8: {=L8/(INDEX(bet对应表!$F:$F,MATCH($AP$2,bet对应表!$A:$A,0),0))} -> #N/A
A9: 6 | B9: 9 | C9: 1 | D9: 2000 | E9: 30 | F9: =ROUND(D9/G9,0) -> 45 | G9: =WeightCalculate!S14 -> 44.573014 | H9: =SUM($F$4:F9) -> 111 | I9: =IF(B9=1,E9/bet对应表!M12,IF(B9=9,E9/100,0)) -> 0.3 | J9: =SUM($I$4:I9) -> 0.875 | K9: =F9*QuestGetLevel!$D$51 -> 45000 | L9: =K9+L8 -> 111000 | M9: =J9/H9 -> 0.0078828829 | N9: 6 | O9: {=L9/(INDEX(bet对应表!F:F,MATCH($O$2,bet对应表!A:A,0),0))} -> #N/A | P9: {=L9/(INDEX(bet对应表!$F:$F,MATCH($P$2,bet对应表!$A:$A,0),0))} -> #N/A | Q9: {=L9/(INDEX(bet对应表!$F:$F,MATCH($Q$2,bet对应表!$A:$A,0),0))} -> #N/A | R9: {=L9/(INDEX(bet对应表!$F:$F,MATCH($R$2,bet对应表!$A:$A,0),0))} -> #N/A | S9: {=L9/(INDEX(bet对应表!$F:$F,MATCH($S$2,bet对应表!$A:$A,0),0))} -> #N/A | T9: {=L9/(INDEX(bet对应表!$F:$F,MATCH($T$2,bet对应表!$A:$A,0),0))} -> #N/A | U9: {=L9/(INDEX(bet对应表!$F:$F,MATCH($U$2,bet对应表!$A:$A,0),0))} -> #N/A | V9: {=L9/(INDEX(bet对应表!$F:$F,MATCH($V$2,bet对应表!$A:$A,0),0))} -> #N/A | W9: {=L9/(INDEX(bet对应表!$F:$F,MATCH($W$2,bet对应表!$A:$A,0),0))} -> #N/A | X9: {=L9/(INDEX(bet对应表!$F:$F,MATCH($X$2,bet对应表!$A:$A,0),0))} -> #N/A | Y9: {=L9/(INDEX(bet对应表!$F:$F,MATCH($Y$2,bet对应表!$A:$A,0),0))} -> #N/A | Z9: {=L9/(INDEX(bet对应表!$F:$F,MATCH($Z$2,bet对应表!$A:$A,0),0))} -> #N/A | AA9: {=L9/(INDEX(bet对应表!$F:$F,MATCH($AA$2,bet对应表!$A:$A,0),0))} -> #N/A | AB9: {=L9/(INDEX(bet对应表!$F:$F,MATCH($AB$2,bet对应表!$A:$A,0),0))} -> #N/A | AC9: {=L9/(INDEX(bet对应表!$F:$F,MATCH($AC$2,bet对应表!$A:$A,0),0))} -> #N/A | AD9: {=L9/(INDEX(bet对应表!$F:$F,MATCH($AD$2,bet对应表!$A:$A,0),0))} -> #N/A | AF9: 6 | AG9: {=L9/(INDEX(bet对应表!$F:$F,MATCH($AG$2,bet对应表!$A:$A,0),0))} -> #N/A | AH9: {=L9/(INDEX(bet对应表!$F:$F,MATCH($AH$2,bet对应表!$A:$A,0),0))} -> #N/A | AI9: {=L9/(INDEX(bet对应表!$F:$F,MATCH($AI$2,bet对应表!$A:$A,0),0))} -> #DIV/0! | AJ9: {=L9/(INDEX(bet对应表!$F:$F,MATCH($AJ$2,bet对应表!$A:$A,0),0))} -> #DIV/0! | AK9: {=L9/(INDEX(bet对应表!$F:$F,MATCH($AK$2,bet对应表!$A:$A,0),0))} -> #DIV/0! | AL9: {=L9/(INDEX(bet对应表!$F:$F,MATCH($AL$2,bet对应表!$A:$A,0),0))} -> #N/A | AM9: {=L9/(INDEX(bet对应表!$F:$F,MATCH($AM$2,bet对应表!$A:$A,0),0))} -> #N/A | AN9: {=L9/(INDEX(bet对应表!$F:$F,MATCH($AN$2,bet对应表!$A:$A,0),0))} -> #N/A | AO9: {=L9/(INDEX(bet对应表!$F:$F,MATCH($AO$2,bet对应表!$A:$A,0),0))} -> #N/A | AP9: {=L9/(INDEX(bet对应表!$F:$F,MATCH($AP$2,bet对应表!$A:$A,0),0))} -> #N/A
A10: 7 | B10: 9 | C10: 1 | D10: 3000 | E10: =900/$D$30 -> 45 | F10: =ROUND(D10/G10,0) -> 62 | G10: =WeightCalculate!S17 -> 48.38781 | H10: =SUM($F$4:F10) -> 173 | I10: =IF(B10=1,E10/bet对应表!M13,IF(B10=9,E10/100,0)) -> 0.45 | J10: =SUM($I$4:I10) -> 1.325 | K10: =F10*QuestGetLevel!$D$51 -> 62000 | L10: =K10+L9 -> 173000 | M10: =J10/H10 -> 0.0076589595 | N10: 7 | O10: {=L10/(INDEX(bet对应表!F:F,MATCH($O$2,bet对应表!A:A,0),0))} -> #N/A | P10: {=L10/(INDEX(bet对应表!$F:$F,MATCH($P$2,bet对应表!$A:$A,0),0))} -> #N/A | Q10: {=L10/(INDEX(bet对应表!$F:$F,MATCH($Q$2,bet对应表!$A:$A,0),0))} -> #N/A | R10: {=L10/(INDEX(bet对应表!$F:$F,MATCH($R$2,bet对应表!$A:$A,0),0))} -> #N/A | S10: {=L10/(INDEX(bet对应表!$F:$F,MATCH($S$2,bet对应表!$A:$A,0),0))} -> #N/A | T10: {=L10/(INDEX(bet对应表!$F:$F,MATCH($T$2,bet对应表!$A:$A,0),0))} -> #N/A | U10: {=L10/(INDEX(bet对应表!$F:$F,MATCH($U$2,bet对应表!$A:$A,0),0))} -> #N/A | V10: {=L10/(INDEX(bet对应表!$F:$F,MATCH($V$2,bet对应表!$A:$A,0),0))} -> #N/A | W10: {=L10/(INDEX(bet对应表!$F:$F,MATCH($W$2,bet对应表!$A:$A,0),0))} -> #N/A | X10: {=L10/(INDEX(bet对应表!$F:$F,MATCH($X$2,bet对应表!$A:$A,0),0))} -> #N/A | Y10: {=L10/(INDEX(bet对应表!$F:$F,MATCH($Y$2,bet对应表!$A:$A,0),0))} -> #N/A | Z10: {=L10/(INDEX(bet对应表!$F:$F,MATCH($Z$2,bet对应表!$A:$A,0),0))} -> #N/A | AA10: {=L10/(INDEX(bet对应表!$F:$F,MATCH($AA$2,bet对应表!$A:$A,0),0))} -> #N/A | AB10: {=L10/(INDEX(bet对应表!$F:$F,MATCH($AB$2,bet对应表!$A:$A,0),0))} -> #N/A | AC10: {=L10/(INDEX(bet对应表!$F:$F,MATCH($AC$2,bet对应表!$A:$A,0),0))} -> #N/A | AD10: {=L10/(INDEX(bet对应表!$F:$F,MATCH($AD$2,bet对应表!$A:$A,0),0))} -> #N/A | AF10: 7 | AG10: {=L10/(INDEX(bet对应表!$F:$F,MATCH($AG$2,bet对应表!$A:$A,0),0))} -> #N/A | AH10: {=L10/(INDEX(bet对应表!$F:$F,MATCH($AH$2,bet对应表!$A:$A,0),0))} -> #N/A | AI10: {=L10/(INDEX(bet对应表!$F:$F,MATCH($AI$2,bet对应表!$A:$A,0),0))} -> #DIV/0! | AJ10: {=L10/(INDEX(bet对应表!$F:$F,MATCH($AJ$2,bet对应表!$A:$A,0),0))} -> #DIV/0! | AK10: {=L10/(INDEX(bet对应表!$F:$F,MATCH($AK$2,bet对应表!$A:$A,0),0))} -> #DIV/0! | AL10: {=L10/(INDEX(bet对应表!$F:$F,MATCH($AL$2,bet对应表!$A:$A,0),0))} -> #N/A | AM10: {=L10/(INDEX(bet对应表!$F:$F,MATCH($AM$2,bet对应表!$A:$A,0),0))} -> #N/A | AN10: {=L10/(INDEX(bet对应表!$F:$F,MATCH($AN$2,bet对应表!$A:$A,0),0))} -> #N/A | AO10: {=L10/(INDEX(bet对应表!$F:$F,MATCH($AO$2,bet对应表!$A:$A,0),0))} -> #N/A | AP10: {=L10/(INDEX(bet对应表!$F:$F,MATCH($AP$2,bet对应表!$A:$A,0),0))} -> #N/A
A11: 8 | B11: 9 | C11: 1 | D11: 5000 | E11: =1200/$D$30 -> 60 | F11: =ROUND(D11/G11,0) -> 99 | G11: =WeightCalculate!S20 -> 50.543605 | H11: =SUM($F$4:F11) -> 272 | I11: =IF(B11=1,E11/bet对应表!M14,IF(B11=9,E11/100,0)) -> 0.6 | J11: =SUM($I$4:I11)+E30 -> 2.925 | K11: =F11*QuestGetLevel!$D$51 -> 99000 | L11: =K11+L10 -> 272000 | M11: =J11/H11 -> 0.010753676 | N11: 8 | O11: {=L11/(INDEX(bet对应表!F:F,MATCH($O$2,bet对应表!A:A,0),0))} -> #N/A | P11: {=L11/(INDEX(bet对应表!$F:$F,MATCH($P$2,bet对应表!$A:$A,0),0))} -> #N/A | Q11: {=L11/(INDEX(bet对应表!$F:$F,MATCH($Q$2,bet对应表!$A:$A,0),0))} -> #N/A | R11: {=L11/(INDEX(bet对应表!$F:$F,MATCH($R$2,bet对应表!$A:$A,0),0))} -> #N/A | S11: {=L11/(INDEX(bet对应表!$F:$F,MATCH($S$2,bet对应表!$A:$A,0),0))} -> #N/A | T11: {=L11/(INDEX(bet对应表!$F:$F,MATCH($T$2,bet对应表!$A:$A,0),0))} -> #N/A | U11: {=L11/(INDEX(bet对应表!$F:$F,MATCH($U$2,bet对应表!$A:$A,0),0))} -> #N/A | V11: {=L11/(INDEX(bet对应表!$F:$F,MATCH($V$2,bet对应表!$A:$A,0),0))} -> #N/A | W11: {=L11/(INDEX(bet对应表!$F:$F,MATCH($W$2,bet对应表!$A:$A,0),0))} -> #N/A | X11: {=L11/(INDEX(bet对应表!$F:$F,MATCH($X$2,bet对应表!$A:$A,0),0))} -> #N/A | Y11: {=L11/(INDEX(bet对应表!$F:$F,MATCH($Y$2,bet对应表!$A:$A,0),0))} -> #N/A | Z11: {=L11/(INDEX(bet对应表!$F:$F,MATCH($Z$2,bet对应表!$A:$A,0),0))} -> #N/A | AA11: {=L11/(INDEX(bet对应表!$F:$F,MATCH($AA$2,bet对应表!$A:$A,0),0))} -> #N/A | AB11: {=L11/(INDEX(bet对应表!$F:$F,MATCH($AB$2,bet对应表!$A:$A,0),0))} -> #N/A | AC11: {=L11/(INDEX(bet对应表!$F:$F,MATCH($AC$2,bet对应表!$A:$A,0),0))} -> #N/A | AD11: {=L11/(INDEX(bet对应表!$F:$F,MATCH($AD$2,bet对应表!$A:$A,0),0))} -> #N/A | AF11: 8 | AG11: {=L11/(INDEX(bet对应表!$F:$F,MATCH($AG$2,bet对应表!$A:$A,0),0))} -> #N/A | AH11: {=L11/(INDEX(bet对应表!$F:$F,MATCH($AH$2,bet对应表!$A:$A,0),0))} -> #N/A | AI11: {=L11/(INDEX(bet对应表!$F:$F,MATCH($AI$2,bet对应表!$A:$A,0),0))} -> #DIV/0! | AJ11: {=L11/(INDEX(bet对应表!$F:$F,MATCH($AJ$2,bet对应表!$A:$A,0),0))} -> #DIV/0! | AK11: {=L11/(INDEX(bet对应表!$F:$F,MATCH($AK$2,bet对应表!$A:$A,0),0))} -> #DIV/0! | AL11: {=L11/(INDEX(bet对应表!$F:$F,MATCH($AL$2,bet对应表!$A:$A,0),0))} -> #N/A | AM11: {=L11/(INDEX(bet对应表!$F:$F,MATCH($AM$2,bet对应表!$A:$A,0),0))} -> #N/A | AN11: {=L11/(INDEX(bet对应表!$F:$F,MATCH($AN$2,bet对应表!$A:$A,0),0))} -> #N/A | AO11: {=L11/(INDEX(bet对应表!$F:$F,MATCH($AO$2,bet对应表!$A:$A,0),0))} -> #N/A | AP11: {=L11/(INDEX(bet对应表!$F:$F,MATCH($AP$2,bet对应表!$A:$A,0),0))} -> #N/A
A12: 1 | B12: 9 | C12: 1 | D12: 70 | E12: =ROUND(E4*3,0) -> 15 | F12: =ROUND(D12/G12,0) -> 3 | G12: =WeightCalculate!S3 -> 21.764706 | H12: =F12+H11 -> 275 | I12: =IF(B12=1,E12/bet对应表!M15,IF(B12=9,E12/100,0)) -> 0.15 | J12: =I12+J11 -> 3.075 | K12: =F12*QuestGetLevel!$D$149 -> 9000 | L12: =K12+L11 -> 281000 | M12: =J12/H12 -> 0.011181818 | N12: 9 | O12: {=L12/(INDEX(bet对应表!F:F,MATCH($O$2,bet对应表!A:A,0),0))} -> #N/A | P12: {=L12/(INDEX(bet对应表!$F:$F,MATCH($P$2,bet对应表!$A:$A,0),0))} -> #N/A | Q12: {=L12/(INDEX(bet对应表!$F:$F,MATCH($Q$2,bet对应表!$A:$A,0),0))} -> #N/A | R12: {=L12/(INDEX(bet对应表!$F:$F,MATCH($R$2,bet对应表!$A:$A,0),0))} -> #N/A | S12: {=L12/(INDEX(bet对应表!$F:$F,MATCH($S$2,bet对应表!$A:$A,0),0))} -> #N/A | T12: {=L12/(INDEX(bet对应表!$F:$F,MATCH($T$2,bet对应表!$A:$A,0),0))} -> #N/A | U12: {=L12/(INDEX(bet对应表!$F:$F,MATCH($U$2,bet对应表!$A:$A,0),0))} -> #N/A | V12: {=L12/(INDEX(bet对应表!$F:$F,MATCH($V$2,bet对应表!$A:$A,0),0))} -> #N/A | W12: {=L12/(INDEX(bet对应表!$F:$F,MATCH($W$2,bet对应表!$A:$A,0),0))} -> #N/A | X12: {=L12/(INDEX(bet对应表!$F:$F,MATCH($X$2,bet对应表!$A:$A,0),0))} -> #N/A | Y12: {=L12/(INDEX(bet对应表!$F:$F,MATCH($Y$2,bet对应表!$A:$A,0),0))} -> #N/A | Z12: {=L12/(INDEX(bet对应表!$F:$F,MATCH($Z$2,bet对应表!$A:$A,0),0))} -> #N/A | AA12: {=L12/(INDEX(bet对应表!$F:$F,MATCH($AA$2,bet对应表!$A:$A,0),0))} -> #N/A | AB12: {=L12/(INDEX(bet对应表!$F:$F,MATCH($AB$2,bet对应表!$A:$A,0),0))} -> #N/A | AC12: {=L12/(INDEX(bet对应表!$F:$F,MATCH($AC$2,bet对应表!$A:$A,0),0))} -> #N/A | AD12: {=L12/(INDEX(bet对应表!$F:$F,MATCH($AD$2,bet对应表!$A:$A,0),0))} -> #N/A | AF12: 9 | AG12: {=L12/(INDEX(bet对应表!$F:$F,MATCH($AG$2,bet对应表!$A:$A,0),0))} -> #N/A | AH12: {=L12/(INDEX(bet对应表!$F:$F,MATCH($AH$2,bet对应表!$A:$A,0),0))} -> #N/A | AI12: {=L12/(INDEX(bet对应表!$F:$F,MATCH($AI$2,bet对应表!$A:$A,0),0))} -> #DIV/0! | AJ12: {=L12/(INDEX(bet对应表!$F:$F,MATCH($AJ$2,bet对应表!$A:$A,0),0))} -> #DIV/0! | AK12: {=L12/(INDEX(bet对应表!$F:$F,MATCH($AK$2,bet对应表!$A:$A,0),0))} -> #DIV/0! | AL12: {=L12/(INDEX(bet对应表!$F:$F,MATCH($AL$2,bet对应表!$A:$A,0),0))} -> #N/A | AM12: {=L12/(INDEX(bet对应表!$F:$F,MATCH($AM$2,bet对应表!$A:$A,0),0))} -> #N/A | AN12: {=L12/(INDEX(bet对应表!$F:$F,MATCH($AN$2,bet对应表!$A:$A,0),0))} -> #N/A | AO12: {=L12/(INDEX(bet对应表!$F:$F,MATCH($AO$2,bet对应表!$A:$A,0),0))} -> #N/A | AP12: {=L12/(INDEX(bet对应表!$F:$F,MATCH($AP$2,bet对应表!$A:$A,0),0))} -> #N/A
A13: 2 | B13: 9 | C13: 1 | D13: 150 | E13: =ROUND(E5*3,0) -> 23 | F13: =ROUND(D13/G13,0) -> 6 | G13: =WeightCalculate!S4 -> 24.354704 | H13: =F13+H12 -> 281 | I13: =IF(B13=1,E13/bet对应表!M16,IF(B13=9,E13/100,0)) -> 0.23 | J13: =I13+J12 -> 3.305 | K13: =F13*QuestGetLevel!$D$149 -> 18000 | L13: =K13+L12 -> 299000 | M13: =J13/H13 -> 0.011761566 | N13: 10 | O13: {=L13/(INDEX(bet对应表!F:F,MATCH($O$2,bet对应表!A:A,0),0))} -> #N/A | P13: {=L13/(INDEX(bet对应表!$F:$F,MATCH($P$2,bet对应表!$A:$A,0),0))} -> #N/A | Q13: {=L13/(INDEX(bet对应表!$F:$F,MATCH($Q$2,bet对应表!$A:$A,0),0))} -> #N/A | R13: {=L13/(INDEX(bet对应表!$F:$F,MATCH($R$2,bet对应表!$A:$A,0),0))} -> #N/A | S13: {=L13/(INDEX(bet对应表!$F:$F,MATCH($S$2,bet对应表!$A:$A,0),0))} -> #N/A | T13: {=L13/(INDEX(bet对应表!$F:$F,MATCH($T$2,bet对应表!$A:$A,0),0))} -> #N/A | U13: {=L13/(INDEX(bet对应表!$F:$F,MATCH($U$2,bet对应表!$A:$A,0),0))} -> #N/A | V13: {=L13/(INDEX(bet对应表!$F:$F,MATCH($V$2,bet对应表!$A:$A,0),0))} -> #N/A | W13: {=L13/(INDEX(bet对应表!$F:$F,MATCH($W$2,bet对应表!$A:$A,0),0))} -> #N/A | X13: {=L13/(INDEX(bet对应表!$F:$F,MATCH($X$2,bet对应表!$A:$A,0),0))} -> #N/A | Y13: {=L13/(INDEX(bet对应表!$F:$F,MATCH($Y$2,bet对应表!$A:$A,0),0))} -> #N/A | Z13: {=L13/(INDEX(bet对应表!$F:$F,MATCH($Z$2,bet对应表!$A:$A,0),0))} -> #N/A | AA13: {=L13/(INDEX(bet对应表!$F:$F,MATCH($AA$2,bet对应表!$A:$A,0),0))} -> #N/A | AB13: {=L13/(INDEX(bet对应表!$F:$F,MATCH($AB$2,bet对应表!$A:$A,0),0))} -> #N/A | AC13: {=L13/(INDEX(bet对应表!$F:$F,MATCH($AC$2,bet对应表!$A:$A,0),0))} -> #N/A | AD13: {=L13/(INDEX(bet对应表!$F:$F,MATCH($AD$2,bet对应表!$A:$A,0),0))} -> #N/A | AF13: 10 | AG13: {=L13/(INDEX(bet对应表!$F:$F,MATCH($AG$2,bet对应表!$A:$A,0),0))} -> #N/A | AH13: {=L13/(INDEX(bet对应表!$F:$F,MATCH($AH$2,bet对应表!$A:$A,0),0))} -> #N/A | AI13: {=L13/(INDEX(bet对应表!$F:$F,MATCH($AI$2,bet对应表!$A:$A,0),0))} -> #DIV/0! | AJ13: {=L13/(INDEX(bet对应表!$F:$F,MATCH($AJ$2,bet对应表!$A:$A,0),0))} -> #DIV/0! | AK13: {=L13/(INDEX(bet对应表!$F:$F,MATCH($AK$2,bet对应表!$A:$A,0),0))} -> #DIV/0! | AL13: {=L13/(INDEX(bet对应表!$F:$F,MATCH($AL$2,bet对应表!$A:$A,0),0))} -> #N/A | AM13: {=L13/(INDEX(bet对应表!$F:$F,MATCH($AM$2,bet对应表!$A:$A,0),0))} -> #N/A | AN13: {=L13/(INDEX(bet对应表!$F:$F,MATCH($AN$2,bet对应表!$A:$A,0),0))} -> #N/A | AO13: {=L13/(INDEX(bet对应表!$F:$F,MATCH($AO$2,bet对应表!$A:$A,0),0))} -> #N/A | AP13: {=L13/(INDEX(bet对应表!$F:$F,MATCH($AP$2,bet对应表!$A:$A,0),0))} -> #N/A
A14: 3 | B14: 9 | C14: 1 | D14: 300 | E14: =ROUND(E6*3,0) -> 30 | F14: =ROUND(D14/G14,0) -> 11 | G14: =WeightCalculate!S5 -> 28.004441 | H14: =F14+H13 -> 292 | I14: =IF(B14=1,E14/bet对应表!M17,IF(B14=9,E14/100,0)) -> 0.3 | J14: =I14+J13 -> 3.605 | K14: =F14*QuestGetLevel!$D$149 -> 33000 | L14: =K14+L13 -> 332000 | M14: =J14/H14 -> 0.01234589 | N14: 11 | O14: {=L14/(INDEX(bet对应表!F:F,MATCH($O$2,bet对应表!A:A,0),0))} -> #N/A | P14: {=L14/(INDEX(bet对应表!$F:$F,MATCH($P$2,bet对应表!$A:$A,0),0))} -> #N/A | Q14: {=L14/(INDEX(bet对应表!$F:$F,MATCH($Q$2,bet对应表!$A:$A,0),0))} -> #N/A | R14: {=L14/(INDEX(bet对应表!$F:$F,MATCH($R$2,bet对应表!$A:$A,0),0))} -> #N/A | S14: {=L14/(INDEX(bet对应表!$F:$F,MATCH($S$2,bet对应表!$A:$A,0),0))} -> #N/A | T14: {=L14/(INDEX(bet对应表!$F:$F,MATCH($T$2,bet对应表!$A:$A,0),0))} -> #N/A | U14: {=L14/(INDEX(bet对应表!$F:$F,MATCH($U$2,bet对应表!$A:$A,0),0))} -> #N/A | V14: {=L14/(INDEX(bet对应表!$F:$F,MATCH($V$2,bet对应表!$A:$A,0),0))} -> #N/A | W14: {=L14/(INDEX(bet对应表!$F:$F,MATCH($W$2,bet对应表!$A:$A,0),0))} -> #N/A | X14: {=L14/(INDEX(bet对应表!$F:$F,MATCH($X$2,bet对应表!$A:$A,0),0))} -> #N/A | Y14: {=L14/(INDEX(bet对应表!$F:$F,MATCH($Y$2,bet对应表!$A:$A,0),0))} -> #N/A | Z14: {=L14/(INDEX(bet对应表!$F:$F,MATCH($Z$2,bet对应表!$A:$A,0),0))} -> #N/A | AA14: {=L14/(INDEX(bet对应表!$F:$F,MATCH($AA$2,bet对应表!$A:$A,0),0))} -> #N/A | AB14: {=L14/(INDEX(bet对应表!$F:$F,MATCH($AB$2,bet对应表!$A:$A,0),0))} -> #N/A | AC14: {=L14/(INDEX(bet对应表!$F:$F,MATCH($AC$2,bet对应表!$A:$A,0),0))} -> #N/A | AD14: {=L14/(INDEX(bet对应表!$F:$F,MATCH($AD$2,bet对应表!$A:$A,0),0))} -> #N/A | AF14: 11 | AG14: {=L14/(INDEX(bet对应表!$F:$F,MATCH($AG$2,bet对应表!$A:$A,0),0))} -> #N/A | AH14: {=L14/(INDEX(bet对应表!$F:$F,MATCH($AH$2,bet对应表!$A:$A,0),0))} -> #N/A | AI14: {=L14/(INDEX(bet对应表!$F:$F,MATCH($AI$2,bet对应表!$A:$A,0),0))} -> #DIV/0! | AJ14: {=L14/(INDEX(bet对应表!$F:$F,MATCH($AJ$2,bet对应表!$A:$A,0),0))} -> #DIV/0! | AK14: {=L14/(INDEX(bet对应表!$F:$F,MATCH($AK$2,bet对应表!$A:$A,0),0))} -> #DIV/0! | AL14: {=L14/(INDEX(bet对应表!$F:$F,MATCH($AL$2,bet对应表!$A:$A,0),0))} -> #N/A | AM14: {=L14/(INDEX(bet对应表!$F:$F,MATCH($AM$2,bet对应表!$A:$A,0),0))} -> #N/A | AN14: {=L14/(INDEX(bet对应表!$F:$F,MATCH($AN$2,bet对应表!$A:$A,0),0))} -> #N/A | AO14: {=L14/(INDEX(bet对应表!$F:$F,MATCH($AO$2,bet对应表!$A:$A,0),0))} -> #N/A | AP14: {=L14/(INDEX(bet对应表!$F:$F,MATCH($AP$2,bet对应表!$A:$A,0),0))} -> #N/A
A15: 4 | B15: 9 | C15: 1 | D15: 600 | E15: =ROUND(E7*3,0) -> 45 | F15: =ROUND(D15/G15,0) -> 18 | G15: =WeightCalculate!S8 -> 33.162309 | H15: =F15+H14 -> 310 | I15: =IF(B15=1,E15/bet对应表!M18,IF(B15=9,E15/100,0)) -> 0.45 | J15: =I15+J14 -> 4.055 | K15: =F15*QuestGetLevel!$D$149 -> 54000 | L15: =K15+L14 -> 386000 | M15: =J15/H15 -> 0.013080645 | N15: 12 | O15: {=L15/(INDEX(bet对应表!F:F,MATCH($O$2,bet对应表!A:A,0),0))} -> #N/A | P15: {=L15/(INDEX(bet对应表!$F:$F,MATCH($P$2,bet对应表!$A:$A,0),0))} -> #N/A | Q15: {=L15/(INDEX(bet对应表!$F:$F,MATCH($Q$2,bet对应表!$A:$A,0),0))} -> #N/A | R15: {=L15/(INDEX(bet对应表!$F:$F,MATCH($R$2,bet对应表!$A:$A,0),0))} -> #N/A | S15: {=L15/(INDEX(bet对应表!$F:$F,MATCH($S$2,bet对应表!$A:$A,0),0))} -> #N/A | T15: {=L15/(INDEX(bet对应表!$F:$F,MATCH($T$2,bet对应表!$A:$A,0),0))} -> #N/A | U15: {=L15/(INDEX(bet对应表!$F:$F,MATCH($U$2,bet对应表!$A:$A,0),0))} -> #N/A | V15: {=L15/(INDEX(bet对应表!$F:$F,MATCH($V$2,bet对应表!$A:$A,0),0))} -> #N/A | W15: {=L15/(INDEX(bet对应表!$F:$F,MATCH($W$2,bet对应表!$A:$A,0),0))} -> #N/A | X15: {=L15/(INDEX(bet对应表!$F:$F,MATCH($X$2,bet对应表!$A:$A,0),0))} -> #N/A | Y15: {=L15/(INDEX(bet对应表!$F:$F,MATCH($Y$2,bet对应表!$A:$A,0),0))} -> #N/A | Z15: {=L15/(INDEX(bet对应表!$F:$F,MATCH($Z$2,bet对应表!$A:$A,0),0))} -> #N/A | AA15: {=L15/(INDEX(bet对应表!$F:$F,MATCH($AA$2,bet对应表!$A:$A,0),0))} -> #N/A | AB15: {=L15/(INDEX(bet对应表!$F:$F,MATCH($AB$2,bet对应表!$A:$A,0),0))} -> #N/A | AC15: {=L15/(INDEX(bet对应表!$F:$F,MATCH($AC$2,bet对应表!$A:$A,0),0))} -> #N/A | AD15: {=L15/(INDEX(bet对应表!$F:$F,MATCH($AD$2,bet对应表!$A:$A,0),0))} -> #N/A | AF15: 12 | AG15: {=L15/(INDEX(bet对应表!$F:$F,MATCH($AG$2,bet对应表!$A:$A,0),0))} -> #N/A | AH15: {=L15/(INDEX(bet对应表!$F:$F,MATCH($AH$2,bet对应表!$A:$A,0),0))} -> #N/A | AI15: {=L15/(INDEX(bet对应表!$F:$F,MATCH($AI$2,bet对应表!$A:$A,0),0))} -> #DIV/0! | AJ15: {=L15/(INDEX(bet对应表!$F:$F,MATCH($AJ$2,bet对应表!$A:$A,0),0))} -> #DIV/0! | AK15: {=L15/(INDEX(bet对应表!$F:$F,MATCH($AK$2,bet对应表!$A:$A,0),0))} -> #DIV/0! | AL15: {=L15/(INDEX(bet对应表!$F:$F,MATCH($AL$2,bet对应表!$A:$A,0),0))} -> #N/A | AM15: {=L15/(INDEX(bet对应表!$F:$F,MATCH($AM$2,bet对应表!$A:$A,0),0))} -> #N/A | AN15: {=L15/(INDEX(bet对应表!$F:$F,MATCH($AN$2,bet对应表!$A:$A,0),0))} -> #N/A | AO15: {=L15/(INDEX(bet对应表!$F:$F,MATCH($AO$2,bet对应表!$A:$A,0),0))} -> #N/A | AP15: {=L15/(INDEX(bet对应表!$F:$F,MATCH($AP$2,bet对应表!$A:$A,0),0))} -> #N/A
A16: 5 | B16: 9 | C16: 1 | D16: 1200 | E16: =ROUND(E8*3,0) -> 60 | F16: =ROUND(D16/G16,0) -> 33 | G16: =WeightCalculate!S11 -> 36.130734 | H16: =F16+H15 -> 343 | I16: =IF(B16=1,E16/bet对应表!M19,IF(B16=9,E16/100,0)) -> 0.6 | J16: =I16+J15 -> 4.655 | K16: =F16*QuestGetLevel!$D$149 -> 99000 | L16: =K16+L15 -> 485000 | M16: =J16/H16 -> 0.013571429 | N16: 13 | O16: {=L16/(INDEX(bet对应表!F:F,MATCH($O$2,bet对应表!A:A,0),0))} -> #N/A | P16: {=L16/(INDEX(bet对应表!$F:$F,MATCH($P$2,bet对应表!$A:$A,0),0))} -> #N/A | Q16: {=L16/(INDEX(bet对应表!$F:$F,MATCH($Q$2,bet对应表!$A:$A,0),0))} -> #N/A | R16: {=L16/(INDEX(bet对应表!$F:$F,MATCH($R$2,bet对应表!$A:$A,0),0))} -> #N/A | S16: {=L16/(INDEX(bet对应表!$F:$F,MATCH($S$2,bet对应表!$A:$A,0),0))} -> #N/A | T16: {=L16/(INDEX(bet对应表!$F:$F,MATCH($T$2,bet对应表!$A:$A,0),0))} -> #N/A | U16: {=L16/(INDEX(bet对应表!$F:$F,MATCH($U$2,bet对应表!$A:$A,0),0))} -> #N/A | V16: {=L16/(INDEX(bet对应表!$F:$F,MATCH($V$2,bet对应表!$A:$A,0),0))} -> #N/A | W16: {=L16/(INDEX(bet对应表!$F:$F,MATCH($W$2,bet对应表!$A:$A,0),0))} -> #N/A | X16: {=L16/(INDEX(bet对应表!$F:$F,MATCH($X$2,bet对应表!$A:$A,0),0))} -> #N/A | Y16: {=L16/(INDEX(bet对应表!$F:$F,MATCH($Y$2,bet对应表!$A:$A,0),0))} -> #N/A | Z16: {=L16/(INDEX(bet对应表!$F:$F,MATCH($Z$2,bet对应表!$A:$A,0),0))} -> #N/A | AA16: {=L16/(INDEX(bet对应表!$F:$F,MATCH($AA$2,bet对应表!$A:$A,0),0))} -> #N/A | AB16: {=L16/(INDEX(bet对应表!$F:$F,MATCH($AB$2,bet对应表!$A:$A,0),0))} -> #N/A | AC16: {=L16/(INDEX(bet对应表!$F:$F,MATCH($AC$2,bet对应表!$A:$A,0),0))} -> #N/A | AD16: {=L16/(INDEX(bet对应表!$F:$F,MATCH($AD$2,bet对应表!$A:$A,0),0))} -> #N/A | AF16: 13 | AG16: {=L16/(INDEX(bet对应表!$F:$F,MATCH($AG$2,bet对应表!$A:$A,0),0))} -> #N/A | AH16: {=L16/(INDEX(bet对应表!$F:$F,MATCH($AH$2,bet对应表!$A:$A,0),0))} -> #N/A | AI16: {=L16/(INDEX(bet对应表!$F:$F,MATCH($AI$2,bet对应表!$A:$A,0),0))} -> #DIV/0! | AJ16: {=L16/(INDEX(bet对应表!$F:$F,MATCH($AJ$2,bet对应表!$A:$A,0),0))} -> #DIV/0! | AK16: {=L16/(INDEX(bet对应表!$F:$F,MATCH($AK$2,bet对应表!$A:$A,0),0))} -> #DIV/0! | AL16: {=L16/(INDEX(bet对应表!$F:$F,MATCH($AL$2,bet对应表!$A:$A,0),0))} -> #N/A | AM16: {=L16/(INDEX(bet对应表!$F:$F,MATCH($AM$2,bet对应表!$A:$A,0),0))} -> #N/A | AN16: {=L16/(INDEX(bet对应表!$F:$F,MATCH($AN$2,bet对应表!$A:$A,0),0))} -> #N/A | AO16: {=L16/(INDEX(bet对应表!$F:$F,MATCH($AO$2,bet对应表!$A:$A,0),0))} -> #N/A | AP16: {=L16/(INDEX(bet对应表!$F:$F,MATCH($AP$2,bet对应表!$A:$A,0),0))} -> #N/A
A17: 6 | B17: 9 | C17: 1 | D17: 2500 | E17: =ROUND(E9*3,0) -> 90 | F17: =ROUND(D17/G17,0) -> 56 | G17: =WeightCalculate!S14 -> 44.573014 | H17: =F17+H16 -> 399 | I17: =IF(B17=1,E17/bet对应表!M20,IF(B17=9,E17/100,0)) -> 0.9 | J17: =I17+J16 -> 5.555 | K17: =F17*QuestGetLevel!$D$149 -> 168000 | L17: =K17+L16 -> 653000 | M17: =J17/H17 -> 0.013922306 | N17: 14 | O17: {=L17/(INDEX(bet对应表!F:F,MATCH($O$2,bet对应表!A:A,0),0))} -> #N/A | P17: {=L17/(INDEX(bet对应表!$F:$F,MATCH($P$2,bet对应表!$A:$A,0),0))} -> #N/A | Q17: {=L17/(INDEX(bet对应表!$F:$F,MATCH($Q$2,bet对应表!$A:$A,0),0))} -> #N/A | R17: {=L17/(INDEX(bet对应表!$F:$F,MATCH($R$2,bet对应表!$A:$A,0),0))} -> #N/A | S17: {=L17/(INDEX(bet对应表!$F:$F,MATCH($S$2,bet对应表!$A:$A,0),0))} -> #N/A | T17: {=L17/(INDEX(bet对应表!$F:$F,MATCH($T$2,bet对应表!$A:$A,0),0))} -> #N/A | U17: {=L17/(INDEX(bet对应表!$F:$F,MATCH($U$2,bet对应表!$A:$A,0),0))} -> #N/A | V17: {=L17/(INDEX(bet对应表!$F:$F,MATCH($V$2,bet对应表!$A:$A,0),0))} -> #N/A | W17: {=L17/(INDEX(bet对应表!$F:$F,MATCH($W$2,bet对应表!$A:$A,0),0))} -> #N/A | X17: {=L17/(INDEX(bet对应表!$F:$F,MATCH($X$2,bet对应表!$A:$A,0),0))} -> #N/A | Y17: {=L17/(INDEX(bet对应表!$F:$F,MATCH($Y$2,bet对应表!$A:$A,0),0))} -> #N/A | Z17: {=L17/(INDEX(bet对应表!$F:$F,MATCH($Z$2,bet对应表!$A:$A,0),0))} -> #N/A | AA17: {=L17/(INDEX(bet对应表!$F:$F,MATCH($AA$2,bet对应表!$A:$A,0),0))} -> #N/A | AB17: {=L17/(INDEX(bet对应表!$F:$F,MATCH($AB$2,bet对应表!$A:$A,0),0))} -> #N/A | AC17: {=L17/(INDEX(bet对应表!$F:$F,MATCH($AC$2,bet对应表!$A:$A,0),0))} -> #N/A | AD17: {=L17/(INDEX(bet对应表!$F:$F,MATCH($AD$2,bet对应表!$A:$A,0),0))} -> #N/A | AF17: 14 | AG17: {=L17/(INDEX(bet对应表!$F:$F,MATCH($AG$2,bet对应表!$A:$A,0),0))} -> #N/A | AH17: {=L17/(INDEX(bet对应表!$F:$F,MATCH($AH$2,bet对应表!$A:$A,0),0))} -> #N/A | AI17: {=L17/(INDEX(bet对应表!$F:$F,MATCH($AI$2,bet对应表!$A:$A,0),0))} -> #DIV/0! | AJ17: {=L17/(INDEX(bet对应表!$F:$F,MATCH($AJ$2,bet对应表!$A:$A,0),0))} -> #DIV/0! | AK17: {=L17/(INDEX(bet对应表!$F:$F,MATCH($AK$2,bet对应表!$A:$A,0),0))} -> #DIV/0! | AL17: {=L17/(INDEX(bet对应表!$F:$F,MATCH($AL$2,bet对应表!$A:$A,0),0))} -> #N/A | AM17: {=L17/(INDEX(bet对应表!$F:$F,MATCH($AM$2,bet对应表!$A:$A,0),0))} -> #N/A | AN17: {=L17/(INDEX(bet对应表!$F:$F,MATCH($AN$2,bet对应表!$A:$A,0),0))} -> #N/A | AO17: {=L17/(INDEX(bet对应表!$F:$F,MATCH($AO$2,bet对应表!$A:$A,0),0))} -> #N/A | AP17: {=L17/(INDEX(bet对应表!$F:$F,MATCH($AP$2,bet对应表!$A:$A,0),0))} -> #N/A
A18: 7 | B18: 9 | C18: 1 | D18: 4000 | E18: =ROUND(E10*3,0) -> 135 | F18: =ROUND(D18/G18,0) -> 83 | G18: =WeightCalculate!S17 -> 48.38781 | H18: =F18+H17 -> 482 | I18: =IF(B18=1,E18/bet对应表!M21,IF(B18=9,E18/100,0)) -> 1.35 | J18: =I18+J17 -> 6.905 | K18: =F18*QuestGetLevel!$D$149 -> 249000 | L18: =K18+L17 -> 902000 | M18: =J18/H18 -> 0.014325726 | N18: 15 | O18: {=L18/(INDEX(bet对应表!F:F,MATCH($O$2,bet对应表!A:A,0),0))} -> #N/A | P18: {=L18/(INDEX(bet对应表!$F:$F,MATCH($P$2,bet对应表!$A:$A,0),0))} -> #N/A | Q18: {=L18/(INDEX(bet对应表!$F:$F,MATCH($Q$2,bet对应表!$A:$A,0),0))} -> #N/A | R18: {=L18/(INDEX(bet对应表!$F:$F,MATCH($R$2,bet对应表!$A:$A,0),0))} -> #N/A | S18: {=L18/(INDEX(bet对应表!$F:$F,MATCH($S$2,bet对应表!$A:$A,0),0))} -> #N/A | T18: {=L18/(INDEX(bet对应表!$F:$F,MATCH($T$2,bet对应表!$A:$A,0),0))} -> #N/A | U18: {=L18/(INDEX(bet对应表!$F:$F,MATCH($U$2,bet对应表!$A:$A,0),0))} -> #N/A | V18: {=L18/(INDEX(bet对应表!$F:$F,MATCH($V$2,bet对应表!$A:$A,0),0))} -> #N/A | W18: {=L18/(INDEX(bet对应表!$F:$F,MATCH($W$2,bet对应表!$A:$A,0),0))} -> #N/A | X18: {=L18/(INDEX(bet对应表!$F:$F,MATCH($X$2,bet对应表!$A:$A,0),0))} -> #N/A | Y18: {=L18/(INDEX(bet对应表!$F:$F,MATCH($Y$2,bet对应表!$A:$A,0),0))} -> #N/A | Z18: {=L18/(INDEX(bet对应表!$F:$F,MATCH($Z$2,bet对应表!$A:$A,0),0))} -> #N/A | AA18: {=L18/(INDEX(bet对应表!$F:$F,MATCH($AA$2,bet对应表!$A:$A,0),0))} -> #N/A | AB18: {=L18/(INDEX(bet对应表!$F:$F,MATCH($AB$2,bet对应表!$A:$A,0),0))} -> #N/A | AC18: {=L18/(INDEX(bet对应表!$F:$F,MATCH($AC$2,bet对应表!$A:$A,0),0))} -> #N/A | AD18: {=L18/(INDEX(bet对应表!$F:$F,MATCH($AD$2,bet对应表!$A:$A,0),0))} -> #N/A | AF18: 15 | AG18: {=L18/(INDEX(bet对应表!$F:$F,MATCH($AG$2,bet对应表!$A:$A,0),0))} -> #N/A | AH18: {=L18/(INDEX(bet对应表!$F:$F,MATCH($AH$2,bet对应表!$A:$A,0),0))} -> #N/A | AI18: {=L18/(INDEX(bet对应表!$F:$F,MATCH($AI$2,bet对应表!$A:$A,0),0))} -> #DIV/0! | AJ18: {=L18/(INDEX(bet对应表!$F:$F,MATCH($AJ$2,bet对应表!$A:$A,0),0))} -> #DIV/0! | AK18: {=L18/(INDEX(bet对应表!$F:$F,MATCH($AK$2,bet对应表!$A:$A,0),0))} -> #DIV/0! | AL18: {=L18/(INDEX(bet对应表!$F:$F,MATCH($AL$2,bet对应表!$A:$A,0),0))} -> #N/A | AM18: {=L18/(INDEX(bet对应表!$F:$F,MATCH($AM$2,bet对应表!$A:$A,0),0))} -> #N/A | AN18: {=L18/(INDEX(bet对应表!$F:$F,MATCH($AN$2,bet对应表!$A:$A,0),0))} -> #N/A | AO18: {=L18/(INDEX(bet对应表!$F:$F,MATCH($AO$2,bet对应表!$A:$A,0),0))} -> #N/A | AP18: {=L18/(INDEX(bet对应表!$F:$F,MATCH($AP$2,bet对应表!$A:$A,0),0))} -> #N/A
A19: 8 | B19: 9 | C19: 1 | D19: 6000 | E19: =ROUND(E11*3,0) -> 180 | F19: =ROUND(D19/G19,0) -> 119 | G19: =WeightCalculate!S20 -> 50.543605 | H19: =F19+H18 -> 601 | I19: =IF(B19=1,E19/bet对应表!M22,IF(B19=9,E19/100,0)) -> 1.8 | J19: =I19+J18+E31 -> 11.705 | K19: =F19*QuestGetLevel!$D$149 -> 357000 | L19: =K19+L18 -> 1259000 | M19: =J19/H19 -> 0.019475874 | N19: 16 | O19: {=L19/(INDEX(bet对应表!F:F,MATCH($O$2,bet对应表!A:A,0),0))} -> #N/A | P19: {=L19/(INDEX(bet对应表!$F:$F,MATCH($P$2,bet对应表!$A:$A,0),0))} -> #N/A | Q19: {=L19/(INDEX(bet对应表!$F:$F,MATCH($Q$2,bet对应表!$A:$A,0),0))} -> #N/A | R19: {=L19/(INDEX(bet对应表!$F:$F,MATCH($R$2,bet对应表!$A:$A,0),0))} -> #N/A | S19: {=L19/(INDEX(bet对应表!$F:$F,MATCH($S$2,bet对应表!$A:$A,0),0))} -> #N/A | T19: {=L19/(INDEX(bet对应表!$F:$F,MATCH($T$2,bet对应表!$A:$A,0),0))} -> #N/A | U19: {=L19/(INDEX(bet对应表!$F:$F,MATCH($U$2,bet对应表!$A:$A,0),0))} -> #N/A | V19: {=L19/(INDEX(bet对应表!$F:$F,MATCH($V$2,bet对应表!$A:$A,0),0))} -> #N/A | W19: {=L19/(INDEX(bet对应表!$F:$F,MATCH($W$2,bet对应表!$A:$A,0),0))} -> #N/A | X19: {=L19/(INDEX(bet对应表!$F:$F,MATCH($X$2,bet对应表!$A:$A,0),0))} -> #N/A | Y19: {=L19/(INDEX(bet对应表!$F:$F,MATCH($Y$2,bet对应表!$A:$A,0),0))} -> #N/A | Z19: {=L19/(INDEX(bet对应表!$F:$F,MATCH($Z$2,bet对应表!$A:$A,0),0))} -> #N/A | AA19: {=L19/(INDEX(bet对应表!$F:$F,MATCH($AA$2,bet对应表!$A:$A,0),0))} -> #N/A | AB19: {=L19/(INDEX(bet对应表!$F:$F,MATCH($AB$2,bet对应表!$A:$A,0),0))} -> #N/A | AC19: {=L19/(INDEX(bet对应表!$F:$F,MATCH($AC$2,bet对应表!$A:$A,0),0))} -> #N/A | AD19: {=L19/(INDEX(bet对应表!$F:$F,MATCH($AD$2,bet对应表!$A:$A,0),0))} -> #N/A | AF19: 16 | AG19: {=L19/(INDEX(bet对应表!$F:$F,MATCH($AG$2,bet对应表!$A:$A,0),0))} -> #N/A | AH19: {=L19/(INDEX(bet对应表!$F:$F,MATCH($AH$2,bet对应表!$A:$A,0),0))} -> #N/A | AI19: {=L19/(INDEX(bet对应表!$F:$F,MATCH($AI$2,bet对应表!$A:$A,0),0))} -> #DIV/0! | AJ19: {=L19/(INDEX(bet对应表!$F:$F,MATCH($AJ$2,bet对应表!$A:$A,0),0))} -> #DIV/0! | AK19: {=L19/(INDEX(bet对应表!$F:$F,MATCH($AK$2,bet对应表!$A:$A,0),0))} -> #DIV/0! | AL19: {=L19/(INDEX(bet对应表!$F:$F,MATCH($AL$2,bet对应表!$A:$A,0),0))} -> #N/A | AM19: {=L19/(INDEX(bet对应表!$F:$F,MATCH($AM$2,bet对应表!$A:$A,0),0))} -> #N/A | AN19: {=L19/(INDEX(bet对应表!$F:$F,MATCH($AN$2,bet对应表!$A:$A,0),0))} -> #N/A | AO19: {=L19/(INDEX(bet对应表!$F:$F,MATCH($AO$2,bet对应表!$A:$A,0),0))} -> #N/A | AP19: {=L19/(INDEX(bet对应表!$F:$F,MATCH($AP$2,bet对应表!$A:$A,0),0))} -> #N/A
A20: 1 | B20: 9 | C20: 1 | D20: 70 | E20: =ROUND(E4*10,0) -> 50 | F20: =ROUND(D20/G20,0) -> 3 | G20: =WeightCalculate!S3 -> 21.764706 | H20: =F20+H19 -> 604 | I20: =IF(B20=1,E20/bet对应表!M23,IF(B20=9,E20/100,0)) -> 0.5 | J20: =I20+J19 -> 12.205 | K20: =F20*QuestGetLevel!$D$274 -> 45000 | L20: =K20+L19 -> 1304000 | M20: =J20/H20 -> 0.020206954 | N20: 17 | O20: {=L20/(INDEX(bet对应表!F:F,MATCH($O$2,bet对应表!A:A,0),0))} -> #N/A | P20: {=L20/(INDEX(bet对应表!$F:$F,MATCH($P$2,bet对应表!$A:$A,0),0))} -> #N/A | Q20: {=L20/(INDEX(bet对应表!$F:$F,MATCH($Q$2,bet对应表!$A:$A,0),0))} -> #N/A | R20: {=L20/(INDEX(bet对应表!$F:$F,MATCH($R$2,bet对应表!$A:$A,0),0))} -> #N/A | S20: {=L20/(INDEX(bet对应表!$F:$F,MATCH($S$2,bet对应表!$A:$A,0),0))} -> #N/A | T20: {=L20/(INDEX(bet对应表!$F:$F,MATCH($T$2,bet对应表!$A:$A,0),0))} -> #N/A | U20: {=L20/(INDEX(bet对应表!$F:$F,MATCH($U$2,bet对应表!$A:$A,0),0))} -> #N/A | V20: {=L20/(INDEX(bet对应表!$F:$F,MATCH($V$2,bet对应表!$A:$A,0),0))} -> #N/A | W20: {=L20/(INDEX(bet对应表!$F:$F,MATCH($W$2,bet对应表!$A:$A,0),0))} -> #N/A | X20: {=L20/(INDEX(bet对应表!$F:$F,MATCH($X$2,bet对应表!$A:$A,0),0))} -> #N/A | Y20: {=L20/(INDEX(bet对应表!$F:$F,MATCH($Y$2,bet对应表!$A:$A,0),0))} -> #N/A | Z20: {=L20/(INDEX(bet对应表!$F:$F,MATCH($Z$2,bet对应表!$A:$A,0),0))} -> #N/A | AA20: {=L20/(INDEX(bet对应表!$F:$F,MATCH($AA$2,bet对应表!$A:$A,0),0))} -> #N/A | AB20: {=L20/(INDEX(bet对应表!$F:$F,MATCH($AB$2,bet对应表!$A:$A,0),0))} -> #N/A | AC20: {=L20/(INDEX(bet对应表!$F:$F,MATCH($AC$2,bet对应表!$A:$A,0),0))} -> #N/A | AD20: {=L20/(INDEX(bet对应表!$F:$F,MATCH($AD$2,bet对应表!$A:$A,0),0))} -> #N/A | AF20: 17 | AG20: {=L20/(INDEX(bet对应表!$F:$F,MATCH($AG$2,bet对应表!$A:$A,0),0))} -> #N/A | AH20: {=L20/(INDEX(bet对应表!$F:$F,MATCH($AH$2,bet对应表!$A:$A,0),0))} -> #N/A | AI20: {=L20/(INDEX(bet对应表!$F:$F,MATCH($AI$2,bet对应表!$A:$A,0),0))} -> #DIV/0! | AJ20: {=L20/(INDEX(bet对应表!$F:$F,MATCH($AJ$2,bet对应表!$A:$A,0),0))} -> #DIV/0! | AK20: {=L20/(INDEX(bet对应表!$F:$F,MATCH($AK$2,bet对应表!$A:$A,0),0))} -> #DIV/0! | AL20: {=L20/(INDEX(bet对应表!$F:$F,MATCH($AL$2,bet对应表!$A:$A,0),0))} -> #N/A | AM20: {=L20/(INDEX(bet对应表!$F:$F,MATCH($AM$2,bet对应表!$A:$A,0),0))} -> #N/A | AN20: {=L20/(INDEX(bet对应表!$F:$F,MATCH($AN$2,bet对应表!$A:$A,0),0))} -> #N/A | AO20: {=L20/(INDEX(bet对应表!$F:$F,MATCH($AO$2,bet对应表!$A:$A,0),0))} -> #N/A | AP20: {=L20/(INDEX(bet对应表!$F:$F,MATCH($AP$2,bet对应表!$A:$A,0),0))} -> #N/A
A21: 2 | B21: 9 | C21: 1 | D21: 150 | E21: =ROUND(E5*10,0) -> 75 | F21: =ROUND(D21/G21,0) -> 6 | G21: =WeightCalculate!S4 -> 24.354704 | H21: =F21+H20 -> 610 | I21: =IF(B21=1,E21/bet对应表!M24,IF(B21=9,E21/100,0)) -> 0.75 | J21: =I21+J20 -> 12.955 | K21: =F21*QuestGetLevel!$D$274 -> 90000 | L21: =K21+L20 -> 1394000 | M21: =J21/H21 -> 0.021237705 | N21: 18 | O21: {=L21/(INDEX(bet对应表!F:F,MATCH($O$2,bet对应表!A:A,0),0))} -> #N/A | P21: {=L21/(INDEX(bet对应表!$F:$F,MATCH($P$2,bet对应表!$A:$A,0),0))} -> #N/A | Q21: {=L21/(INDEX(bet对应表!$F:$F,MATCH($Q$2,bet对应表!$A:$A,0),0))} -> #N/A | R21: {=L21/(INDEX(bet对应表!$F:$F,MATCH($R$2,bet对应表!$A:$A,0),0))} -> #N/A | S21: {=L21/(INDEX(bet对应表!$F:$F,MATCH($S$2,bet对应表!$A:$A,0),0))} -> #N/A | T21: {=L21/(INDEX(bet对应表!$F:$F,MATCH($T$2,bet对应表!$A:$A,0),0))} -> #N/A | U21: {=L21/(INDEX(bet对应表!$F:$F,MATCH($U$2,bet对应表!$A:$A,0),0))} -> #N/A | V21: {=L21/(INDEX(bet对应表!$F:$F,MATCH($V$2,bet对应表!$A:$A,0),0))} -> #N/A | W21: {=L21/(INDEX(bet对应表!$F:$F,MATCH($W$2,bet对应表!$A:$A,0),0))} -> #N/A | X21: {=L21/(INDEX(bet对应表!$F:$F,MATCH($X$2,bet对应表!$A:$A,0),0))} -> #N/A | Y21: {=L21/(INDEX(bet对应表!$F:$F,MATCH($Y$2,bet对应表!$A:$A,0),0))} -> #N/A | Z21: {=L21/(INDEX(bet对应表!$F:$F,MATCH($Z$2,bet对应表!$A:$A,0),0))} -> #N/A | AA21: {=L21/(INDEX(bet对应表!$F:$F,MATCH($AA$2,bet对应表!$A:$A,0),0))} -> #N/A | AB21: {=L21/(INDEX(bet对应表!$F:$F,MATCH($AB$2,bet对应表!$A:$A,0),0))} -> #N/A | AC21: {=L21/(INDEX(bet对应表!$F:$F,MATCH($AC$2,bet对应表!$A:$A,0),0))} -> #N/A | AD21: {=L21/(INDEX(bet对应表!$F:$F,MATCH($AD$2,bet对应表!$A:$A,0),0))} -> #N/A | AF21: 18 | AG21: {=L21/(INDEX(bet对应表!$F:$F,MATCH($AG$2,bet对应表!$A:$A,0),0))} -> #N/A | AH21: {=L21/(INDEX(bet对应表!$F:$F,MATCH($AH$2,bet对应表!$A:$A,0),0))} -> #N/A | AI21: {=L21/(INDEX(bet对应表!$F:$F,MATCH($AI$2,bet对应表!$A:$A,0),0))} -> #DIV/0! | AJ21: {=L21/(INDEX(bet对应表!$F:$F,MATCH($AJ$2,bet对应表!$A:$A,0),0))} -> #DIV/0! | AK21: {=L21/(INDEX(bet对应表!$F:$F,MATCH($AK$2,bet对应表!$A:$A,0),0))} -> #DIV/0! | AL21: {=L21/(INDEX(bet对应表!$F:$F,MATCH($AL$2,bet对应表!$A:$A,0),0))} -> #N/A | AM21: {=L21/(INDEX(bet对应表!$F:$F,MATCH($AM$2,bet对应表!$A:$A,0),0))} -> #N/A | AN21: {=L21/(INDEX(bet对应表!$F:$F,MATCH($AN$2,bet对应表!$A:$A,0),0))} -> #N/A | AO21: {=L21/(INDEX(bet对应表!$F:$F,MATCH($AO$2,bet对应表!$A:$A,0),0))} -> #N/A | AP21: {=L21/(INDEX(bet对应表!$F:$F,MATCH($AP$2,bet对应表!$A:$A,0),0))} -> #N/A
A22: 3 | B22: 9 | C22: 1 | D22: 300 | E22: =ROUND(E6*10,0) -> 100 | F22: =ROUND(D22/G22,0) -> 11 | G22: =WeightCalculate!S5 -> 28.004441 | H22: =F22+H21 -> 621 | I22: =IF(B22=1,E22/bet对应表!M25,IF(B22=9,E22/100,0)) -> 1 | J22: =I22+J21 -> 13.955 | K22: =F22*QuestGetLevel!$D$274 -> 165000 | L22: =K22+L21 -> 1559000 | M22: =J22/H22 -> 0.02247182 | N22: 19 | O22: {=L22/(INDEX(bet对应表!F:F,MATCH($O$2,bet对应表!A:A,0),0))} -> #N/A | P22: {=L22/(INDEX(bet对应表!$F:$F,MATCH($P$2,bet对应表!$A:$A,0),0))} -> #N/A | Q22: {=L22/(INDEX(bet对应表!$F:$F,MATCH($Q$2,bet对应表!$A:$A,0),0))} -> #N/A | R22: {=L22/(INDEX(bet对应表!$F:$F,MATCH($R$2,bet对应表!$A:$A,0),0))} -> #N/A | S22: {=L22/(INDEX(bet对应表!$F:$F,MATCH($S$2,bet对应表!$A:$A,0),0))} -> #N/A | T22: {=L22/(INDEX(bet对应表!$F:$F,MATCH($T$2,bet对应表!$A:$A,0),0))} -> #N/A | U22: {=L22/(INDEX(bet对应表!$F:$F,MATCH($U$2,bet对应表!$A:$A,0),0))} -> #N/A | V22: {=L22/(INDEX(bet对应表!$F:$F,MATCH($V$2,bet对应表!$A:$A,0),0))} -> #N/A | W22: {=L22/(INDEX(bet对应表!$F:$F,MATCH($W$2,bet对应表!$A:$A,0),0))} -> #N/A | X22: {=L22/(INDEX(bet对应表!$F:$F,MATCH($X$2,bet对应表!$A:$A,0),0))} -> #N/A | Y22: {=L22/(INDEX(bet对应表!$F:$F,MATCH($Y$2,bet对应表!$A:$A,0),0))} -> #N/A | Z22: {=L22/(INDEX(bet对应表!$F:$F,MATCH($Z$2,bet对应表!$A:$A,0),0))} -> #N/A | AA22: {=L22/(INDEX(bet对应表!$F:$F,MATCH($AA$2,bet对应表!$A:$A,0),0))} -> #N/A | AB22: {=L22/(INDEX(bet对应表!$F:$F,MATCH($AB$2,bet对应表!$A:$A,0),0))} -> #N/A | AC22: {=L22/(INDEX(bet对应表!$F:$F,MATCH($AC$2,bet对应表!$A:$A,0),0))} -> #N/A | AD22: {=L22/(INDEX(bet对应表!$F:$F,MATCH($AD$2,bet对应表!$A:$A,0),0))} -> #N/A | AF22: 19 | AG22: {=L22/(INDEX(bet对应表!$F:$F,MATCH($AG$2,bet对应表!$A:$A,0),0))} -> #N/A | AH22: {=L22/(INDEX(bet对应表!$F:$F,MATCH($AH$2,bet对应表!$A:$A,0),0))} -> #N/A | AI22: {=L22/(INDEX(bet对应表!$F:$F,MATCH($AI$2,bet对应表!$A:$A,0),0))} -> #DIV/0! | AJ22: {=L22/(INDEX(bet对应表!$F:$F,MATCH($AJ$2,bet对应表!$A:$A,0),0))} -> #DIV/0! | AK22: {=L22/(INDEX(bet对应表!$F:$F,MATCH($AK$2,bet对应表!$A:$A,0),0))} -> #DIV/0! | AL22: {=L22/(INDEX(bet对应表!$F:$F,MATCH($AL$2,bet对应表!$A:$A,0),0))} -> #N/A | AM22: {=L22/(INDEX(bet对应表!$F:$F,MATCH($AM$2,bet对应表!$A:$A,0),0))} -> #N/A | AN22: {=L22/(INDEX(bet对应表!$F:$F,MATCH($AN$2,bet对应表!$A:$A,0),0))} -> #N/A | AO22: {=L22/(INDEX(bet对应表!$F:$F,MATCH($AO$2,bet对应表!$A:$A,0),0))} -> #N/A | AP22: {=L22/(INDEX(bet对应表!$F:$F,MATCH($AP$2,bet对应表!$A:$A,0),0))} -> #N/A
A23: 4 | B23: 9 | C23: 1 | D23: 600 | E23: =ROUND(E7*10,0) -> 150 | F23: =ROUND(D23/G23,0) -> 18 | G23: =WeightCalculate!S8 -> 33.162309 | H23: =F23+H22 -> 639 | I23: =IF(B23=1,E23/bet对应表!M26,IF(B23=9,E23/100,0)) -> 1.5 | J23: =I23+J22 -> 15.455 | K23: =F23*QuestGetLevel!$D$274 -> 270000 | L23: =K23+L22 -> 1829000 | M23: =J23/H23 -> 0.024186228 | N23: 20 | O23: {=L23/(INDEX(bet对应表!F:F,MATCH($O$2,bet对应表!A:A,0),0))} -> #N/A | P23: {=L23/(INDEX(bet对应表!$F:$F,MATCH($P$2,bet对应表!$A:$A,0),0))} -> #N/A | Q23: {=L23/(INDEX(bet对应表!$F:$F,MATCH($Q$2,bet对应表!$A:$A,0),0))} -> #N/A | R23: {=L23/(INDEX(bet对应表!$F:$F,MATCH($R$2,bet对应表!$A:$A,0),0))} -> #N/A | S23: {=L23/(INDEX(bet对应表!$F:$F,MATCH($S$2,bet对应表!$A:$A,0),0))} -> #N/A | T23: {=L23/(INDEX(bet对应表!$F:$F,MATCH($T$2,bet对应表!$A:$A,0),0))} -> #N/A | U23: {=L23/(INDEX(bet对应表!$F:$F,MATCH($U$2,bet对应表!$A:$A,0),0))} -> #N/A | V23: {=L23/(INDEX(bet对应表!$F:$F,MATCH($V$2,bet对应表!$A:$A,0),0))} -> #N/A | W23: {=L23/(INDEX(bet对应表!$F:$F,MATCH($W$2,bet对应表!$A:$A,0),0))} -> #N/A | X23: {=L23/(INDEX(bet对应表!$F:$F,MATCH($X$2,bet对应表!$A:$A,0),0))} -> #N/A | Y23: {=L23/(INDEX(bet对应表!$F:$F,MATCH($Y$2,bet对应表!$A:$A,0),0))} -> #N/A | Z23: {=L23/(INDEX(bet对应表!$F:$F,MATCH($Z$2,bet对应表!$A:$A,0),0))} -> #N/A | AA23: {=L23/(INDEX(bet对应表!$F:$F,MATCH($AA$2,bet对应表!$A:$A,0),0))} -> #N/A | AB23: {=L23/(INDEX(bet对应表!$F:$F,MATCH($AB$2,bet对应表!$A:$A,0),0))} -> #N/A | AC23: {=L23/(INDEX(bet对应表!$F:$F,MATCH($AC$2,bet对应表!$A:$A,0),0))} -> #N/A | AD23: {=L23/(INDEX(bet对应表!$F:$F,MATCH($AD$2,bet对应表!$A:$A,0),0))} -> #N/A | AF23: 20 | AG23: {=L23/(INDEX(bet对应表!$F:$F,MATCH($AG$2,bet对应表!$A:$A,0),0))} -> #N/A | AH23: {=L23/(INDEX(bet对应表!$F:$F,MATCH($AH$2,bet对应表!$A:$A,0),0))} -> #N/A | AI23: {=L23/(INDEX(bet对应表!$F:$F,MATCH($AI$2,bet对应表!$A:$A,0),0))} -> #DIV/0! | AJ23: {=L23/(INDEX(bet对应表!$F:$F,MATCH($AJ$2,bet对应表!$A:$A,0),0))} -> #DIV/0! | AK23: {=L23/(INDEX(bet对应表!$F:$F,MATCH($AK$2,bet对应表!$A:$A,0),0))} -> #DIV/0! | AL23: {=L23/(INDEX(bet对应表!$F:$F,MATCH($AL$2,bet对应表!$A:$A,0),0))} -> #N/A | AM23: {=L23/(INDEX(bet对应表!$F:$F,MATCH($AM$2,bet对应表!$A:$A,0),0))} -> #N/A | AN23: {=L23/(INDEX(bet对应表!$F:$F,MATCH($AN$2,bet对应表!$A:$A,0),0))} -> #N/A | AO23: {=L23/(INDEX(bet对应表!$F:$F,MATCH($AO$2,bet对应表!$A:$A,0),0))} -> #N/A | AP23: {=L23/(INDEX(bet对应表!$F:$F,MATCH($AP$2,bet对应表!$A:$A,0),0))} -> #N/A
A24: 5 | B24: 9 | C24: 1 | D24: 1500 | E24: =ROUND(E8*10,0) -> 200 | F24: =ROUND(D24/G24,0) -> 42 | G24: =WeightCalculate!S11 -> 36.130734 | H24: =F24+H23 -> 681 | I24: =IF(B24=1,E24/bet对应表!M27,IF(B24=9,E24/100,0)) -> 2 | J24: =I24+J23 -> 17.455 | K24: =F24*QuestGetLevel!$D$274 -> 630000 | L24: =K24+L23 -> 2459000 | M24: =J24/H24 -> 0.025631424 | N24: 21 | O24: {=L24/(INDEX(bet对应表!F:F,MATCH($O$2,bet对应表!A:A,0),0))} -> #N/A | P24: {=L24/(INDEX(bet对应表!$F:$F,MATCH($P$2,bet对应表!$A:$A,0),0))} -> #N/A | Q24: {=L24/(INDEX(bet对应表!$F:$F,MATCH($Q$2,bet对应表!$A:$A,0),0))} -> #N/A | R24: {=L24/(INDEX(bet对应表!$F:$F,MATCH($R$2,bet对应表!$A:$A,0),0))} -> #N/A | S24: {=L24/(INDEX(bet对应表!$F:$F,MATCH($S$2,bet对应表!$A:$A,0),0))} -> #N/A | T24: {=L24/(INDEX(bet对应表!$F:$F,MATCH($T$2,bet对应表!$A:$A,0),0))} -> #N/A | U24: {=L24/(INDEX(bet对应表!$F:$F,MATCH($U$2,bet对应表!$A:$A,0),0))} -> #N/A | V24: {=L24/(INDEX(bet对应表!$F:$F,MATCH($V$2,bet对应表!$A:$A,0),0))} -> #N/A | W24: {=L24/(INDEX(bet对应表!$F:$F,MATCH($W$2,bet对应表!$A:$A,0),0))} -> #N/A | X24: {=L24/(INDEX(bet对应表!$F:$F,MATCH($X$2,bet对应表!$A:$A,0),0))} -> #N/A | Y24: {=L24/(INDEX(bet对应表!$F:$F,MATCH($Y$2,bet对应表!$A:$A,0),0))} -> #N/A | Z24: {=L24/(INDEX(bet对应表!$F:$F,MATCH($Z$2,bet对应表!$A:$A,0),0))} -> #N/A | AA24: {=L24/(INDEX(bet对应表!$F:$F,MATCH($AA$2,bet对应表!$A:$A,0),0))} -> #N/A | AB24: {=L24/(INDEX(bet对应表!$F:$F,MATCH($AB$2,bet对应表!$A:$A,0),0))} -> #N/A | AC24: {=L24/(INDEX(bet对应表!$F:$F,MATCH($AC$2,bet对应表!$A:$A,0),0))} -> #N/A | AD24: {=L24/(INDEX(bet对应表!$F:$F,MATCH($AD$2,bet对应表!$A:$A,0),0))} -> #N/A | AF24: 21 | AG24: {=L24/(INDEX(bet对应表!$F:$F,MATCH($AG$2,bet对应表!$A:$A,0),0))} -> #N/A | AH24: {=L24/(INDEX(bet对应表!$F:$F,MATCH($AH$2,bet对应表!$A:$A,0),0))} -> #N/A | AI24: {=L24/(INDEX(bet对应表!$F:$F,MATCH($AI$2,bet对应表!$A:$A,0),0))} -> #DIV/0! | AJ24: {=L24/(INDEX(bet对应表!$F:$F,MATCH($AJ$2,bet对应表!$A:$A,0),0))} -> #DIV/0! | AK24: {=L24/(INDEX(bet对应表!$F:$F,MATCH($AK$2,bet对应表!$A:$A,0),0))} -> #DIV/0! | AL24: {=L24/(INDEX(bet对应表!$F:$F,MATCH($AL$2,bet对应表!$A:$A,0),0))} -> #N/A | AM24: {=L24/(INDEX(bet对应表!$F:$F,MATCH($AM$2,bet对应表!$A:$A,0),0))} -> #N/A | AN24: {=L24/(INDEX(bet对应表!$F:$F,MATCH($AN$2,bet对应表!$A:$A,0),0))} -> #N/A | AO24: {=L24/(INDEX(bet对应表!$F:$F,MATCH($AO$2,bet对应表!$A:$A,0),0))} -> #N/A | AP24: {=L24/(INDEX(bet对应表!$F:$F,MATCH($AP$2,bet对应表!$A:$A,0),0))} -> #N/A
A25: 6 | B25: 9 | C25: 1 | D25: 3000 | E25: =ROUND(E9*10,0) -> 300 | F25: =ROUND(D25/G25,0) -> 67 | G25: =WeightCalculate!S14 -> 44.573014 | H25: =F25+H24 -> 748 | I25: =IF(B25=1,E25/bet对应表!M28,IF(B25=9,E25/100,0)) -> 3 | J25: =I25+J24 -> 20.455 | K25: =F25*QuestGetLevel!$D$274 -> 1005000 | L25: =K25+L24 -> 3464000 | M25: =J25/H25 -> 0.027346257 | N25: 22 | O25: {=L25/(INDEX(bet对应表!F:F,MATCH($O$2,bet对应表!A:A,0),0))} -> #N/A | P25: {=L25/(INDEX(bet对应表!$F:$F,MATCH($P$2,bet对应表!$A:$A,0),0))} -> #N/A | Q25: {=L25/(INDEX(bet对应表!$F:$F,MATCH($Q$2,bet对应表!$A:$A,0),0))} -> #N/A | R25: {=L25/(INDEX(bet对应表!$F:$F,MATCH($R$2,bet对应表!$A:$A,0),0))} -> #N/A | S25: {=L25/(INDEX(bet对应表!$F:$F,MATCH($S$2,bet对应表!$A:$A,0),0))} -> #N/A | T25: {=L25/(INDEX(bet对应表!$F:$F,MATCH($T$2,bet对应表!$A:$A,0),0))} -> #N/A | U25: {=L25/(INDEX(bet对应表!$F:$F,MATCH($U$2,bet对应表!$A:$A,0),0))} -> #N/A | V25: {=L25/(INDEX(bet对应表!$F:$F,MATCH($V$2,bet对应表!$A:$A,0),0))} -> #N/A | W25: {=L25/(INDEX(bet对应表!$F:$F,MATCH($W$2,bet对应表!$A:$A,0),0))} -> #N/A | X25: {=L25/(INDEX(bet对应表!$F:$F,MATCH($X$2,bet对应表!$A:$A,0),0))} -> #N/A | Y25: {=L25/(INDEX(bet对应表!$F:$F,MATCH($Y$2,bet对应表!$A:$A,0),0))} -> #N/A | Z25: {=L25/(INDEX(bet对应表!$F:$F,MATCH($Z$2,bet对应表!$A:$A,0),0))} -> #N/A | AA25: {=L25/(INDEX(bet对应表!$F:$F,MATCH($AA$2,bet对应表!$A:$A,0),0))} -> #N/A | AB25: {=L25/(INDEX(bet对应表!$F:$F,MATCH($AB$2,bet对应表!$A:$A,0),0))} -> #N/A | AC25: {=L25/(INDEX(bet对应表!$F:$F,MATCH($AC$2,bet对应表!$A:$A,0),0))} -> #N/A | AD25: {=L25/(INDEX(bet对应表!$F:$F,MATCH($AD$2,bet对应表!$A:$A,0),0))} -> #N/A | AF25: 22 | AG25: {=L25/(INDEX(bet对应表!$F:$F,MATCH($AG$2,bet对应表!$A:$A,0),0))} -> #N/A | AH25: {=L25/(INDEX(bet对应表!$F:$F,MATCH($AH$2,bet对应表!$A:$A,0),0))} -> #N/A | AI25: {=L25/(INDEX(bet对应表!$F:$F,MATCH($AI$2,bet对应表!$A:$A,0),0))} -> #DIV/0! | AJ25: {=L25/(INDEX(bet对应表!$F:$F,MATCH($AJ$2,bet对应表!$A:$A,0),0))} -> #DIV/0! | AK25: {=L25/(INDEX(bet对应表!$F:$F,MATCH($AK$2,bet对应表!$A:$A,0),0))} -> #DIV/0! | AL25: {=L25/(INDEX(bet对应表!$F:$F,MATCH($AL$2,bet对应表!$A:$A,0),0))} -> #N/A | AM25: {=L25/(INDEX(bet对应表!$F:$F,MATCH($AM$2,bet对应表!$A:$A,0),0))} -> #N/A | AN25: {=L25/(INDEX(bet对应表!$F:$F,MATCH($AN$2,bet对应表!$A:$A,0),0))} -> #N/A | AO25: {=L25/(INDEX(bet对应表!$F:$F,MATCH($AO$2,bet对应表!$A:$A,0),0))} -> #N/A | AP25: {=L25/(INDEX(bet对应表!$F:$F,MATCH($AP$2,bet对应表!$A:$A,0),0))} -> #N/A
A26: 7 | B26: 9 | C26: 1 | D26: 5000 | E26: =ROUND(E10*10,0) -> 450 | F26: =ROUND(D26/G26,0) -> 103 | G26: =WeightCalculate!S17 -> 48.38781 | H26: =F26+H25 -> 851 | I26: =IF(B26=1,E26/bet对应表!M29,IF(B26=9,E26/100,0)) -> 4.5 | J26: =I26+J25 -> 24.955 | K26: =F26*QuestGetLevel!$D$274 -> 1545000 | L26: =K26+L25 -> 5009000 | M26: =J26/H26 -> 0.029324324 | N26: 23 | O26: {=L26/(INDEX(bet对应表!F:F,MATCH($O$2,bet对应表!A:A,0),0))} -> #N/A | P26: {=L26/(INDEX(bet对应表!$F:$F,MATCH($P$2,bet对应表!$A:$A,0),0))} -> #N/A | Q26: {=L26/(INDEX(bet对应表!$F:$F,MATCH($Q$2,bet对应表!$A:$A,0),0))} -> #N/A | R26: {=L26/(INDEX(bet对应表!$F:$F,MATCH($R$2,bet对应表!$A:$A,0),0))} -> #N/A | S26: {=L26/(INDEX(bet对应表!$F:$F,MATCH($S$2,bet对应表!$A:$A,0),0))} -> #N/A | T26: {=L26/(INDEX(bet对应表!$F:$F,MATCH($T$2,bet对应表!$A:$A,0),0))} -> #N/A | U26: {=L26/(INDEX(bet对应表!$F:$F,MATCH($U$2,bet对应表!$A:$A,0),0))} -> #N/A | V26: {=L26/(INDEX(bet对应表!$F:$F,MATCH($V$2,bet对应表!$A:$A,0),0))} -> #N/A | W26: {=L26/(INDEX(bet对应表!$F:$F,MATCH($W$2,bet对应表!$A:$A,0),0))} -> #N/A | X26: {=L26/(INDEX(bet对应表!$F:$F,MATCH($X$2,bet对应表!$A:$A,0),0))} -> #N/A | Y26: {=L26/(INDEX(bet对应表!$F:$F,MATCH($Y$2,bet对应表!$A:$A,0),0))} -> #N/A | Z26: {=L26/(INDEX(bet对应表!$F:$F,MATCH($Z$2,bet对应表!$A:$A,0),0))} -> #N/A | AA26: {=L26/(INDEX(bet对应表!$F:$F,MATCH($AA$2,bet对应表!$A:$A,0),0))} -> #N/A | AB26: {=L26/(INDEX(bet对应表!$F:$F,MATCH($AB$2,bet对应表!$A:$A,0),0))} -> #N/A | AC26: {=L26/(INDEX(bet对应表!$F:$F,MATCH($AC$2,bet对应表!$A:$A,0),0))} -> #N/A | AD26: {=L26/(INDEX(bet对应表!$F:$F,MATCH($AD$2,bet对应表!$A:$A,0),0))} -> #N/A | AF26: 23 | AG26: {=L26/(INDEX(bet对应表!$F:$F,MATCH($AG$2,bet对应表!$A:$A,0),0))} -> #N/A | AH26: {=L26/(INDEX(bet对应表!$F:$F,MATCH($AH$2,bet对应表!$A:$A,0),0))} -> #N/A | AI26: {=L26/(INDEX(bet对应表!$F:$F,MATCH($AI$2,bet对应表!$A:$A,0),0))} -> #DIV/0! | AJ26: {=L26/(INDEX(bet对应表!$F:$F,MATCH($AJ$2,bet对应表!$A:$A,0),0))} -> #DIV/0! | AK26: {=L26/(INDEX(bet对应表!$F:$F,MATCH($AK$2,bet对应表!$A:$A,0),0))} -> #DIV/0! | AL26: {=L26/(INDEX(bet对应表!$F:$F,MATCH($AL$2,bet对应表!$A:$A,0),0))} -> #N/A | AM26: {=L26/(INDEX(bet对应表!$F:$F,MATCH($AM$2,bet对应表!$A:$A,0),0))} -> #N/A | AN26: {=L26/(INDEX(bet对应表!$F:$F,MATCH($AN$2,bet对应表!$A:$A,0),0))} -> #N/A | AO26: {=L26/(INDEX(bet对应表!$F:$F,MATCH($AO$2,bet对应表!$A:$A,0),0))} -> #N/A | AP26: {=L26/(INDEX(bet对应表!$F:$F,MATCH($AP$2,bet对应表!$A:$A,0),0))} -> #N/A
A27: 8 | B27: 9 | C27: 1 | D27: 7500 | E27: =ROUND(E11*10,0) -> 600 | F27: =ROUND(D27/G27,0) -> 148 | G27: =WeightCalculate!S20 -> 50.543605 | H27: =F27+H26 -> 999 | I27: =IF(B27=1,E27/bet对应表!M30,IF(B27=9,E27/100,0)) -> 6 | J27: =I27+J26+E32 -> 55.955 | K27: =F27*QuestGetLevel!$D$274 -> 2220000 | L27: =K27+L26 -> 7229000 | M27: =J27/H27 -> 0.056011011 | N27: 24 | O27: {=L27/(INDEX(bet对应表!F:F,MATCH($O$2,bet对应表!A:A,0),0))} -> #N/A | P27: {=L27/(INDEX(bet对应表!$F:$F,MATCH($P$2,bet对应表!$A:$A,0),0))} -> #N/A | Q27: {=L27/(INDEX(bet对应表!$F:$F,MATCH($Q$2,bet对应表!$A:$A,0),0))} -> #N/A | R27: {=L27/(INDEX(bet对应表!$F:$F,MATCH($R$2,bet对应表!$A:$A,0),0))} -> #N/A | S27: {=L27/(INDEX(bet对应表!$F:$F,MATCH($S$2,bet对应表!$A:$A,0),0))} -> #N/A | T27: {=L27/(INDEX(bet对应表!$F:$F,MATCH($T$2,bet对应表!$A:$A,0),0))} -> #N/A | U27: {=L27/(INDEX(bet对应表!$F:$F,MATCH($U$2,bet对应表!$A:$A,0),0))} -> #N/A | V27: {=L27/(INDEX(bet对应表!$F:$F,MATCH($V$2,bet对应表!$A:$A,0),0))} -> #N/A | W27: {=L27/(INDEX(bet对应表!$F:$F,MATCH($W$2,bet对应表!$A:$A,0),0))} -> #N/A | X27: {=L27/(INDEX(bet对应表!$F:$F,MATCH($X$2,bet对应表!$A:$A,0),0))} -> #N/A | Y27: {=L27/(INDEX(bet对应表!$F:$F,MATCH($Y$2,bet对应表!$A:$A,0),0))} -> #N/A | Z27: {=L27/(INDEX(bet对应表!$F:$F,MATCH($Z$2,bet对应表!$A:$A,0),0))} -> #N/A | AA27: {=L27/(INDEX(bet对应表!$F:$F,MATCH($AA$2,bet对应表!$A:$A,0),0))} -> #N/A | AB27: {=L27/(INDEX(bet对应表!$F:$F,MATCH($AB$2,bet对应表!$A:$A,0),0))} -> #N/A | AC27: {=L27/(INDEX(bet对应表!$F:$F,MATCH($AC$2,bet对应表!$A:$A,0),0))} -> #N/A | AD27: {=L27/(INDEX(bet对应表!$F:$F,MATCH($AD$2,bet对应表!$A:$A,0),0))} -> #N/A | AF27: 24 | AG27: {=L27/(INDEX(bet对应表!$F:$F,MATCH($AG$2,bet对应表!$A:$A,0),0))} -> #N/A | AH27: {=L27/(INDEX(bet对应表!$F:$F,MATCH($AH$2,bet对应表!$A:$A,0),0))} -> #N/A | AI27: {=L27/(INDEX(bet对应表!$F:$F,MATCH($AI$2,bet对应表!$A:$A,0),0))} -> #DIV/0! | AJ27: {=L27/(INDEX(bet对应表!$F:$F,MATCH($AJ$2,bet对应表!$A:$A,0),0))} -> #DIV/0! | AK27: {=L27/(INDEX(bet对应表!$F:$F,MATCH($AK$2,bet对应表!$A:$A,0),0))} -> #DIV/0! | AL27: {=L27/(INDEX(bet对应表!$F:$F,MATCH($AL$2,bet对应表!$A:$A,0),0))} -> #N/A | AM27: {=L27/(INDEX(bet对应表!$F:$F,MATCH($AM$2,bet对应表!$A:$A,0),0))} -> #N/A | AN27: {=L27/(INDEX(bet对应表!$F:$F,MATCH($AN$2,bet对应表!$A:$A,0),0))} -> #N/A | AO27: {=L27/(INDEX(bet对应表!$F:$F,MATCH($AO$2,bet对应表!$A:$A,0),0))} -> #N/A | AP27: {=L27/(INDEX(bet对应表!$F:$F,MATCH($AP$2,bet对应表!$A:$A,0),0))} -> #N/A
C29: 点数倍率 | D29: 奖励倍率 | E29: 大奖美元 | J29: 分配比例 | K29: 金币奖励 | L29: 钻石奖励 | M29: 单价 | O29: 消耗美金 | AG29: 消耗美金
C30: 1 | D30: 20 | E30: 1 | J30: 0.7 | K30: =ROUND((E30*$J$30)*25000000,0) -> 17500000 | L30: =ROUND(E30*(1-$J$30)*100,0) -> 30 | M30: =AVERAGE(M4:M11) -> 0.010835202 | N30: 1 | O30: {=O4*INDEX(bet对应表!$E:$E,MATCH($O$2,bet对应表!$A:$A,0),0)} -> #N/A | P30: {=P4*INDEX(bet对应表!$E:$E,MATCH($P$2,bet对应表!$A:$A,0),0)} -> #N/A | Q30: {=Q4*INDEX(bet对应表!$E:$E,MATCH($Q$2,bet对应表!$A:$A,0),0)} -> #N/A | R30: {=R4*INDEX(bet对应表!$E:$E,MATCH($R$2,bet对应表!$A:$A,0),0)} -> #N/A | S30: {=S4*INDEX(bet对应表!$E:$E,MATCH($S$2,bet对应表!$A:$A,0),0)} -> #N/A | T30: {=T4*INDEX(bet对应表!$E:$E,MATCH($T$2,bet对应表!$A:$A,0),0)} -> #N/A | U30: {=U4*INDEX(bet对应表!$E:$E,MATCH($U$2,bet对应表!$A:$A,0),0)} -> #N/A | V30: {=V4*INDEX(bet对应表!$E:$E,MATCH($V$2,bet对应表!$A:$A,0),0)} -> #N/A | W30: {=W4*INDEX(bet对应表!$E:$E,MATCH($W$2,bet对应表!$A:$A,0),0)} -> #N/A | X30: {=X4*INDEX(bet对应表!$E:$E,MATCH($X$2,bet对应表!$A:$A,0),0)} -> #N/A | Y30: {=Y4*INDEX(bet对应表!$E:$E,MATCH($Y$2,bet对应表!$A:$A,0),0)} -> #N/A | Z30: {=Z4*INDEX(bet对应表!$E:$E,MATCH($Z$2,bet对应表!$A:$A,0),0)} -> #N/A | AA30: {=AA4*INDEX(bet对应表!$E:$E,MATCH($AA$2,bet对应表!$A:$A,0),0)} -> #N/A | AB30: {=AB4*INDEX(bet对应表!$E:$E,MATCH($AB$2,bet对应表!$A:$A,0),0)} -> #N/A | AC30: {=AC4*INDEX(bet对应表!$E:$E,MATCH($AC$2,bet对应表!$A:$A,0),0)} -> #N/A | AD30: {=AD4*INDEX(bet对应表!$E:$E,MATCH($AD$2,bet对应表!$A:$A,0),0)} -> #N/A | AF30: 1 | AG30: {=AG4*INDEX(bet对应表!$E:$E,MATCH($AG$2,bet对应表!$A:$A,0),0)} -> #N/A | AH30: {=AH4*INDEX(bet对应表!$E:$E,MATCH($AH$2,bet对应表!$A:$A,0),0)} -> #N/A | AI30: {=AI4*INDEX(bet对应表!$E:$E,MATCH($AI$2,bet对应表!$A:$A,0),0)} -> #DIV/0! | AJ30: {=AJ4*INDEX(bet对应表!$E:$E,MATCH($AJ$2,bet对应表!$A:$A,0),0)} -> #DIV/0! | AK30: {=AK4*INDEX(bet对应表!$E:$E,MATCH($AK$2,bet对应表!$A:$A,0),0)} -> #DIV/0! | AL30: {=AL4*INDEX(bet对应表!$E:$E,MATCH($AL$2,bet对应表!$A:$A,0),0)} -> #N/A | AM30: {=AM4*INDEX(bet对应表!$E:$E,MATCH($AM$2,bet对应表!$A:$A,0),0)} -> #N/A | AN30: {=AN4*INDEX(bet对应表!$E:$E,MATCH($AN$2,bet对应表!$A:$A,0),0)} -> #N/A | AO30: {=AO4*INDEX(bet对应表!$E:$E,MATCH($AO$2,bet对应表!$A:$A,0),0)} -> #N/A | AP30: {=AP4*INDEX(bet对应表!$E:$E,MATCH($AP$2,bet对应表!$A:$A,0),0)} -> #N/A
E31: 3 | J31: 1 | K31: =ROUND((I4*$J$31)*25000000,0) -> 1250000 | L31: =ROUND(I4*(1-$J$31)*100,0) -> 0 | M31: =AVERAGE(M12:M19) -> 0.013708157 | N31: 2 | O31: {=O5*INDEX(bet对应表!$E:$E,MATCH($O$2,bet对应表!$A:$A,0),0)} -> #N/A | P31: {=P5*INDEX(bet对应表!$E:$E,MATCH($P$2,bet对应表!$A:$A,0),0)} -> #N/A | Q31: {=Q5*INDEX(bet对应表!$E:$E,MATCH($Q$2,bet对应表!$A:$A,0),0)} -> #N/A | R31: {=R5*INDEX(bet对应表!$E:$E,MATCH($R$2,bet对应表!$A:$A,0),0)} -> #N/A | S31: {=S5*INDEX(bet对应表!$E:$E,MATCH($S$2,bet对应表!$A:$A,0),0)} -> #N/A | T31: {=T5*INDEX(bet对应表!$E:$E,MATCH($T$2,bet对应表!$A:$A,0),0)} -> #N/A | U31: {=U5*INDEX(bet对应表!$E:$E,MATCH($U$2,bet对应表!$A:$A,0),0)} -> #N/A | V31: {=V5*INDEX(bet对应表!$E:$E,MATCH($V$2,bet对应表!$A:$A,0),0)} -> #N/A | W31: {=W5*INDEX(bet对应表!$E:$E,MATCH($W$2,bet对应表!$A:$A,0),0)} -> #N/A | X31: {=X5*INDEX(bet对应表!$E:$E,MATCH($X$2,bet对应表!$A:$A,0),0)} -> #N/A | Y31: {=Y5*INDEX(bet对应表!$E:$E,MATCH($Y$2,bet对应表!$A:$A,0),0)} -> #N/A | Z31: {=Z5*INDEX(bet对应表!$E:$E,MATCH($Z$2,bet对应表!$A:$A,0),0)} -> #N/A | AA31: {=AA5*INDEX(bet对应表!$E:$E,MATCH($AA$2,bet对应表!$A:$A,0),0)} -> #N/A | AB31: {=AB5*INDEX(bet对应表!$E:$E,MATCH($AB$2,bet对应表!$A:$A,0),0)} -> #N/A | AC31: {=AC5*INDEX(bet对应表!$E:$E,MATCH($AC$2,bet对应表!$A:$A,0),0)} -> #N/A | AD31: {=AD5*INDEX(bet对应表!$E:$E,MATCH($AD$2,bet对应表!$A:$A,0),0)} -> #N/A | AF31: 2 | AG31: {=AG5*INDEX(bet对应表!$E:$E,MATCH($AG$2,bet对应表!$A:$A,0),0)} -> #N/A | AH31: {=AH5*INDEX(bet对应表!$E:$E,MATCH($AH$2,bet对应表!$A:$A,0),0)} -> #N/A | AI31: {=AI5*INDEX(bet对应表!$E:$E,MATCH($AI$2,bet对应表!$A:$A,0),0)} -> #DIV/0! | AJ31: {=AJ5*INDEX(bet对应表!$E:$E,MATCH($AJ$2,bet对应表!$A:$A,0),0)} -> #DIV/0! | AK31: {=AK5*INDEX(bet对应表!$E:$E,MATCH($AK$2,bet对应表!$A:$A,0),0)} -> #DIV/0! | AL31: {=AL5*INDEX(bet对应表!$E:$E,MATCH($AL$2,bet对应表!$A:$A,0),0)} -> #N/A | AM31: {=AM5*INDEX(bet对应表!$E:$E,MATCH($AM$2,bet对应表!$A:$A,0),0)} -> #N/A | AN31: {=AN5*INDEX(bet对应表!$E:$E,MATCH($AN$2,bet对应表!$A:$A,0),0)} -> #N/A | AO31: {=AO5*INDEX(bet对应表!$E:$E,MATCH($AO$2,bet对应表!$A:$A,0),0)} -> #N/A | AP31: {=AP5*INDEX(bet对应表!$E:$E,MATCH($AP$2,bet对应表!$A:$A,0),0)} -> #N/A
E32: 25 | K32: =ROUND((I5*$J$31)*25000000,0) -> 1875000 | L32: =ROUND(I5*(1-$J$31)*100,0) -> 0 | M32: =AVERAGE(M20:M27) -> 0.028301965 | N32: 3 | O32: {=O6*INDEX(bet对应表!$E:$E,MATCH($O$2,bet对应表!$A:$A,0),0)} -> #N/A | P32: {=P6*INDEX(bet对应表!$E:$E,MATCH($P$2,bet对应表!$A:$A,0),0)} -> #N/A | Q32: {=Q6*INDEX(bet对应表!$E:$E,MATCH($Q$2,bet对应表!$A:$A,0),0)} -> #N/A | R32: {=R6*INDEX(bet对应表!$E:$E,MATCH($R$2,bet对应表!$A:$A,0),0)} -> #N/A | S32: {=S6*INDEX(bet对应表!$E:$E,MATCH($S$2,bet对应表!$A:$A,0),0)} -> #N/A | T32: {=T6*INDEX(bet对应表!$E:$E,MATCH($T$2,bet对应表!$A:$A,0),0)} -> #N/A | U32: {=U6*INDEX(bet对应表!$E:$E,MATCH($U$2,bet对应表!$A:$A,0),0)} -> #N/A | V32: {=V6*INDEX(bet对应表!$E:$E,MATCH($V$2,bet对应表!$A:$A,0),0)} -> #N/A | W32: {=W6*INDEX(bet对应表!$E:$E,MATCH($W$2,bet对应表!$A:$A,0),0)} -> #N/A | X32: {=X6*INDEX(bet对应表!$E:$E,MATCH($X$2,bet对应表!$A:$A,0),0)} -> #N/A | Y32: {=Y6*INDEX(bet对应表!$E:$E,MATCH($Y$2,bet对应表!$A:$A,0),0)} -> #N/A | Z32: {=Z6*INDEX(bet对应表!$E:$E,MATCH($Z$2,bet对应表!$A:$A,0),0)} -> #N/A | AA32: {=AA6*INDEX(bet对应表!$E:$E,MATCH($AA$2,bet对应表!$A:$A,0),0)} -> #N/A | AB32: {=AB6*INDEX(bet对应表!$E:$E,MATCH($AB$2,bet对应表!$A:$A,0),0)} -> #N/A | AC32: {=AC6*INDEX(bet对应表!$E:$E,MATCH($AC$2,bet对应表!$A:$A,0),0)} -> #N/A | AD32: {=AD6*INDEX(bet对应表!$E:$E,MATCH($AD$2,bet对应表!$A:$A,0),0)} -> #N/A | AF32: 3 | AG32: {=AG6*INDEX(bet对应表!$E:$E,MATCH($AG$2,bet对应表!$A:$A,0),0)} -> #N/A | AH32: {=AH6*INDEX(bet对应表!$E:$E,MATCH($AH$2,bet对应表!$A:$A,0),0)} -> #N/A | AI32: {=AI6*INDEX(bet对应表!$E:$E,MATCH($AI$2,bet对应表!$A:$A,0),0)} -> #DIV/0! | AJ32: {=AJ6*INDEX(bet对应表!$E:$E,MATCH($AJ$2,bet对应表!$A:$A,0),0)} -> #DIV/0! | AK32: {=AK6*INDEX(bet对应表!$E:$E,MATCH($AK$2,bet对应表!$A:$A,0),0)} -> #DIV/0! | AL32: {=AL6*INDEX(bet对应表!$E:$E,MATCH($AL$2,bet对应表!$A:$A,0),0)} -> #N/A | AM32: {=AM6*INDEX(bet对应表!$E:$E,MATCH($AM$2,bet对应表!$A:$A,0),0)} -> #N/A | AN32: {=AN6*INDEX(bet对应表!$E:$E,MATCH($AN$2,bet对应表!$A:$A,0),0)} -> #N/A | AO32: {=AO6*INDEX(bet对应表!$E:$E,MATCH($AO$2,bet对应表!$A:$A,0),0)} -> #N/A | AP32: {=AP6*INDEX(bet对应表!$E:$E,MATCH($AP$2,bet对应表!$A:$A,0),0)} -> #N/A
K33: =ROUND((I6*$J$31)*25000000,0) -> 2500000 | L33: =ROUND(I6*(1-$J$31)*100,0) -> 0 | N33: 4 | O33: {=O7*INDEX(bet对应表!$E:$E,MATCH($O$2,bet对应表!$A:$A,0),0)} -> #N/A | P33: {=P7*INDEX(bet对应表!$E:$E,MATCH($P$2,bet对应表!$A:$A,0),0)} -> #N/A | Q33: {=Q7*INDEX(bet对应表!$E:$E,MATCH($Q$2,bet对应表!$A:$A,0),0)} -> #N/A | R33: {=R7*INDEX(bet对应表!$E:$E,MATCH($R$2,bet对应表!$A:$A,0),0)} -> #N/A | S33: {=S7*INDEX(bet对应表!$E:$E,MATCH($S$2,bet对应表!$A:$A,0),0)} -> #N/A | T33: {=T7*INDEX(bet对应表!$E:$E,MATCH($T$2,bet对应表!$A:$A,0),0)} -> #N/A | U33: {=U7*INDEX(bet对应表!$E:$E,MATCH($U$2,bet对应表!$A:$A,0),0)} -> #N/A | V33: {=V7*INDEX(bet对应表!$E:$E,MATCH($V$2,bet对应表!$A:$A,0),0)} -> #N/A | W33: {=W7*INDEX(bet对应表!$E:$E,MATCH($W$2,bet对应表!$A:$A,0),0)} -> #N/A | X33: {=X7*INDEX(bet对应表!$E:$E,MATCH($X$2,bet对应表!$A:$A,0),0)} -> #N/A | Y33: {=Y7*INDEX(bet对应表!$E:$E,MATCH($Y$2,bet对应表!$A:$A,0),0)} -> #N/A | Z33: {=Z7*INDEX(bet对应表!$E:$E,MATCH($Z$2,bet对应表!$A:$A,0),0)} -> #N/A | AA33: {=AA7*INDEX(bet对应表!$E:$E,MATCH($AA$2,bet对应表!$A:$A,0),0)} -> #N/A | AB33: {=AB7*INDEX(bet对应表!$E:$E,MATCH($AB$2,bet对应表!$A:$A,0),0)} -> #N/A | AC33: {=AC7*INDEX(bet对应表!$E:$E,MATCH($AC$2,bet对应表!$A:$A,0),0)} -> #N/A | AD33: {=AD7*INDEX(bet对应表!$E:$E,MATCH($AD$2,bet对应表!$A:$A,0),0)} -> #N/A | AF33: 4 | AG33: {=AG7*INDEX(bet对应表!$E:$E,MATCH($AG$2,bet对应表!$A:$A,0),0)} -> #N/A | AH33: {=AH7*INDEX(bet对应表!$E:$E,MATCH($AH$2,bet对应表!$A:$A,0),0)} -> #N/A | AI33: {=AI7*INDEX(bet对应表!$E:$E,MATCH($AI$2,bet对应表!$A:$A,0),0)} -> #DIV/0! | AJ33: {=AJ7*INDEX(bet对应表!$E:$E,MATCH($AJ$2,bet对应表!$A:$A,0),0)} -> #DIV/0! | AK33: {=AK7*INDEX(bet对应表!$E:$E,MATCH($AK$2,bet对应表!$A:$A,0),0)} -> #DIV/0! | AL33: {=AL7*INDEX(bet对应表!$E:$E,MATCH($AL$2,bet对应表!$A:$A,0),0)} -> #N/A | AM33: {=AM7*INDEX(bet对应表!$E:$E,MATCH($AM$2,bet对应表!$A:$A,0),0)} -> #N/A | AN33: {=AN7*INDEX(bet对应表!$E:$E,MATCH($AN$2,bet对应表!$A:$A,0),0)} -> #N/A | AO33: {=AO7*INDEX(bet对应表!$E:$E,MATCH($AO$2,bet对应表!$A:$A,0),0)} -> #N/A | AP33: {=AP7*INDEX(bet对应表!$E:$E,MATCH($AP$2,bet对应表!$A:$A,0),0)} -> #N/A
K34: =ROUND((I7*$J$31)*25000000,0) -> 3750000 | L34: =ROUND(I7*(1-$J$31)*100,0) -> 0 | N34: 5 | O34: {=O8*INDEX(bet对应表!$E:$E,MATCH($O$2,bet对应表!$A:$A,0),0)} -> #N/A | P34: {=P8*INDEX(bet对应表!$E:$E,MATCH($P$2,bet对应表!$A:$A,0),0)} -> #N/A | Q34: {=Q8*INDEX(bet对应表!$E:$E,MATCH($Q$2,bet对应表!$A:$A,0),0)} -> #N/A | R34: {=R8*INDEX(bet对应表!$E:$E,MATCH($R$2,bet对应表!$A:$A,0),0)} -> #N/A | S34: {=S8*INDEX(bet对应表!$E:$E,MATCH($S$2,bet对应表!$A:$A,0),0)} -> #N/A | T34: {=T8*INDEX(bet对应表!$E:$E,MATCH($T$2,bet对应表!$A:$A,0),0)} -> #N/A | U34: {=U8*INDEX(bet对应表!$E:$E,MATCH($U$2,bet对应表!$A:$A,0),0)} -> #N/A | V34: {=V8*INDEX(bet对应表!$E:$E,MATCH($V$2,bet对应表!$A:$A,0),0)} -> #N/A | W34: {=W8*INDEX(bet对应表!$E:$E,MATCH($W$2,bet对应表!$A:$A,0),0)} -> #N/A | X34: {=X8*INDEX(bet对应表!$E:$E,MATCH($X$2,bet对应表!$A:$A,0),0)} -> #N/A | Y34: {=Y8*INDEX(bet对应表!$E:$E,MATCH($Y$2,bet对应表!$A:$A,0),0)} -> #N/A | Z34: {=Z8*INDEX(bet对应表!$E:$E,MATCH($Z$2,bet对应表!$A:$A,0),0)} -> #N/A | AA34: {=AA8*INDEX(bet对应表!$E:$E,MATCH($AA$2,bet对应表!$A:$A,0),0)} -> #N/A | AB34: {=AB8*INDEX(bet对应表!$E:$E,MATCH($AB$2,bet对应表!$A:$A,0),0)} -> #N/A | AC34: {=AC8*INDEX(bet对应表!$E:$E,MATCH($AC$2,bet对应表!$A:$A,0),0)} -> #N/A | AD34: {=AD8*INDEX(bet对应表!$E:$E,MATCH($AD$2,bet对应表!$A:$A,0),0)} -> #N/A | AF34: 5 | AG34: {=AG8*INDEX(bet对应表!$E:$E,MATCH($AG$2,bet对应表!$A:$A,0),0)} -> #N/A | AH34: {=AH8*INDEX(bet对应表!$E:$E,MATCH($AH$2,bet对应表!$A:$A,0),0)} -> #N/A | AI34: {=AI8*INDEX(bet对应表!$E:$E,MATCH($AI$2,bet对应表!$A:$A,0),0)} -> #DIV/0! | AJ34: {=AJ8*INDEX(bet对应表!$E:$E,MATCH($AJ$2,bet对应表!$A:$A,0),0)} -> #DIV/0! | AK34: {=AK8*INDEX(bet对应表!$E:$E,MATCH($AK$2,bet对应表!$A:$A,0),0)} -> #DIV/0! | AL34: {=AL8*INDEX(bet对应表!$E:$E,MATCH($AL$2,bet对应表!$A:$A,0),0)} -> #N/A | AM34: {=AM8*INDEX(bet对应表!$E:$E,MATCH($AM$2,bet对应表!$A:$A,0),0)} -> #N/A | AN34: {=AN8*INDEX(bet对应表!$E:$E,MATCH($AN$2,bet对应表!$A:$A,0),0)} -> #N/A | AO34: {=AO8*INDEX(bet对应表!$E:$E,MATCH($AO$2,bet对应表!$A:$A,0),0)} -> #N/A | AP34: {=AP8*INDEX(bet对应表!$E:$E,MATCH($AP$2,bet对应表!$A:$A,0),0)} -> #N/A
K35: =ROUND((I8*$J$31)*25000000,0) -> 5000000 | L35: =ROUND(I8*(1-$J$31)*100,0) -> 0 | N35: 6 | O35: {=O9*INDEX(bet对应表!$E:$E,MATCH($O$2,bet对应表!$A:$A,0),0)} -> #N/A | P35: {=P9*INDEX(bet对应表!$E:$E,MATCH($P$2,bet对应表!$A:$A,0),0)} -> #N/A | Q35: {=Q9*INDEX(bet对应表!$E:$E,MATCH($Q$2,bet对应表!$A:$A,0),0)} -> #N/A | R35: {=R9*INDEX(bet对应表!$E:$E,MATCH($R$2,bet对应表!$A:$A,0),0)} -> #N/A | S35: {=S9*INDEX(bet对应表!$E:$E,MATCH($S$2,bet对应表!$A:$A,0),0)} -> #N/A | T35: {=T9*INDEX(bet对应表!$E:$E,MATCH($T$2,bet对应表!$A:$A,0),0)} -> #N/A | U35: {=U9*INDEX(bet对应表!$E:$E,MATCH($U$2,bet对应表!$A:$A,0),0)} -> #N/A | V35: {=V9*INDEX(bet对应表!$E:$E,MATCH($V$2,bet对应表!$A:$A,0),0)} -> #N/A | W35: {=W9*INDEX(bet对应表!$E:$E,MATCH($W$2,bet对应表!$A:$A,0),0)} -> #N/A | X35: {=X9*INDEX(bet对应表!$E:$E,MATCH($X$2,bet对应表!$A:$A,0),0)} -> #N/A | Y35: {=Y9*INDEX(bet对应表!$E:$E,MATCH($Y$2,bet对应表!$A:$A,0),0)} -> #N/A | Z35: {=Z9*INDEX(bet对应表!$E:$E,MATCH($Z$2,bet对应表!$A:$A,0),0)} -> #N/A | AA35: {=AA9*INDEX(bet对应表!$E:$E,MATCH($AA$2,bet对应表!$A:$A,0),0)} -> #N/A | AB35: {=AB9*INDEX(bet对应表!$E:$E,MATCH($AB$2,bet对应表!$A:$A,0),0)} -> #N/A | AC35: {=AC9*INDEX(bet对应表!$E:$E,MATCH($AC$2,bet对应表!$A:$A,0),0)} -> #N/A | AD35: {=AD9*INDEX(bet对应表!$E:$E,MATCH($AD$2,bet对应表!$A:$A,0),0)} -> #N/A | AF35: 6 | AG35: {=AG9*INDEX(bet对应表!$E:$E,MATCH($AG$2,bet对应表!$A:$A,0),0)} -> #N/A | AH35: {=AH9*INDEX(bet对应表!$E:$E,MATCH($AH$2,bet对应表!$A:$A,0),0)} -> #N/A | AI35: {=AI9*INDEX(bet对应表!$E:$E,MATCH($AI$2,bet对应表!$A:$A,0),0)} -> #DIV/0! | AJ35: {=AJ9*INDEX(bet对应表!$E:$E,MATCH($AJ$2,bet对应表!$A:$A,0),0)} -> #DIV/0! | AK35: {=AK9*INDEX(bet对应表!$E:$E,MATCH($AK$2,bet对应表!$A:$A,0),0)} -> #DIV/0! | AL35: {=AL9*INDEX(bet对应表!$E:$E,MATCH($AL$2,bet对应表!$A:$A,0),0)} -> #N/A | AM35: {=AM9*INDEX(bet对应表!$E:$E,MATCH($AM$2,bet对应表!$A:$A,0),0)} -> #N/A | AN35: {=AN9*INDEX(bet对应表!$E:$E,MATCH($AN$2,bet对应表!$A:$A,0),0)} -> #N/A | AO35: {=AO9*INDEX(bet对应表!$E:$E,MATCH($AO$2,bet对应表!$A:$A,0),0)} -> #N/A | AP35: {=AP9*INDEX(bet对应表!$E:$E,MATCH($AP$2,bet对应表!$A:$A,0),0)} -> #N/A
K36: =ROUND((I9*$J$31)*25000000,0) -> 7500000 | L36: =ROUND(I9*(1-$J$31)*100,0) -> 0 | N36: 7 | O36: {=O10*INDEX(bet对应表!$E:$E,MATCH($O$2,bet对应表!$A:$A,0),0)} -> #N/A | P36: {=P10*INDEX(bet对应表!$E:$E,MATCH($P$2,bet对应表!$A:$A,0),0)} -> #N/A | Q36: {=Q10*INDEX(bet对应表!$E:$E,MATCH($Q$2,bet对应表!$A:$A,0),0)} -> #N/A | R36: {=R10*INDEX(bet对应表!$E:$E,MATCH($R$2,bet对应表!$A:$A,0),0)} -> #N/A | S36: {=S10*INDEX(bet对应表!$E:$E,MATCH($S$2,bet对应表!$A:$A,0),0)} -> #N/A | T36: {=T10*INDEX(bet对应表!$E:$E,MATCH($T$2,bet对应表!$A:$A,0),0)} -> #N/A | U36: {=U10*INDEX(bet对应表!$E:$E,MATCH($U$2,bet对应表!$A:$A,0),0)} -> #N/A | V36: {=V10*INDEX(bet对应表!$E:$E,MATCH($V$2,bet对应表!$A:$A,0),0)} -> #N/A | W36: {=W10*INDEX(bet对应表!$E:$E,MATCH($W$2,bet对应表!$A:$A,0),0)} -> #N/A | X36: {=X10*INDEX(bet对应表!$E:$E,MATCH($X$2,bet对应表!$A:$A,0),0)} -> #N/A | Y36: {=Y10*INDEX(bet对应表!$E:$E,MATCH($Y$2,bet对应表!$A:$A,0),0)} -> #N/A | Z36: {=Z10*INDEX(bet对应表!$E:$E,MATCH($Z$2,bet对应表!$A:$A,0),0)} -> #N/A | AA36: {=AA10*INDEX(bet对应表!$E:$E,MATCH($AA$2,bet对应表!$A:$A,0),0)} -> #N/A | AB36: {=AB10*INDEX(bet对应表!$E:$E,MATCH($AB$2,bet对应表!$A:$A,0),0)} -> #N/A | AC36: {=AC10*INDEX(bet对应表!$E:$E,MATCH($AC$2,bet对应表!$A:$A,0),0)} -> #N/A | AD36: {=AD10*INDEX(bet对应表!$E:$E,MATCH($AD$2,bet对应表!$A:$A,0),0)} -> #N/A | AF36: 7 | AG36: {=AG10*INDEX(bet对应表!$E:$E,MATCH($AG$2,bet对应表!$A:$A,0),0)} -> #N/A | AH36: {=AH10*INDEX(bet对应表!$E:$E,MATCH($AH$2,bet对应表!$A:$A,0),0)} -> #N/A | AI36: {=AI10*INDEX(bet对应表!$E:$E,MATCH($AI$2,bet对应表!$A:$A,0),0)} -> #DIV/0! | AJ36: {=AJ10*INDEX(bet对应表!$E:$E,MATCH($AJ$2,bet对应表!$A:$A,0),0)} -> #DIV/0! | AK36: {=AK10*INDEX(bet对应表!$E:$E,MATCH($AK$2,bet对应表!$A:$A,0),0)} -> #DIV/0! | AL36: {=AL10*INDEX(bet对应表!$E:$E,MATCH($AL$2,bet对应表!$A:$A,0),0)} -> #N/A | AM36: {=AM10*INDEX(bet对应表!$E:$E,MATCH($AM$2,bet对应表!$A:$A,0),0)} -> #N/A | AN36: {=AN10*INDEX(bet对应表!$E:$E,MATCH($AN$2,bet对应表!$A:$A,0),0)} -> #N/A | AO36: {=AO10*INDEX(bet对应表!$E:$E,MATCH($AO$2,bet对应表!$A:$A,0),0)} -> #N/A | AP36: {=AP10*INDEX(bet对应表!$E:$E,MATCH($AP$2,bet对应表!$A:$A,0),0)} -> #N/A
K37: =ROUND((I10*$J$31)*25000000,0) -> 11250000 | L37: =ROUND(I10*(1-$J$31)*100,0) -> 0 | N37: 8 | O37: {=O11*INDEX(bet对应表!$E:$E,MATCH($O$2,bet对应表!$A:$A,0),0)} -> #N/A | P37: {=P11*INDEX(bet对应表!$E:$E,MATCH($P$2,bet对应表!$A:$A,0),0)} -> #N/A | Q37: {=Q11*INDEX(bet对应表!$E:$E,MATCH($Q$2,bet对应表!$A:$A,0),0)} -> #N/A | R37: {=R11*INDEX(bet对应表!$E:$E,MATCH($R$2,bet对应表!$A:$A,0),0)} -> #N/A | S37: {=S11*INDEX(bet对应表!$E:$E,MATCH($S$2,bet对应表!$A:$A,0),0)} -> #N/A | T37: {=T11*INDEX(bet对应表!$E:$E,MATCH($T$2,bet对应表!$A:$A,0),0)} -> #N/A | U37: {=U11*INDEX(bet对应表!$E:$E,MATCH($U$2,bet对应表!$A:$A,0),0)} -> #N/A | V37: {=V11*INDEX(bet对应表!$E:$E,MATCH($V$2,bet对应表!$A:$A,0),0)} -> #N/A | W37: {=W11*INDEX(bet对应表!$E:$E,MATCH($W$2,bet对应表!$A:$A,0),0)} -> #N/A | X37: {=X11*INDEX(bet对应表!$E:$E,MATCH($X$2,bet对应表!$A:$A,0),0)} -> #N/A | Y37: {=Y11*INDEX(bet对应表!$E:$E,MATCH($Y$2,bet对应表!$A:$A,0),0)} -> #N/A | Z37: {=Z11*INDEX(bet对应表!$E:$E,MATCH($Z$2,bet对应表!$A:$A,0),0)} -> #N/A | AA37: {=AA11*INDEX(bet对应表!$E:$E,MATCH($AA$2,bet对应表!$A:$A,0),0)} -> #N/A | AB37: {=AB11*INDEX(bet对应表!$E:$E,MATCH($AB$2,bet对应表!$A:$A,0),0)} -> #N/A | AC37: {=AC11*INDEX(bet对应表!$E:$E,MATCH($AC$2,bet对应表!$A:$A,0),0)} -> #N/A | AD37: {=AD11*INDEX(bet对应表!$E:$E,MATCH($AD$2,bet对应表!$A:$A,0),0)} -> #N/A | AF37: 8 | AG37: {=AG11*INDEX(bet对应表!$E:$E,MATCH($AG$2,bet对应表!$A:$A,0),0)} -> #N/A | AH37: {=AH11*INDEX(bet对应表!$E:$E,MATCH($AH$2,bet对应表!$A:$A,0),0)} -> #N/A | AI37: {=AI11*INDEX(bet对应表!$E:$E,MATCH($AI$2,bet对应表!$A:$A,0),0)} -> #DIV/0! | AJ37: {=AJ11*INDEX(bet对应表!$E:$E,MATCH($AJ$2,bet对应表!$A:$A,0),0)} -> #DIV/0! | AK37: {=AK11*INDEX(bet对应表!$E:$E,MATCH($AK$2,bet对应表!$A:$A,0),0)} -> #DIV/0! | AL37: {=AL11*INDEX(bet对应表!$E:$E,MATCH($AL$2,bet对应表!$A:$A,0),0)} -> #N/A | AM37: {=AM11*INDEX(bet对应表!$E:$E,MATCH($AM$2,bet对应表!$A:$A,0),0)} -> #N/A | AN37: {=AN11*INDEX(bet对应表!$E:$E,MATCH($AN$2,bet对应表!$A:$A,0),0)} -> #N/A | AO37: {=AO11*INDEX(bet对应表!$E:$E,MATCH($AO$2,bet对应表!$A:$A,0),0)} -> #N/A | AP37: {=AP11*INDEX(bet对应表!$E:$E,MATCH($AP$2,bet对应表!$A:$A,0),0)} -> #N/A
K38: =ROUND((I11*$J$31)*25000000,0) -> 15000000 | L38: =ROUND(I11*(1-$J$31)*100,0) -> 0 | N38: 9 | O38: {=O12*INDEX(bet对应表!$E:$E,MATCH($O$2,bet对应表!$A:$A,0),0)} -> #N/A | P38: {=P12*INDEX(bet对应表!$E:$E,MATCH($P$2,bet对应表!$A:$A,0),0)} -> #N/A | Q38: {=Q12*INDEX(bet对应表!$E:$E,MATCH($Q$2,bet对应表!$A:$A,0),0)} -> #N/A | R38: {=R12*INDEX(bet对应表!$E:$E,MATCH($R$2,bet对应表!$A:$A,0),0)} -> #N/A | S38: {=S12*INDEX(bet对应表!$E:$E,MATCH($S$2,bet对应表!$A:$A,0),0)} -> #N/A | T38: {=T12*INDEX(bet对应表!$E:$E,MATCH($T$2,bet对应表!$A:$A,0),0)} -> #N/A | U38: {=U12*INDEX(bet对应表!$E:$E,MATCH($U$2,bet对应表!$A:$A,0),0)} -> #N/A | V38: {=V12*INDEX(bet对应表!$E:$E,MATCH($V$2,bet对应表!$A:$A,0),0)} -> #N/A | W38: {=W12*INDEX(bet对应表!$E:$E,MATCH($W$2,bet对应表!$A:$A,0),0)} -> #N/A | X38: {=X12*INDEX(bet对应表!$E:$E,MATCH($X$2,bet对应表!$A:$A,0),0)} -> #N/A | Y38: {=Y12*INDEX(bet对应表!$E:$E,MATCH($Y$2,bet对应表!$A:$A,0),0)} -> #N/A | Z38: {=Z12*INDEX(bet对应表!$E:$E,MATCH($Z$2,bet对应表!$A:$A,0),0)} -> #N/A | AA38: {=AA12*INDEX(bet对应表!$E:$E,MATCH($AA$2,bet对应表!$A:$A,0),0)} -> #N/A | AB38: {=AB12*INDEX(bet对应表!$E:$E,MATCH($AB$2,bet对应表!$A:$A,0),0)} -> #N/A | AC38: {=AC12*INDEX(bet对应表!$E:$E,MATCH($AC$2,bet对应表!$A:$A,0),0)} -> #N/A | AD38: {=AD12*INDEX(bet对应表!$E:$E,MATCH($AD$2,bet对应表!$A:$A,0),0)} -> #N/A | AF38: 9 | AG38: {=AG12*INDEX(bet对应表!$E:$E,MATCH($AG$2,bet对应表!$A:$A,0),0)} -> #N/A | AH38: {=AH12*INDEX(bet对应表!$E:$E,MATCH($AH$2,bet对应表!$A:$A,0),0)} -> #N/A | AI38: {=AI12*INDEX(bet对应表!$E:$E,MATCH($AI$2,bet对应表!$A:$A,0),0)} -> #DIV/0! | AJ38: {=AJ12*INDEX(bet对应表!$E:$E,MATCH($AJ$2,bet对应表!$A:$A,0),0)} -> #DIV/0! | AK38: {=AK12*INDEX(bet对应表!$E:$E,MATCH($AK$2,bet对应表!$A:$A,0),0)} -> #DIV/0! | AL38: {=AL12*INDEX(bet对应表!$E:$E,MATCH($AL$2,bet对应表!$A:$A,0),0)} -> #N/A | AM38: {=AM12*INDEX(bet对应表!$E:$E,MATCH($AM$2,bet对应表!$A:$A,0),0)} -> #N/A | AN38: {=AN12*INDEX(bet对应表!$E:$E,MATCH($AN$2,bet对应表!$A:$A,0),0)} -> #N/A | AO38: {=AO12*INDEX(bet对应表!$E:$E,MATCH($AO$2,bet对应表!$A:$A,0),0)} -> #N/A | AP38: {=AP12*INDEX(bet对应表!$E:$E,MATCH($AP$2,bet对应表!$A:$A,0),0)} -> #N/A
K39: =ROUND((E31*$J$30)*25000000,0) -> 52500000 | L39: =ROUND(E31*(1-$J$30)*100,0) -> 90 | N39: 10 | O39: {=O13*INDEX(bet对应表!$E:$E,MATCH($O$2,bet对应表!$A:$A,0),0)} -> #N/A | P39: {=P13*INDEX(bet对应表!$E:$E,MATCH($P$2,bet对应表!$A:$A,0),0)} -> #N/A | Q39: {=Q13*INDEX(bet对应表!$E:$E,MATCH($Q$2,bet对应表!$A:$A,0),0)} -> #N/A | R39: {=R13*INDEX(bet对应表!$E:$E,MATCH($R$2,bet对应表!$A:$A,0),0)} -> #N/A | S39: {=S13*INDEX(bet对应表!$E:$E,MATCH($S$2,bet对应表!$A:$A,0),0)} -> #N/A | T39: {=T13*INDEX(bet对应表!$E:$E,MATCH($T$2,bet对应表!$A:$A,0),0)} -> #N/A | U39: {=U13*INDEX(bet对应表!$E:$E,MATCH($U$2,bet对应表!$A:$A,0),0)} -> #N/A | V39: {=V13*INDEX(bet对应表!$E:$E,MATCH($V$2,bet对应表!$A:$A,0),0)} -> #N/A | W39: {=W13*INDEX(bet对应表!$E:$E,MATCH($W$2,bet对应表!$A:$A,0),0)} -> #N/A | X39: {=X13*INDEX(bet对应表!$E:$E,MATCH($X$2,bet对应表!$A:$A,0),0)} -> #N/A | Y39: {=Y13*INDEX(bet对应表!$E:$E,MATCH($Y$2,bet对应表!$A:$A,0),0)} -> #N/A | Z39: {=Z13*INDEX(bet对应表!$E:$E,MATCH($Z$2,bet对应表!$A:$A,0),0)} -> #N/A | AA39: {=AA13*INDEX(bet对应表!$E:$E,MATCH($AA$2,bet对应表!$A:$A,0),0)} -> #N/A | AB39: {=AB13*INDEX(bet对应表!$E:$E,MATCH($AB$2,bet对应表!$A:$A,0),0)} -> #N/A | AC39: {=AC13*INDEX(bet对应表!$E:$E,MATCH($AC$2,bet对应表!$A:$A,0),0)} -> #N/A | AD39: {=AD13*INDEX(bet对应表!$E:$E,MATCH($AD$2,bet对应表!$A:$A,0),0)} -> #N/A | AF39: 10 | AG39: {=AG13*INDEX(bet对应表!$E:$E,MATCH($AG$2,bet对应表!$A:$A,0),0)} -> #N/A | AH39: {=AH13*INDEX(bet对应表!$E:$E,MATCH($AH$2,bet对应表!$A:$A,0),0)} -> #N/A | AI39: {=AI13*INDEX(bet对应表!$E:$E,MATCH($AI$2,bet对应表!$A:$A,0),0)} -> #DIV/0! | AJ39: {=AJ13*INDEX(bet对应表!$E:$E,MATCH($AJ$2,bet对应表!$A:$A,0),0)} -> #DIV/0! | AK39: {=AK13*INDEX(bet对应表!$E:$E,MATCH($AK$2,bet对应表!$A:$A,0),0)} -> #DIV/0! | AL39: {=AL13*INDEX(bet对应表!$E:$E,MATCH($AL$2,bet对应表!$A:$A,0),0)} -> #N/A | AM39: {=AM13*INDEX(bet对应表!$E:$E,MATCH($AM$2,bet对应表!$A:$A,0),0)} -> #N/A | AN39: {=AN13*INDEX(bet对应表!$E:$E,MATCH($AN$2,bet对应表!$A:$A,0),0)} -> #N/A | AO39: {=AO13*INDEX(bet对应表!$E:$E,MATCH($AO$2,bet对应表!$A:$A,0),0)} -> #N/A | AP39: {=AP13*INDEX(bet对应表!$E:$E,MATCH($AP$2,bet对应表!$A:$A,0),0)} -> #N/A
K40: =ROUND((I12*$J$31)*25000000,0) -> 3750000 | L40: =ROUND(I12*(1-$J$31)*100,0) -> 0 | N40: 11 | O40: {=O14*INDEX(bet对应表!$E:$E,MATCH($O$2,bet对应表!$A:$A,0),0)} -> #N/A | P40: {=P14*INDEX(bet对应表!$E:$E,MATCH($P$2,bet对应表!$A:$A,0),0)} -> #N/A | Q40: {=Q14*INDEX(bet对应表!$E:$E,MATCH($Q$2,bet对应表!$A:$A,0),0)} -> #N/A | R40: {=R14*INDEX(bet对应表!$E:$E,MATCH($R$2,bet对应表!$A:$A,0),0)} -> #N/A | S40: {=S14*INDEX(bet对应表!$E:$E,MATCH($S$2,bet对应表!$A:$A,0),0)} -> #N/A | T40: {=T14*INDEX(bet对应表!$E:$E,MATCH($T$2,bet对应表!$A:$A,0),0)} -> #N/A | U40: {=U14*INDEX(bet对应表!$E:$E,MATCH($U$2,bet对应表!$A:$A,0),0)} -> #N/A | V40: {=V14*INDEX(bet对应表!$E:$E,MATCH($V$2,bet对应表!$A:$A,0),0)} -> #N/A | W40: {=W14*INDEX(bet对应表!$E:$E,MATCH($W$2,bet对应表!$A:$A,0),0)} -> #N/A | X40: {=X14*INDEX(bet对应表!$E:$E,MATCH($X$2,bet对应表!$A:$A,0),0)} -> #N/A | Y40: {=Y14*INDEX(bet对应表!$E:$E,MATCH($Y$2,bet对应表!$A:$A,0),0)} -> #N/A | Z40: {=Z14*INDEX(bet对应表!$E:$E,MATCH($Z$2,bet对应表!$A:$A,0),0)} -> #N/A | AA40: {=AA14*INDEX(bet对应表!$E:$E,MATCH($AA$2,bet对应表!$A:$A,0),0)} -> #N/A | AB40: {=AB14*INDEX(bet对应表!$E:$E,MATCH($AB$2,bet对应表!$A:$A,0),0)} -> #N/A | AC40: {=AC14*INDEX(bet对应表!$E:$E,MATCH($AC$2,bet对应表!$A:$A,0),0)} -> #N/A | AD40: {=AD14*INDEX(bet对应表!$E:$E,MATCH($AD$2,bet对应表!$A:$A,0),0)} -> #N/A | AF40: 11 | AG40: {=AG14*INDEX(bet对应表!$E:$E,MATCH($AG$2,bet对应表!$A:$A,0),0)} -> #N/A | AH40: {=AH14*INDEX(bet对应表!$E:$E,MATCH($AH$2,bet对应表!$A:$A,0),0)} -> #N/A | AI40: {=AI14*INDEX(bet对应表!$E:$E,MATCH($AI$2,bet对应表!$A:$A,0),0)} -> #DIV/0! | AJ40: {=AJ14*INDEX(bet对应表!$E:$E,MATCH($AJ$2,bet对应表!$A:$A,0),0)} -> #DIV/0! | AK40: {=AK14*INDEX(bet对应表!$E:$E,MATCH($AK$2,bet对应表!$A:$A,0),0)} -> #DIV/0! | AL40: {=AL14*INDEX(bet对应表!$E:$E,MATCH($AL$2,bet对应表!$A:$A,0),0)} -> #N/A | AM40: {=AM14*INDEX(bet对应表!$E:$E,MATCH($AM$2,bet对应表!$A:$A,0),0)} -> #N/A | AN40: {=AN14*INDEX(bet对应表!$E:$E,MATCH($AN$2,bet对应表!$A:$A,0),0)} -> #N/A | AO40: {=AO14*INDEX(bet对应表!$E:$E,MATCH($AO$2,bet对应表!$A:$A,0),0)} -> #N/A | AP40: {=AP14*INDEX(bet对应表!$E:$E,MATCH($AP$2,bet对应表!$A:$A,0),0)} -> #N/A
K41: =ROUND((I13*$J$31)*25000000,0) -> 5750000 | L41: =ROUND(I13*(1-$J$31)*100,0) -> 0 | N41: 12 | O41: {=O15*INDEX(bet对应表!$E:$E,MATCH($O$2,bet对应表!$A:$A,0),0)} -> #N/A | P41: {=P15*INDEX(bet对应表!$E:$E,MATCH($P$2,bet对应表!$A:$A,0),0)} -> #N/A | Q41: {=Q15*INDEX(bet对应表!$E:$E,MATCH($Q$2,bet对应表!$A:$A,0),0)} -> #N/A | R41: {=R15*INDEX(bet对应表!$E:$E,MATCH($R$2,bet对应表!$A:$A,0),0)} -> #N/A | S41: {=S15*INDEX(bet对应表!$E:$E,MATCH($S$2,bet对应表!$A:$A,0),0)} -> #N/A | T41: {=T15*INDEX(bet对应表!$E:$E,MATCH($T$2,bet对应表!$A:$A,0),0)} -> #N/A | U41: {=U15*INDEX(bet对应表!$E:$E,MATCH($U$2,bet对应表!$A:$A,0),0)} -> #N/A | V41: {=V15*INDEX(bet对应表!$E:$E,MATCH($V$2,bet对应表!$A:$A,0),0)} -> #N/A | W41: {=W15*INDEX(bet对应表!$E:$E,MATCH($W$2,bet对应表!$A:$A,0),0)} -> #N/A | X41: {=X15*INDEX(bet对应表!$E:$E,MATCH($X$2,bet对应表!$A:$A,0),0)} -> #N/A | Y41: {=Y15*INDEX(bet对应表!$E:$E,MATCH($Y$2,bet对应表!$A:$A,0),0)} -> #N/A | Z41: {=Z15*INDEX(bet对应表!$E:$E,MATCH($Z$2,bet对应表!$A:$A,0),0)} -> #N/A | AA41: {=AA15*INDEX(bet对应表!$E:$E,MATCH($AA$2,bet对应表!$A:$A,0),0)} -> #N/A | AB41: {=AB15*INDEX(bet对应表!$E:$E,MATCH($AB$2,bet对应表!$A:$A,0),0)} -> #N/A | AC41: {=AC15*INDEX(bet对应表!$E:$E,MATCH($AC$2,bet对应表!$A:$A,0),0)} -> #N/A | AD41: {=AD15*INDEX(bet对应表!$E:$E,MATCH($AD$2,bet对应表!$A:$A,0),0)} -> #N/A | AF41: 12 | AG41: {=AG15*INDEX(bet对应表!$E:$E,MATCH($AG$2,bet对应表!$A:$A,0),0)} -> #N/A | AH41: {=AH15*INDEX(bet对应表!$E:$E,MATCH($AH$2,bet对应表!$A:$A,0),0)} -> #N/A | AI41: {=AI15*INDEX(bet对应表!$E:$E,MATCH($AI$2,bet对应表!$A:$A,0),0)} -> #DIV/0! | AJ41: {=AJ15*INDEX(bet对应表!$E:$E,MATCH($AJ$2,bet对应表!$A:$A,0),0)} -> #DIV/0! | AK41: {=AK15*INDEX(bet对应表!$E:$E,MATCH($AK$2,bet对应表!$A:$A,0),0)} -> #DIV/0! | AL41: {=AL15*INDEX(bet对应表!$E:$E,MATCH($AL$2,bet对应表!$A:$A,0),0)} -> #N/A | AM41: {=AM15*INDEX(bet对应表!$E:$E,MATCH($AM$2,bet对应表!$A:$A,0),0)} -> #N/A | AN41: {=AN15*INDEX(bet对应表!$E:$E,MATCH($AN$2,bet对应表!$A:$A,0),0)} -> #N/A | AO41: {=AO15*INDEX(bet对应表!$E:$E,MATCH($AO$2,bet对应表!$A:$A,0),0)} -> #N/A | AP41: {=AP15*INDEX(bet对应表!$E:$E,MATCH($AP$2,bet对应表!$A:$A,0),0)} -> #N/A
K42: =ROUND((I14*$J$31)*25000000,0) -> 7500000 | L42: =ROUND(I14*(1-$J$31)*100,0) -> 0 | N42: 13 | O42: {=O16*INDEX(bet对应表!$E:$E,MATCH($O$2,bet对应表!$A:$A,0),0)} -> #N/A | P42: {=P16*INDEX(bet对应表!$E:$E,MATCH($P$2,bet对应表!$A:$A,0),0)} -> #N/A | Q42: {=Q16*INDEX(bet对应表!$E:$E,MATCH($Q$2,bet对应表!$A:$A,0),0)} -> #N/A | R42: {=R16*INDEX(bet对应表!$E:$E,MATCH($R$2,bet对应表!$A:$A,0),0)} -> #N/A | S42: {=S16*INDEX(bet对应表!$E:$E,MATCH($S$2,bet对应表!$A:$A,0),0)} -> #N/A | T42: {=T16*INDEX(bet对应表!$E:$E,MATCH($T$2,bet对应表!$A:$A,0),0)} -> #N/A | U42: {=U16*INDEX(bet对应表!$E:$E,MATCH($U$2,bet对应表!$A:$A,0),0)} -> #N/A | V42: {=V16*INDEX(bet对应表!$E:$E,MATCH($V$2,bet对应表!$A:$A,0),0)} -> #N/A | W42: {=W16*INDEX(bet对应表!$E:$E,MATCH($W$2,bet对应表!$A:$A,0),0)} -> #N/A | X42: {=X16*INDEX(bet对应表!$E:$E,MATCH($X$2,bet对应表!$A:$A,0),0)} -> #N/A | Y42: {=Y16*INDEX(bet对应表!$E:$E,MATCH($Y$2,bet对应表!$A:$A,0),0)} -> #N/A | Z42: {=Z16*INDEX(bet对应表!$E:$E,MATCH($Z$2,bet对应表!$A:$A,0),0)} -> #N/A | AA42: {=AA16*INDEX(bet对应表!$E:$E,MATCH($AA$2,bet对应表!$A:$A,0),0)} -> #N/A | AB42: {=AB16*INDEX(bet对应表!$E:$E,MATCH($AB$2,bet对应表!$A:$A,0),0)} -> #N/A | AC42: {=AC16*INDEX(bet对应表!$E:$E,MATCH($AC$2,bet对应表!$A:$A,0),0)} -> #N/A | AD42: {=AD16*INDEX(bet对应表!$E:$E,MATCH($AD$2,bet对应表!$A:$A,0),0)} -> #N/A | AF42: 13 | AG42: {=AG16*INDEX(bet对应表!$E:$E,MATCH($AG$2,bet对应表!$A:$A,0),0)} -> #N/A | AH42: {=AH16*INDEX(bet对应表!$E:$E,MATCH($AH$2,bet对应表!$A:$A,0),0)} -> #N/A | AI42: {=AI16*INDEX(bet对应表!$E:$E,MATCH($AI$2,bet对应表!$A:$A,0),0)} -> #DIV/0! | AJ42: {=AJ16*INDEX(bet对应表!$E:$E,MATCH($AJ$2,bet对应表!$A:$A,0),0)} -> #DIV/0! | AK42: {=AK16*INDEX(bet对应表!$E:$E,MATCH($AK$2,bet对应表!$A:$A,0),0)} -> #DIV/0! | AL42: {=AL16*INDEX(bet对应表!$E:$E,MATCH($AL$2,bet对应表!$A:$A,0),0)} -> #N/A | AM42: {=AM16*INDEX(bet对应表!$E:$E,MATCH($AM$2,bet对应表!$A:$A,0),0)} -> #N/A | AN42: {=AN16*INDEX(bet对应表!$E:$E,MATCH($AN$2,bet对应表!$A:$A,0),0)} -> #N/A | AO42: {=AO16*INDEX(bet对应表!$E:$E,MATCH($AO$2,bet对应表!$A:$A,0),0)} -> #N/A | AP42: {=AP16*INDEX(bet对应表!$E:$E,MATCH($AP$2,bet对应表!$A:$A,0),0)} -> #N/A
K43: =ROUND((I15*$J$31)*25000000,0) -> 11250000 | L43: =ROUND(I15*(1-$J$31)*100,0) -> 0 | N43: 14 | O43: {=O17*INDEX(bet对应表!$E:$E,MATCH($O$2,bet对应表!$A:$A,0),0)} -> #N/A | P43: {=P17*INDEX(bet对应表!$E:$E,MATCH($P$2,bet对应表!$A:$A,0),0)} -> #N/A | Q43: {=Q17*INDEX(bet对应表!$E:$E,MATCH($Q$2,bet对应表!$A:$A,0),0)} -> #N/A | R43: {=R17*INDEX(bet对应表!$E:$E,MATCH($R$2,bet对应表!$A:$A,0),0)} -> #N/A | S43: {=S17*INDEX(bet对应表!$E:$E,MATCH($S$2,bet对应表!$A:$A,0),0)} -> #N/A | T43: {=T17*INDEX(bet对应表!$E:$E,MATCH($T$2,bet对应表!$A:$A,0),0)} -> #N/A | U43: {=U17*INDEX(bet对应表!$E:$E,MATCH($U$2,bet对应表!$A:$A,0),0)} -> #N/A | V43: {=V17*INDEX(bet对应表!$E:$E,MATCH($V$2,bet对应表!$A:$A,0),0)} -> #N/A | W43: {=W17*INDEX(bet对应表!$E:$E,MATCH($W$2,bet对应表!$A:$A,0),0)} -> #N/A | X43: {=X17*INDEX(bet对应表!$E:$E,MATCH($X$2,bet对应表!$A:$A,0),0)} -> #N/A | Y43: {=Y17*INDEX(bet对应表!$E:$E,MATCH($Y$2,bet对应表!$A:$A,0),0)} -> #N/A | Z43: {=Z17*INDEX(bet对应表!$E:$E,MATCH($Z$2,bet对应表!$A:$A,0),0)} -> #N/A | AA43: {=AA17*INDEX(bet对应表!$E:$E,MATCH($AA$2,bet对应表!$A:$A,0),0)} -> #N/A | AB43: {=AB17*INDEX(bet对应表!$E:$E,MATCH($AB$2,bet对应表!$A:$A,0),0)} -> #N/A | AC43: {=AC17*INDEX(bet对应表!$E:$E,MATCH($AC$2,bet对应表!$A:$A,0),0)} -> #N/A | AD43: {=AD17*INDEX(bet对应表!$E:$E,MATCH($AD$2,bet对应表!$A:$A,0),0)} -> #N/A | AF43: 14 | AG43: {=AG17*INDEX(bet对应表!$E:$E,MATCH($AG$2,bet对应表!$A:$A,0),0)} -> #N/A | AH43: {=AH17*INDEX(bet对应表!$E:$E,MATCH($AH$2,bet对应表!$A:$A,0),0)} -> #N/A | AI43: {=AI17*INDEX(bet对应表!$E:$E,MATCH($AI$2,bet对应表!$A:$A,0),0)} -> #DIV/0! | AJ43: {=AJ17*INDEX(bet对应表!$E:$E,MATCH($AJ$2,bet对应表!$A:$A,0),0)} -> #DIV/0! | AK43: {=AK17*INDEX(bet对应表!$E:$E,MATCH($AK$2,bet对应表!$A:$A,0),0)} -> #DIV/0! | AL43: {=AL17*INDEX(bet对应表!$E:$E,MATCH($AL$2,bet对应表!$A:$A,0),0)} -> #N/A | AM43: {=AM17*INDEX(bet对应表!$E:$E,MATCH($AM$2,bet对应表!$A:$A,0),0)} -> #N/A | AN43: {=AN17*INDEX(bet对应表!$E:$E,MATCH($AN$2,bet对应表!$A:$A,0),0)} -> #N/A | AO43: {=AO17*INDEX(bet对应表!$E:$E,MATCH($AO$2,bet对应表!$A:$A,0),0)} -> #N/A | AP43: {=AP17*INDEX(bet对应表!$E:$E,MATCH($AP$2,bet对应表!$A:$A,0),0)} -> #N/A
K44: =ROUND((I16*$J$31)*25000000,0) -> 15000000 | L44: =ROUND(I16*(1-$J$31)*100,0) -> 0 | N44: 15 | O44: {=O18*INDEX(bet对应表!$E:$E,MATCH($O$2,bet对应表!$A:$A,0),0)} -> #N/A | P44: {=P18*INDEX(bet对应表!$E:$E,MATCH($P$2,bet对应表!$A:$A,0),0)} -> #N/A | Q44: {=Q18*INDEX(bet对应表!$E:$E,MATCH($Q$2,bet对应表!$A:$A,0),0)} -> #N/A | R44: {=R18*INDEX(bet对应表!$E:$E,MATCH($R$2,bet对应表!$A:$A,0),0)} -> #N/A | S44: {=S18*INDEX(bet对应表!$E:$E,MATCH($S$2,bet对应表!$A:$A,0),0)} -> #N/A | T44: {=T18*INDEX(bet对应表!$E:$E,MATCH($T$2,bet对应表!$A:$A,0),0)} -> #N/A | U44: {=U18*INDEX(bet对应表!$E:$E,MATCH($U$2,bet对应表!$A:$A,0),0)} -> #N/A | V44: {=V18*INDEX(bet对应表!$E:$E,MATCH($V$2,bet对应表!$A:$A,0),0)} -> #N/A | W44: {=W18*INDEX(bet对应表!$E:$E,MATCH($W$2,bet对应表!$A:$A,0),0)} -> #N/A | X44: {=X18*INDEX(bet对应表!$E:$E,MATCH($X$2,bet对应表!$A:$A,0),0)} -> #N/A | Y44: {=Y18*INDEX(bet对应表!$E:$E,MATCH($Y$2,bet对应表!$A:$A,0),0)} -> #N/A | Z44: {=Z18*INDEX(bet对应表!$E:$E,MATCH($Z$2,bet对应表!$A:$A,0),0)} -> #N/A | AA44: {=AA18*INDEX(bet对应表!$E:$E,MATCH($AA$2,bet对应表!$A:$A,0),0)} -> #N/A | AB44: {=AB18*INDEX(bet对应表!$E:$E,MATCH($AB$2,bet对应表!$A:$A,0),0)} -> #N/A | AC44: {=AC18*INDEX(bet对应表!$E:$E,MATCH($AC$2,bet对应表!$A:$A,0),0)} -> #N/A | AD44: {=AD18*INDEX(bet对应表!$E:$E,MATCH($AD$2,bet对应表!$A:$A,0),0)} -> #N/A | AF44: 15 | AG44: {=AG18*INDEX(bet对应表!$E:$E,MATCH($AG$2,bet对应表!$A:$A,0),0)} -> #N/A | AH44: {=AH18*INDEX(bet对应表!$E:$E,MATCH($AH$2,bet对应表!$A:$A,0),0)} -> #N/A | AI44: {=AI18*INDEX(bet对应表!$E:$E,MATCH($AI$2,bet对应表!$A:$A,0),0)} -> #DIV/0! | AJ44: {=AJ18*INDEX(bet对应表!$E:$E,MATCH($AJ$2,bet对应表!$A:$A,0),0)} -> #DIV/0! | AK44: {=AK18*INDEX(bet对应表!$E:$E,MATCH($AK$2,bet对应表!$A:$A,0),0)} -> #DIV/0! | AL44: {=AL18*INDEX(bet对应表!$E:$E,MATCH($AL$2,bet对应表!$A:$A,0),0)} -> #N/A | AM44: {=AM18*INDEX(bet对应表!$E:$E,MATCH($AM$2,bet对应表!$A:$A,0),0)} -> #N/A | AN44: {=AN18*INDEX(bet对应表!$E:$E,MATCH($AN$2,bet对应表!$A:$A,0),0)} -> #N/A | AO44: {=AO18*INDEX(bet对应表!$E:$E,MATCH($AO$2,bet对应表!$A:$A,0),0)} -> #N/A | AP44: {=AP18*INDEX(bet对应表!$E:$E,MATCH($AP$2,bet对应表!$A:$A,0),0)} -> #N/A
K45: =ROUND((I17*$J$31)*25000000,0) -> 22500000 | L45: =ROUND(I17*(1-$J$31)*100,0) -> 0 | N45: 16 | O45: {=O19*INDEX(bet对应表!$E:$E,MATCH($O$2,bet对应表!$A:$A,0),0)} -> #N/A | P45: {=P19*INDEX(bet对应表!$E:$E,MATCH($P$2,bet对应表!$A:$A,0),0)} -> #N/A | Q45: {=Q19*INDEX(bet对应表!$E:$E,MATCH($Q$2,bet对应表!$A:$A,0),0)} -> #N/A | R45: {=R19*INDEX(bet对应表!$E:$E,MATCH($R$2,bet对应表!$A:$A,0),0)} -> #N/A | S45: {=S19*INDEX(bet对应表!$E:$E,MATCH($S$2,bet对应表!$A:$A,0),0)} -> #N/A | T45: {=T19*INDEX(bet对应表!$E:$E,MATCH($T$2,bet对应表!$A:$A,0),0)} -> #N/A | U45: {=U19*INDEX(bet对应表!$E:$E,MATCH($U$2,bet对应表!$A:$A,0),0)} -> #N/A | V45: {=V19*INDEX(bet对应表!$E:$E,MATCH($V$2,bet对应表!$A:$A,0),0)} -> #N/A | W45: {=W19*INDEX(bet对应表!$E:$E,MATCH($W$2,bet对应表!$A:$A,0),0)} -> #N/A | X45: {=X19*INDEX(bet对应表!$E:$E,MATCH($X$2,bet对应表!$A:$A,0),0)} -> #N/A | Y45: {=Y19*INDEX(bet对应表!$E:$E,MATCH($Y$2,bet对应表!$A:$A,0),0)} -> #N/A | Z45: {=Z19*INDEX(bet对应表!$E:$E,MATCH($Z$2,bet对应表!$A:$A,0),0)} -> #N/A | AA45: {=AA19*INDEX(bet对应表!$E:$E,MATCH($AA$2,bet对应表!$A:$A,0),0)} -> #N/A | AB45: {=AB19*INDEX(bet对应表!$E:$E,MATCH($AB$2,bet对应表!$A:$A,0),0)} -> #N/A | AC45: {=AC19*INDEX(bet对应表!$E:$E,MATCH($AC$2,bet对应表!$A:$A,0),0)} -> #N/A | AD45: {=AD19*INDEX(bet对应表!$E:$E,MATCH($AD$2,bet对应表!$A:$A,0),0)} -> #N/A | AF45: 16 | AG45: {=AG19*INDEX(bet对应表!$E:$E,MATCH($AG$2,bet对应表!$A:$A,0),0)} -> #N/A | AH45: {=AH19*INDEX(bet对应表!$E:$E,MATCH($AH$2,bet对应表!$A:$A,0),0)} -> #N/A | AI45: {=AI19*INDEX(bet对应表!$E:$E,MATCH($AI$2,bet对应表!$A:$A,0),0)} -> #DIV/0! | AJ45: {=AJ19*INDEX(bet对应表!$E:$E,MATCH($AJ$2,bet对应表!$A:$A,0),0)} -> #DIV/0! | AK45: {=AK19*INDEX(bet对应表!$E:$E,MATCH($AK$2,bet对应表!$A:$A,0),0)} -> #DIV/0! | AL45: {=AL19*INDEX(bet对应表!$E:$E,MATCH($AL$2,bet对应表!$A:$A,0),0)} -> #N/A | AM45: {=AM19*INDEX(bet对应表!$E:$E,MATCH($AM$2,bet对应表!$A:$A,0),0)} -> #N/A | AN45: {=AN19*INDEX(bet对应表!$E:$E,MATCH($AN$2,bet对应表!$A:$A,0),0)} -> #N/A | AO45: {=AO19*INDEX(bet对应表!$E:$E,MATCH($AO$2,bet对应表!$A:$A,0),0)} -> #N/A | AP45: {=AP19*INDEX(bet对应表!$E:$E,MATCH($AP$2,bet对应表!$A:$A,0),0)} -> #N/A
K46: =ROUND((I18*$J$31)*25000000,0) -> 33750000 | L46: =ROUND(I18*(1-$J$31)*100,0) -> 0 | N46: 17 | O46: {=O20*INDEX(bet对应表!$E:$E,MATCH($O$2,bet对应表!$A:$A,0),0)} -> #N/A | P46: {=P20*INDEX(bet对应表!$E:$E,MATCH($P$2,bet对应表!$A:$A,0),0)} -> #N/A | Q46: {=Q20*INDEX(bet对应表!$E:$E,MATCH($Q$2,bet对应表!$A:$A,0),0)} -> #N/A | R46: {=R20*INDEX(bet对应表!$E:$E,MATCH($R$2,bet对应表!$A:$A,0),0)} -> #N/A | S46: {=S20*INDEX(bet对应表!$E:$E,MATCH($S$2,bet对应表!$A:$A,0),0)} -> #N/A | T46: {=T20*INDEX(bet对应表!$E:$E,MATCH($T$2,bet对应表!$A:$A,0),0)} -> #N/A | U46: {=U20*INDEX(bet对应表!$E:$E,MATCH($U$2,bet对应表!$A:$A,0),0)} -> #N/A | V46: {=V20*INDEX(bet对应表!$E:$E,MATCH($V$2,bet对应表!$A:$A,0),0)} -> #N/A | W46: {=W20*INDEX(bet对应表!$E:$E,MATCH($W$2,bet对应表!$A:$A,0),0)} -> #N/A | X46: {=X20*INDEX(bet对应表!$E:$E,MATCH($X$2,bet对应表!$A:$A,0),0)} -> #N/A | Y46: {=Y20*INDEX(bet对应表!$E:$E,MATCH($Y$2,bet对应表!$A:$A,0),0)} -> #N/A | Z46: {=Z20*INDEX(bet对应表!$E:$E,MATCH($Z$2,bet对应表!$A:$A,0),0)} -> #N/A | AA46: {=AA20*INDEX(bet对应表!$E:$E,MATCH($AA$2,bet对应表!$A:$A,0),0)} -> #N/A | AB46: {=AB20*INDEX(bet对应表!$E:$E,MATCH($AB$2,bet对应表!$A:$A,0),0)} -> #N/A | AC46: {=AC20*INDEX(bet对应表!$E:$E,MATCH($AC$2,bet对应表!$A:$A,0),0)} -> #N/A | AD46: {=AD20*INDEX(bet对应表!$E:$E,MATCH($AD$2,bet对应表!$A:$A,0),0)} -> #N/A | AF46: 17 | AG46: {=AG20*INDEX(bet对应表!$E:$E,MATCH($AG$2,bet对应表!$A:$A,0),0)} -> #N/A | AH46: {=AH20*INDEX(bet对应表!$E:$E,MATCH($AH$2,bet对应表!$A:$A,0),0)} -> #N/A | AI46: {=AI20*INDEX(bet对应表!$E:$E,MATCH($AI$2,bet对应表!$A:$A,0),0)} -> #DIV/0! | AJ46: {=AJ20*INDEX(bet对应表!$E:$E,MATCH($AJ$2,bet对应表!$A:$A,0),0)} -> #DIV/0! | AK46: {=AK20*INDEX(bet对应表!$E:$E,MATCH($AK$2,bet对应表!$A:$A,0),0)} -> #DIV/0! | AL46: {=AL20*INDEX(bet对应表!$E:$E,MATCH($AL$2,bet对应表!$A:$A,0),0)} -> #N/A | AM46: {=AM20*INDEX(bet对应表!$E:$E,MATCH($AM$2,bet对应表!$A:$A,0),0)} -> #N/A | AN46: {=AN20*INDEX(bet对应表!$E:$E,MATCH($AN$2,bet对应表!$A:$A,0),0)} -> #N/A | AO46: {=AO20*INDEX(bet对应表!$E:$E,MATCH($AO$2,bet对应表!$A:$A,0),0)} -> #N/A | AP46: {=AP20*INDEX(bet对应表!$E:$E,MATCH($AP$2,bet对应表!$A:$A,0),0)} -> #N/A
K47: =ROUND((I19*$J$31)*25000000,0) -> 45000000 | L47: =ROUND(I19*(1-$J$31)*100,0) -> 0 | N47: 18 | O47: {=O21*INDEX(bet对应表!$E:$E,MATCH($O$2,bet对应表!$A:$A,0),0)} -> #N/A | P47: {=P21*INDEX(bet对应表!$E:$E,MATCH($P$2,bet对应表!$A:$A,0),0)} -> #N/A | Q47: {=Q21*INDEX(bet对应表!$E:$E,MATCH($Q$2,bet对应表!$A:$A,0),0)} -> #N/A | R47: {=R21*INDEX(bet对应表!$E:$E,MATCH($R$2,bet对应表!$A:$A,0),0)} -> #N/A | S47: {=S21*INDEX(bet对应表!$E:$E,MATCH($S$2,bet对应表!$A:$A,0),0)} -> #N/A | T47: {=T21*INDEX(bet对应表!$E:$E,MATCH($T$2,bet对应表!$A:$A,0),0)} -> #N/A | U47: {=U21*INDEX(bet对应表!$E:$E,MATCH($U$2,bet对应表!$A:$A,0),0)} -> #N/A | V47: {=V21*INDEX(bet对应表!$E:$E,MATCH($V$2,bet对应表!$A:$A,0),0)} -> #N/A | W47: {=W21*INDEX(bet对应表!$E:$E,MATCH($W$2,bet对应表!$A:$A,0),0)} -> #N/A | X47: {=X21*INDEX(bet对应表!$E:$E,MATCH($X$2,bet对应表!$A:$A,0),0)} -> #N/A | Y47: {=Y21*INDEX(bet对应表!$E:$E,MATCH($Y$2,bet对应表!$A:$A,0),0)} -> #N/A | Z47: {=Z21*INDEX(bet对应表!$E:$E,MATCH($Z$2,bet对应表!$A:$A,0),0)} -> #N/A | AA47: {=AA21*INDEX(bet对应表!$E:$E,MATCH($AA$2,bet对应表!$A:$A,0),0)} -> #N/A | AB47: {=AB21*INDEX(bet对应表!$E:$E,MATCH($AB$2,bet对应表!$A:$A,0),0)} -> #N/A | AC47: {=AC21*INDEX(bet对应表!$E:$E,MATCH($AC$2,bet对应表!$A:$A,0),0)} -> #N/A | AD47: {=AD21*INDEX(bet对应表!$E:$E,MATCH($AD$2,bet对应表!$A:$A,0),0)} -> #N/A | AF47: 18 | AG47: {=AG21*INDEX(bet对应表!$E:$E,MATCH($AG$2,bet对应表!$A:$A,0),0)} -> #N/A | AH47: {=AH21*INDEX(bet对应表!$E:$E,MATCH($AH$2,bet对应表!$A:$A,0),0)} -> #N/A | AI47: {=AI21*INDEX(bet对应表!$E:$E,MATCH($AI$2,bet对应表!$A:$A,0),0)} -> #DIV/0! | AJ47: {=AJ21*INDEX(bet对应表!$E:$E,MATCH($AJ$2,bet对应表!$A:$A,0),0)} -> #DIV/0! | AK47: {=AK21*INDEX(bet对应表!$E:$E,MATCH($AK$2,bet对应表!$A:$A,0),0)} -> #DIV/0! | AL47: {=AL21*INDEX(bet对应表!$E:$E,MATCH($AL$2,bet对应表!$A:$A,0),0)} -> #N/A | AM47: {=AM21*INDEX(bet对应表!$E:$E,MATCH($AM$2,bet对应表!$A:$A,0),0)} -> #N/A | AN47: {=AN21*INDEX(bet对应表!$E:$E,MATCH($AN$2,bet对应表!$A:$A,0),0)} -> #N/A | AO47: {=AO21*INDEX(bet对应表!$E:$E,MATCH($AO$2,bet对应表!$A:$A,0),0)} -> #N/A | AP47: {=AP21*INDEX(bet对应表!$E:$E,MATCH($AP$2,bet对应表!$A:$A,0),0)} -> #N/A
K48: =ROUND((E32*$J$30)*25000000,0) -> 437500000 | L48: =ROUND(E32*(1-$J$30)*100,0) -> 750 | N48: 19 | O48: {=O22*INDEX(bet对应表!$E:$E,MATCH($O$2,bet对应表!$A:$A,0),0)} -> #N/A | P48: {=P22*INDEX(bet对应表!$E:$E,MATCH($P$2,bet对应表!$A:$A,0),0)} -> #N/A | Q48: {=Q22*INDEX(bet对应表!$E:$E,MATCH($Q$2,bet对应表!$A:$A,0),0)} -> #N/A | R48: {=R22*INDEX(bet对应表!$E:$E,MATCH($R$2,bet对应表!$A:$A,0),0)} -> #N/A | S48: {=S22*INDEX(bet对应表!$E:$E,MATCH($S$2,bet对应表!$A:$A,0),0)} -> #N/A | T48: {=T22*INDEX(bet对应表!$E:$E,MATCH($T$2,bet对应表!$A:$A,0),0)} -> #N/A | U48: {=U22*INDEX(bet对应表!$E:$E,MATCH($U$2,bet对应表!$A:$A,0),0)} -> #N/A | V48: {=V22*INDEX(bet对应表!$E:$E,MATCH($V$2,bet对应表!$A:$A,0),0)} -> #N/A | W48: {=W22*INDEX(bet对应表!$E:$E,MATCH($W$2,bet对应表!$A:$A,0),0)} -> #N/A | X48: {=X22*INDEX(bet对应表!$E:$E,MATCH($X$2,bet对应表!$A:$A,0),0)} -> #N/A | Y48: {=Y22*INDEX(bet对应表!$E:$E,MATCH($Y$2,bet对应表!$A:$A,0),0)} -> #N/A | Z48: {=Z22*INDEX(bet对应表!$E:$E,MATCH($Z$2,bet对应表!$A:$A,0),0)} -> #N/A | AA48: {=AA22*INDEX(bet对应表!$E:$E,MATCH($AA$2,bet对应表!$A:$A,0),0)} -> #N/A | AB48: {=AB22*INDEX(bet对应表!$E:$E,MATCH($AB$2,bet对应表!$A:$A,0),0)} -> #N/A | AC48: {=AC22*INDEX(bet对应表!$E:$E,MATCH($AC$2,bet对应表!$A:$A,0),0)} -> #N/A | AD48: {=AD22*INDEX(bet对应表!$E:$E,MATCH($AD$2,bet对应表!$A:$A,0),0)} -> #N/A | AF48: 19 | AG48: {=AG22*INDEX(bet对应表!$E:$E,MATCH($AG$2,bet对应表!$A:$A,0),0)} -> #N/A | AH48: {=AH22*INDEX(bet对应表!$E:$E,MATCH($AH$2,bet对应表!$A:$A,0),0)} -> #N/A | AI48: {=AI22*INDEX(bet对应表!$E:$E,MATCH($AI$2,bet对应表!$A:$A,0),0)} -> #DIV/0! | AJ48: {=AJ22*INDEX(bet对应表!$E:$E,MATCH($AJ$2,bet对应表!$A:$A,0),0)} -> #DIV/0! | AK48: {=AK22*INDEX(bet对应表!$E:$E,MATCH($AK$2,bet对应表!$A:$A,0),0)} -> #DIV/0! | AL48: {=AL22*INDEX(bet对应表!$E:$E,MATCH($AL$2,bet对应表!$A:$A,0),0)} -> #N/A | AM48: {=AM22*INDEX(bet对应表!$E:$E,MATCH($AM$2,bet对应表!$A:$A,0),0)} -> #N/A | AN48: {=AN22*INDEX(bet对应表!$E:$E,MATCH($AN$2,bet对应表!$A:$A,0),0)} -> #N/A | AO48: {=AO22*INDEX(bet对应表!$E:$E,MATCH($AO$2,bet对应表!$A:$A,0),0)} -> #N/A | AP48: {=AP22*INDEX(bet对应表!$E:$E,MATCH($AP$2,bet对应表!$A:$A,0),0)} -> #N/A
K49: =ROUND((I20*$J$31)*25000000,0) -> 12500000 | L49: =ROUND(I20*(1-$J$31)*100,0) -> 0 | N49: 20 | O49: {=O23*INDEX(bet对应表!$E:$E,MATCH($O$2,bet对应表!$A:$A,0),0)} -> #N/A | P49: {=P23*INDEX(bet对应表!$E:$E,MATCH($P$2,bet对应表!$A:$A,0),0)} -> #N/A | Q49: {=Q23*INDEX(bet对应表!$E:$E,MATCH($Q$2,bet对应表!$A:$A,0),0)} -> #N/A | R49: {=R23*INDEX(bet对应表!$E:$E,MATCH($R$2,bet对应表!$A:$A,0),0)} -> #N/A | S49: {=S23*INDEX(bet对应表!$E:$E,MATCH($S$2,bet对应表!$A:$A,0),0)} -> #N/A | T49: {=T23*INDEX(bet对应表!$E:$E,MATCH($T$2,bet对应表!$A:$A,0),0)} -> #N/A | U49: {=U23*INDEX(bet对应表!$E:$E,MATCH($U$2,bet对应表!$A:$A,0),0)} -> #N/A | V49: {=V23*INDEX(bet对应表!$E:$E,MATCH($V$2,bet对应表!$A:$A,0),0)} -> #N/A | W49: {=W23*INDEX(bet对应表!$E:$E,MATCH($W$2,bet对应表!$A:$A,0),0)} -> #N/A | X49: {=X23*INDEX(bet对应表!$E:$E,MATCH($X$2,bet对应表!$A:$A,0),0)} -> #N/A | Y49: {=Y23*INDEX(bet对应表!$E:$E,MATCH($Y$2,bet对应表!$A:$A,0),0)} -> #N/A | Z49: {=Z23*INDEX(bet对应表!$E:$E,MATCH($Z$2,bet对应表!$A:$A,0),0)} -> #N/A | AA49: {=AA23*INDEX(bet对应表!$E:$E,MATCH($AA$2,bet对应表!$A:$A,0),0)} -> #N/A | AB49: {=AB23*INDEX(bet对应表!$E:$E,MATCH($AB$2,bet对应表!$A:$A,0),0)} -> #N/A | AC49: {=AC23*INDEX(bet对应表!$E:$E,MATCH($AC$2,bet对应表!$A:$A,0),0)} -> #N/A | AD49: {=AD23*INDEX(bet对应表!$E:$E,MATCH($AD$2,bet对应表!$A:$A,0),0)} -> #N/A | AF49: 20 | AG49: {=AG23*INDEX(bet对应表!$E:$E,MATCH($AG$2,bet对应表!$A:$A,0),0)} -> #N/A | AH49: {=AH23*INDEX(bet对应表!$E:$E,MATCH($AH$2,bet对应表!$A:$A,0),0)} -> #N/A | AI49: {=AI23*INDEX(bet对应表!$E:$E,MATCH($AI$2,bet对应表!$A:$A,0),0)} -> #DIV/0! | AJ49: {=AJ23*INDEX(bet对应表!$E:$E,MATCH($AJ$2,bet对应表!$A:$A,0),0)} -> #DIV/0! | AK49: {=AK23*INDEX(bet对应表!$E:$E,MATCH($AK$2,bet对应表!$A:$A,0),0)} -> #DIV/0! | AL49: {=AL23*INDEX(bet对应表!$E:$E,MATCH($AL$2,bet对应表!$A:$A,0),0)} -> #N/A | AM49: {=AM23*INDEX(bet对应表!$E:$E,MATCH($AM$2,bet对应表!$A:$A,0),0)} -> #N/A | AN49: {=AN23*INDEX(bet对应表!$E:$E,MATCH($AN$2,bet对应表!$A:$A,0),0)} -> #N/A | AO49: {=AO23*INDEX(bet对应表!$E:$E,MATCH($AO$2,bet对应表!$A:$A,0),0)} -> #N/A | AP49: {=AP23*INDEX(bet对应表!$E:$E,MATCH($AP$2,bet对应表!$A:$A,0),0)} -> #N/A
K50: =ROUND((I21*$J$31)*25000000,0) -> 18750000 | L50: =ROUND(I21*(1-$J$31)*100,0) -> 0 | N50: 21 | O50: {=O24*INDEX(bet对应表!$E:$E,MATCH($O$2,bet对应表!$A:$A,0),0)} -> #N/A | P50: {=P24*INDEX(bet对应表!$E:$E,MATCH($P$2,bet对应表!$A:$A,0),0)} -> #N/A | Q50: {=Q24*INDEX(bet对应表!$E:$E,MATCH($Q$2,bet对应表!$A:$A,0),0)} -> #N/A | R50: {=R24*INDEX(bet对应表!$E:$E,MATCH($R$2,bet对应表!$A:$A,0),0)} -> #N/A | S50: {=S24*INDEX(bet对应表!$E:$E,MATCH($S$2,bet对应表!$A:$A,0),0)} -> #N/A | T50: {=T24*INDEX(bet对应表!$E:$E,MATCH($T$2,bet对应表!$A:$A,0),0)} -> #N/A | U50: {=U24*INDEX(bet对应表!$E:$E,MATCH($U$2,bet对应表!$A:$A,0),0)} -> #N/A | V50: {=V24*INDEX(bet对应表!$E:$E,MATCH($V$2,bet对应表!$A:$A,0),0)} -> #N/A | W50: {=W24*INDEX(bet对应表!$E:$E,MATCH($W$2,bet对应表!$A:$A,0),0)} -> #N/A | X50: {=X24*INDEX(bet对应表!$E:$E,MATCH($X$2,bet对应表!$A:$A,0),0)} -> #N/A | Y50: {=Y24*INDEX(bet对应表!$E:$E,MATCH($Y$2,bet对应表!$A:$A,0),0)} -> #N/A | Z50: {=Z24*INDEX(bet对应表!$E:$E,MATCH($Z$2,bet对应表!$A:$A,0),0)} -> #N/A | AA50: {=AA24*INDEX(bet对应表!$E:$E,MATCH($AA$2,bet对应表!$A:$A,0),0)} -> #N/A | AB50: {=AB24*INDEX(bet对应表!$E:$E,MATCH($AB$2,bet对应表!$A:$A,0),0)} -> #N/A | AC50: {=AC24*INDEX(bet对应表!$E:$E,MATCH($AC$2,bet对应表!$A:$A,0),0)} -> #N/A | AD50: {=AD24*INDEX(bet对应表!$E:$E,MATCH($AD$2,bet对应表!$A:$A,0),0)} -> #N/A | AF50: 21 | AG50: {=AG24*INDEX(bet对应表!$E:$E,MATCH($AG$2,bet对应表!$A:$A,0),0)} -> #N/A | AH50: {=AH24*INDEX(bet对应表!$E:$E,MATCH($AH$2,bet对应表!$A:$A,0),0)} -> #N/A | AI50: {=AI24*INDEX(bet对应表!$E:$E,MATCH($AI$2,bet对应表!$A:$A,0),0)} -> #DIV/0! | AJ50: {=AJ24*INDEX(bet对应表!$E:$E,MATCH($AJ$2,bet对应表!$A:$A,0),0)} -> #DIV/0! | AK50: {=AK24*INDEX(bet对应表!$E:$E,MATCH($AK$2,bet对应表!$A:$A,0),0)} -> #DIV/0! | AL50: {=AL24*INDEX(bet对应表!$E:$E,MATCH($AL$2,bet对应表!$A:$A,0),0)} -> #N/A | AM50: {=AM24*INDEX(bet对应表!$E:$E,MATCH($AM$2,bet对应表!$A:$A,0),0)} -> #N/A | AN50: {=AN24*INDEX(bet对应表!$E:$E,MATCH($AN$2,bet对应表!$A:$A,0),0)} -> #N/A | AO50: {=AO24*INDEX(bet对应表!$E:$E,MATCH($AO$2,bet对应表!$A:$A,0),0)} -> #N/A | AP50: {=AP24*INDEX(bet对应表!$E:$E,MATCH($AP$2,bet对应表!$A:$A,0),0)} -> #N/A
K51: =ROUND((I22*$J$31)*25000000,0) -> 25000000 | L51: =ROUND(I22*(1-$J$31)*100,0) -> 0 | N51: 22 | O51: {=O25*INDEX(bet对应表!$E:$E,MATCH($O$2,bet对应表!$A:$A,0),0)} -> #N/A | P51: {=P25*INDEX(bet对应表!$E:$E,MATCH($P$2,bet对应表!$A:$A,0),0)} -> #N/A | Q51: {=Q25*INDEX(bet对应表!$E:$E,MATCH($Q$2,bet对应表!$A:$A,0),0)} -> #N/A | R51: {=R25*INDEX(bet对应表!$E:$E,MATCH($R$2,bet对应表!$A:$A,0),0)} -> #N/A | S51: {=S25*INDEX(bet对应表!$E:$E,MATCH($S$2,bet对应表!$A:$A,0),0)} -> #N/A | T51: {=T25*INDEX(bet对应表!$E:$E,MATCH($T$2,bet对应表!$A:$A,0),0)} -> #N/A | U51: {=U25*INDEX(bet对应表!$E:$E,MATCH($U$2,bet对应表!$A:$A,0),0)} -> #N/A | V51: {=V25*INDEX(bet对应表!$E:$E,MATCH($V$2,bet对应表!$A:$A,0),0)} -> #N/A | W51: {=W25*INDEX(bet对应表!$E:$E,MATCH($W$2,bet对应表!$A:$A,0),0)} -> #N/A | X51: {=X25*INDEX(bet对应表!$E:$E,MATCH($X$2,bet对应表!$A:$A,0),0)} -> #N/A | Y51: {=Y25*INDEX(bet对应表!$E:$E,MATCH($Y$2,bet对应表!$A:$A,0),0)} -> #N/A | Z51: {=Z25*INDEX(bet对应表!$E:$E,MATCH($Z$2,bet对应表!$A:$A,0),0)} -> #N/A | AA51: {=AA25*INDEX(bet对应表!$E:$E,MATCH($AA$2,bet对应表!$A:$A,0),0)} -> #N/A | AB51: {=AB25*INDEX(bet对应表!$E:$E,MATCH($AB$2,bet对应表!$A:$A,0),0)} -> #N/A | AC51: {=AC25*INDEX(bet对应表!$E:$E,MATCH($AC$2,bet对应表!$A:$A,0),0)} -> #N/A | AD51: {=AD25*INDEX(bet对应表!$E:$E,MATCH($AD$2,bet对应表!$A:$A,0),0)} -> #N/A | AF51: 22 | AG51: {=AG25*INDEX(bet对应表!$E:$E,MATCH($AG$2,bet对应表!$A:$A,0),0)} -> #N/A | AH51: {=AH25*INDEX(bet对应表!$E:$E,MATCH($AH$2,bet对应表!$A:$A,0),0)} -> #N/A | AI51: {=AI25*INDEX(bet对应表!$E:$E,MATCH($AI$2,bet对应表!$A:$A,0),0)} -> #DIV/0! | AJ51: {=AJ25*INDEX(bet对应表!$E:$E,MATCH($AJ$2,bet对应表!$A:$A,0),0)} -> #DIV/0! | AK51: {=AK25*INDEX(bet对应表!$E:$E,MATCH($AK$2,bet对应表!$A:$A,0),0)} -> #DIV/0! | AL51: {=AL25*INDEX(bet对应表!$E:$E,MATCH($AL$2,bet对应表!$A:$A,0),0)} -> #N/A | AM51: {=AM25*INDEX(bet对应表!$E:$E,MATCH($AM$2,bet对应表!$A:$A,0),0)} -> #N/A | AN51: {=AN25*INDEX(bet对应表!$E:$E,MATCH($AN$2,bet对应表!$A:$A,0),0)} -> #N/A | AO51: {=AO25*INDEX(bet对应表!$E:$E,MATCH($AO$2,bet对应表!$A:$A,0),0)} -> #N/A | AP51: {=AP25*INDEX(bet对应表!$E:$E,MATCH($AP$2,bet对应表!$A:$A,0),0)} -> #N/A
K52: =ROUND((I23*$J$31)*25000000,0) -> 37500000 | L52: =ROUND(I23*(1-$J$31)*100,0) -> 0 | N52: 23 | O52: {=O26*INDEX(bet对应表!$E:$E,MATCH($O$2,bet对应表!$A:$A,0),0)} -> #N/A | P52: {=P26*INDEX(bet对应表!$E:$E,MATCH($P$2,bet对应表!$A:$A,0),0)} -> #N/A | Q52: {=Q26*INDEX(bet对应表!$E:$E,MATCH($Q$2,bet对应表!$A:$A,0),0)} -> #N/A | R52: {=R26*INDEX(bet对应表!$E:$E,MATCH($R$2,bet对应表!$A:$A,0),0)} -> #N/A | S52: {=S26*INDEX(bet对应表!$E:$E,MATCH($S$2,bet对应表!$A:$A,0),0)} -> #N/A | T52: {=T26*INDEX(bet对应表!$E:$E,MATCH($T$2,bet对应表!$A:$A,0),0)} -> #N/A | U52: {=U26*INDEX(bet对应表!$E:$E,MATCH($U$2,bet对应表!$A:$A,0),0)} -> #N/A | V52: {=V26*INDEX(bet对应表!$E:$E,MATCH($V$2,bet对应表!$A:$A,0),0)} -> #N/A | W52: {=W26*INDEX(bet对应表!$E:$E,MATCH($W$2,bet对应表!$A:$A,0),0)} -> #N/A | X52: {=X26*INDEX(bet对应表!$E:$E,MATCH($X$2,bet对应表!$A:$A,0),0)} -> #N/A | Y52: {=Y26*INDEX(bet对应表!$E:$E,MATCH($Y$2,bet对应表!$A:$A,0),0)} -> #N/A | Z52: {=Z26*INDEX(bet对应表!$E:$E,MATCH($Z$2,bet对应表!$A:$A,0),0)} -> #N/A | AA52: {=AA26*INDEX(bet对应表!$E:$E,MATCH($AA$2,bet对应表!$A:$A,0),0)} -> #N/A | AB52: {=AB26*INDEX(bet对应表!$E:$E,MATCH($AB$2,bet对应表!$A:$A,0),0)} -> #N/A | AC52: {=AC26*INDEX(bet对应表!$E:$E,MATCH($AC$2,bet对应表!$A:$A,0),0)} -> #N/A | AD52: {=AD26*INDEX(bet对应表!$E:$E,MATCH($AD$2,bet对应表!$A:$A,0),0)} -> #N/A | AF52: 23 | AG52: {=AG26*INDEX(bet对应表!$E:$E,MATCH($AG$2,bet对应表!$A:$A,0),0)} -> #N/A | AH52: {=AH26*INDEX(bet对应表!$E:$E,MATCH($AH$2,bet对应表!$A:$A,0),0)} -> #N/A | AI52: {=AI26*INDEX(bet对应表!$E:$E,MATCH($AI$2,bet对应表!$A:$A,0),0)} -> #DIV/0! | AJ52: {=AJ26*INDEX(bet对应表!$E:$E,MATCH($AJ$2,bet对应表!$A:$A,0),0)} -> #DIV/0! | AK52: {=AK26*INDEX(bet对应表!$E:$E,MATCH($AK$2,bet对应表!$A:$A,0),0)} -> #DIV/0! | AL52: {=AL26*INDEX(bet对应表!$E:$E,MATCH($AL$2,bet对应表!$A:$A,0),0)} -> #N/A | AM52: {=AM26*INDEX(bet对应表!$E:$E,MATCH($AM$2,bet对应表!$A:$A,0),0)} -> #N/A | AN52: {=AN26*INDEX(bet对应表!$E:$E,MATCH($AN$2,bet对应表!$A:$A,0),0)} -> #N/A | AO52: {=AO26*INDEX(bet对应表!$E:$E,MATCH($AO$2,bet对应表!$A:$A,0),0)} -> #N/A | AP52: {=AP26*INDEX(bet对应表!$E:$E,MATCH($AP$2,bet对应表!$A:$A,0),0)} -> #N/A
K53: =ROUND((I24*$J$31)*25000000,0) -> 50000000 | L53: =ROUND(I24*(1-$J$31)*100,0) -> 0 | N53: 24 | O53: {=O27*INDEX(bet对应表!$E:$E,MATCH($O$2,bet对应表!$A:$A,0),0)} -> #N/A | P53: {=P27*INDEX(bet对应表!$E:$E,MATCH($P$2,bet对应表!$A:$A,0),0)} -> #N/A | Q53: {=Q27*INDEX(bet对应表!$E:$E,MATCH($Q$2,bet对应表!$A:$A,0),0)} -> #N/A | R53: {=R27*INDEX(bet对应表!$E:$E,MATCH($R$2,bet对应表!$A:$A,0),0)} -> #N/A | S53: {=S27*INDEX(bet对应表!$E:$E,MATCH($S$2,bet对应表!$A:$A,0),0)} -> #N/A | T53: {=T27*INDEX(bet对应表!$E:$E,MATCH($T$2,bet对应表!$A:$A,0),0)} -> #N/A | U53: {=U27*INDEX(bet对应表!$E:$E,MATCH($U$2,bet对应表!$A:$A,0),0)} -> #N/A | V53: {=V27*INDEX(bet对应表!$E:$E,MATCH($V$2,bet对应表!$A:$A,0),0)} -> #N/A | W53: {=W27*INDEX(bet对应表!$E:$E,MATCH($W$2,bet对应表!$A:$A,0),0)} -> #N/A | X53: {=X27*INDEX(bet对应表!$E:$E,MATCH($X$2,bet对应表!$A:$A,0),0)} -> #N/A | Y53: {=Y27*INDEX(bet对应表!$E:$E,MATCH($Y$2,bet对应表!$A:$A,0),0)} -> #N/A | Z53: {=Z27*INDEX(bet对应表!$E:$E,MATCH($Z$2,bet对应表!$A:$A,0),0)} -> #N/A | AA53: {=AA27*INDEX(bet对应表!$E:$E,MATCH($AA$2,bet对应表!$A:$A,0),0)} -> #N/A | AB53: {=AB27*INDEX(bet对应表!$E:$E,MATCH($AB$2,bet对应表!$A:$A,0),0)} -> #N/A | AC53: {=AC27*INDEX(bet对应表!$E:$E,MATCH($AC$2,bet对应表!$A:$A,0),0)} -> #N/A | AD53: {=AD27*INDEX(bet对应表!$E:$E,MATCH($AD$2,bet对应表!$A:$A,0),0)} -> #N/A | AF53: 24 | AG53: {=AG27*INDEX(bet对应表!$E:$E,MATCH($AG$2,bet对应表!$A:$A,0),0)} -> #N/A | AH53: {=AH27*INDEX(bet对应表!$E:$E,MATCH($AH$2,bet对应表!$A:$A,0),0)} -> #N/A | AI53: {=AI27*INDEX(bet对应表!$E:$E,MATCH($AI$2,bet对应表!$A:$A,0),0)} -> #DIV/0! | AJ53: {=AJ27*INDEX(bet对应表!$E:$E,MATCH($AJ$2,bet对应表!$A:$A,0),0)} -> #DIV/0! | AK53: {=AK27*INDEX(bet对应表!$E:$E,MATCH($AK$2,bet对应表!$A:$A,0),0)} -> #DIV/0! | AL53: {=AL27*INDEX(bet对应表!$E:$E,MATCH($AL$2,bet对应表!$A:$A,0),0)} -> #N/A | AM53: {=AM27*INDEX(bet对应表!$E:$E,MATCH($AM$2,bet对应表!$A:$A,0),0)} -> #N/A | AN53: {=AN27*INDEX(bet对应表!$E:$E,MATCH($AN$2,bet对应表!$A:$A,0),0)} -> #N/A | AO53: {=AO27*INDEX(bet对应表!$E:$E,MATCH($AO$2,bet对应表!$A:$A,0),0)} -> #N/A | AP53: {=AP27*INDEX(bet对应表!$E:$E,MATCH($AP$2,bet对应表!$A:$A,0),0)} -> #N/A
K54: =ROUND((I25*$J$31)*25000000,0) -> 75000000 | L54: =ROUND(I25*(1-$J$31)*100,0) -> 0
K55: =ROUND((I26*$J$31)*25000000,0) -> 112500000 | L55: =ROUND(I26*(1-$J$31)*100,0) -> 0 | O55: 消耗返还 | AG55: 消耗返还
K56: =ROUND((I27*$J$31)*25000000,0) -> 150000000 | L56: =ROUND(I27*(1-$J$31)*100,0) -> 0 | N56: 1 | O56: =$J$4/O30 -> #N/A | P56: =J4/P30 -> #N/A | Q56: =J4/Q30 -> #N/A | R56: =J4/R30 -> #N/A | S56: =J4/S30 -> #N/A | T56: =J4/T30 -> #N/A | U56: =J4/U30 -> #N/A | V56: =J4/V30 -> #N/A | W56: =J4/W30 -> #N/A | X56: =J4/X30 -> #N/A | Y56: =J4/Y30 -> #N/A | Z56: =J4/Z30 -> #N/A | AA56: =J4/AA30 -> #N/A | AB56: =J4/AB30 -> #N/A | AC56: =J4/AC30 -> #N/A | AD56: =J4/AD30 -> #N/A | AF56: 1 | AG56: =J4/AG30 -> #N/A | AH56: =J4/AH30 -> #N/A | AI56: =J4/AI30 -> #DIV/0! | AJ56: =J4/AJ30 -> #DIV/0! | AK56: =J4/AK30 -> #DIV/0! | AL56: =J4/AL30 -> #N/A | AM56: =J4/AM30 -> #N/A | AN56: =J4/AN30 -> #N/A | AO56: =J4/AO30 -> #N/A | AP56: =J4/AP30 -> #N/A
N57: 2 | O57: =J5/O31 -> #N/A | P57: =J5/P31 -> #N/A | Q57: =J5/Q31 -> #N/A | R57: =J5/R31 -> #N/A | S57: =J5/S31 -> #N/A | T57: =J5/T31 -> #N/A | U57: =J5/U31 -> #N/A | V57: =J5/V31 -> #N/A | W57: =J5/W31 -> #N/A | X57: =J5/X31 -> #N/A | Y57: =J5/Y31 -> #N/A | Z57: =J5/Z31 -> #N/A | AA57: =J5/AA31 -> #N/A | AB57: =J5/AB31 -> #N/A | AC57: =J5/AC31 -> #N/A | AD57: =J5/AD31 -> #N/A | AF57: 2 | AG57: =J5/AG31 -> #N/A | AH57: =J5/AH31 -> #N/A | AI57: =J5/AI31 -> #DIV/0! | AJ57: =J5/AJ31 -> #DIV/0! | AK57: =J5/AK31 -> #DIV/0! | AL57: =J5/AL31 -> #N/A | AM57: =J5/AM31 -> #N/A | AN57: =J5/AN31 -> #N/A | AO57: =J5/AO31 -> #N/A | AP57: =J5/AP31 -> #N/A
N58: 3 | O58: =J6/O32 -> #N/A | P58: =J6/P32 -> #N/A | Q58: =J6/Q32 -> #N/A | R58: =J6/R32 -> #N/A | S58: =J6/S32 -> #N/A | T58: =J6/T32 -> #N/A | U58: =J6/U32 -> #N/A | V58: =J6/V32 -> #N/A | W58: =J6/W32 -> #N/A | X58: =J6/X32 -> #N/A | Y58: =J6/Y32 -> #N/A | Z58: =J6/Z32 -> #N/A | AA58: =J6/AA32 -> #N/A | AB58: =J6/AB32 -> #N/A | AC58: =J6/AC32 -> #N/A | AD58: =J6/AD32 -> #N/A | AF58: 3 | AG58: =J6/AG32 -> #N/A | AH58: =J6/AH32 -> #N/A | AI58: =J6/AI32 -> #DIV/0! | AJ58: =J6/AJ32 -> #DIV/0! | AK58: =J6/AK32 -> #DIV/0! | AL58: =J6/AL32 -> #N/A | AM58: =J6/AM32 -> #N/A | AN58: =J6/AN32 -> #N/A | AO58: =J6/AO32 -> #N/A | AP58: =J6/AP32 -> #N/A
N59: 4 | O59: =J7/O33 -> #N/A | P59: =J7/P33 -> #N/A | Q59: =J7/Q33 -> #N/A | R59: =J7/R33 -> #N/A | S59: =J7/S33 -> #N/A | T59: =J7/T33 -> #N/A | U59: =J7/U33 -> #N/A | V59: =J7/V33 -> #N/A | W59: =J7/W33 -> #N/A | X59: =J7/X33 -> #N/A | Y59: =J7/Y33 -> #N/A | Z59: =J7/Z33 -> #N/A | AA59: =J7/AA33 -> #N/A | AB59: =J7/AB33 -> #N/A | AC59: =J7/AC33 -> #N/A | AD59: =J7/AD33 -> #N/A | AF59: 4 | AG59: =J7/AG33 -> #N/A | AH59: =J7/AH33 -> #N/A | AI59: =J7/AI33 -> #DIV/0! | AJ59: =J7/AJ33 -> #DIV/0! | AK59: =J7/AK33 -> #DIV/0! | AL59: =J7/AL33 -> #N/A | AM59: =J7/AM33 -> #N/A | AN59: =J7/AN33 -> #N/A | AO59: =J7/AO33 -> #N/A | AP59: =J7/AP33 -> #N/A
N60: 5 | O60: =J8/O34 -> #N/A | P60: =J8/P34 -> #N/A | Q60: =J8/Q34 -> #N/A | R60: =J8/R34 -> #N/A | S60: =J8/S34 -> #N/A | T60: =J8/T34 -> #N/A | U60: =J8/U34 -> #N/A | V60: =J8/V34 -> #N/A | W60: =J8/W34 -> #N/A | X60: =J8/X34 -> #N/A | Y60: =J8/Y34 -> #N/A | Z60: =J8/Z34 -> #N/A | AA60: =J8/AA34 -> #N/A | AB60: =J8/AB34 -> #N/A | AC60: =J8/AC34 -> #N/A | AD60: =J8/AD34 -> #N/A | AF60: 5 | AG60: =J8/AG34 -> #N/A | AH60: =J8/AH34 -> #N/A | AI60: =J8/AI34 -> #DIV/0! | AJ60: =J8/AJ34 -> #DIV/0! | AK60: =J8/AK34 -> #DIV/0! | AL60: =J8/AL34 -> #N/A | AM60: =J8/AM34 -> #N/A | AN60: =J8/AN34 -> #N/A | AO60: =J8/AO34 -> #N/A | AP60: =J8/AP34 -> #N/A
N61: 6 | O61: =J9/O35 -> #N/A | P61: =J9/P35 -> #N/A | Q61: =J9/Q35 -> #N/A | R61: =J9/R35 -> #N/A | S61: =J9/S35 -> #N/A | T61: =J9/T35 -> #N/A | U61: =J9/U35 -> #N/A | V61: =J9/V35 -> #N/A | W61: =J9/W35 -> #N/A | X61: =J9/X35 -> #N/A | Y61: =J9/Y35 -> #N/A | Z61: =J9/Z35 -> #N/A | AA61: =J9/AA35 -> #N/A | AB61: =J9/AB35 -> #N/A | AC61: =J9/AC35 -> #N/A | AD61: =J9/AD35 -> #N/A | AF61: 6 | AG61: =J9/AG35 -> #N/A | AH61: =J9/AH35 -> #N/A | AI61: =J9/AI35 -> #DIV/0! | AJ61: =J9/AJ35 -> #DIV/0! | AK61: =J9/AK35 -> #DIV/0! | AL61: =J9/AL35 -> #N/A | AM61: =J9/AM35 -> #N/A | AN61: =J9/AN35 -> #N/A | AO61: =J9/AO35 -> #N/A | AP61: =J9/AP35 -> #N/A
N62: 7 | O62: =J10/O36 -> #N/A | P62: =J10/P36 -> #N/A | Q62: =J10/Q36 -> #N/A | R62: =J10/R36 -> #N/A | S62: =J10/S36 -> #N/A | T62: =J10/T36 -> #N/A | U62: =J10/U36 -> #N/A | V62: =J10/V36 -> #N/A | W62: =J10/W36 -> #N/A | X62: =J10/X36 -> #N/A | Y62: =J10/Y36 -> #N/A | Z62: =J10/Z36 -> #N/A | AA62: =J10/AA36 -> #N/A | AB62: =J10/AB36 -> #N/A | AC62: =J10/AC36 -> #N/A | AD62: =J10/AD36 -> #N/A | AF62: 7 | AG62: =J10/AG36 -> #N/A | AH62: =J10/AH36 -> #N/A | AI62: =J10/AI36 -> #DIV/0! | AJ62: =J10/AJ36 -> #DIV/0! | AK62: =J10/AK36 -> #DIV/0! | AL62: =J10/AL36 -> #N/A | AM62: =J10/AM36 -> #N/A | AN62: =J10/AN36 -> #N/A | AO62: =J10/AO36 -> #N/A | AP62: =J10/AP36 -> #N/A
N63: 8 | O63: =J11/O37 -> #N/A | P63: =J11/P37 -> #N/A | Q63: =J11/Q37 -> #N/A | R63: =J11/R37 -> #N/A | S63: =J11/S37 -> #N/A | T63: =J11/T37 -> #N/A | U63: =J11/U37 -> #N/A | V63: =J11/V37 -> #N/A | W63: =J11/W37 -> #N/A | X63: =J11/X37 -> #N/A | Y63: =J11/Y37 -> #N/A | Z63: =J11/Z37 -> #N/A | AA63: =J11/AA37 -> #N/A | AB63: =J11/AB37 -> #N/A | AC63: =J11/AC37 -> #N/A | AD63: =J11/AD37 -> #N/A | AF63: 8 | AG63: =J11/AG37 -> #N/A | AH63: =J11/AH37 -> #N/A | AI63: =J11/AI37 -> #DIV/0! | AJ63: =J11/AJ37 -> #DIV/0! | AK63: =J11/AK37 -> #DIV/0! | AL63: =J11/AL37 -> #N/A | AM63: =J11/AM37 -> #N/A | AN63: =J11/AN37 -> #N/A | AO63: =J11/AO37 -> #N/A | AP63: =J11/AP37 -> #N/A
N64: 9 | O64: =J12/O38 -> #N/A | P64: =J12/P38 -> #N/A | Q64: =J12/Q38 -> #N/A | R64: =J12/R38 -> #N/A | S64: =J12/S38 -> #N/A | T64: =J12/T38 -> #N/A | U64: =J12/U38 -> #N/A | V64: =J12/V38 -> #N/A | W64: =J12/W38 -> #N/A | X64: =J12/X38 -> #N/A | Y64: =J12/Y38 -> #N/A | Z64: =J12/Z38 -> #N/A | AA64: =J12/AA38 -> #N/A | AB64: =J12/AB38 -> #N/A | AC64: =J12/AC38 -> #N/A | AD64: =J12/AD38 -> #N/A | AF64: 9 | AG64: =J12/AG38 -> #N/A | AH64: =J12/AH38 -> #N/A | AI64: =J12/AI38 -> #DIV/0! | AJ64: =J12/AJ38 -> #DIV/0! | AK64: =J12/AK38 -> #DIV/0! | AL64: =J12/AL38 -> #N/A | AM64: =J12/AM38 -> #N/A | AN64: =J12/AN38 -> #N/A | AO64: =J12/AO38 -> #N/A | AP64: =J12/AP38 -> #N/A
N65: 10 | O65: =J13/O39 -> #N/A | P65: =J13/P39 -> #N/A | Q65: =J13/Q39 -> #N/A | R65: =J13/R39 -> #N/A | S65: =J13/S39 -> #N/A | T65: =J13/T39 -> #N/A | U65: =J13/U39 -> #N/A | V65: =J13/V39 -> #N/A | W65: =J13/W39 -> #N/A | X65: =J13/X39 -> #N/A | Y65: =J13/Y39 -> #N/A | Z65: =J13/Z39 -> #N/A | AA65: =J13/AA39 -> #N/A | AB65: =J13/AB39 -> #N/A | AC65: =J13/AC39 -> #N/A | AD65: =J13/AD39 -> #N/A | AF65: 10 | AG65: =J13/AG39 -> #N/A | AH65: =J13/AH39 -> #N/A | AI65: =J13/AI39 -> #DIV/0! | AJ65: =J13/AJ39 -> #DIV/0! | AK65: =J13/AK39 -> #DIV/0! | AL65: =J13/AL39 -> #N/A | AM65: =J13/AM39 -> #N/A | AN65: =J13/AN39 -> #N/A | AO65: =J13/AO39 -> #N/A | AP65: =J13/AP39 -> #N/A
N66: 11 | O66: =J14/O40 -> #N/A | P66: =J14/P40 -> #N/A | Q66: =J14/Q40 -> #N/A | R66: =J14/R40 -> #N/A | S66: =J14/S40 -> #N/A | T66: =J14/T40 -> #N/A | U66: =J14/U40 -> #N/A | V66: =J14/V40 -> #N/A | W66: =J14/W40 -> #N/A | X66: =J14/X40 -> #N/A | Y66: =J14/Y40 -> #N/A | Z66: =J14/Z40 -> #N/A | AA66: =J14/AA40 -> #N/A | AB66: =J14/AB40 -> #N/A | AC66: =J14/AC40 -> #N/A | AD66: =J14/AD40 -> #N/A | AF66: 11 | AG66: =J14/AG40 -> #N/A | AH66: =J14/AH40 -> #N/A | AI66: =J14/AI40 -> #DIV/0! | AJ66: =J14/AJ40 -> #DIV/0! | AK66: =J14/AK40 -> #DIV/0! | AL66: =J14/AL40 -> #N/A | AM66: =J14/AM40 -> #N/A | AN66: =J14/AN40 -> #N/A | AO66: =J14/AO40 -> #N/A | AP66: =J14/AP40 -> #N/A
N67: 12 | O67: =J15/O41 -> #N/A | P67: =J15/P41 -> #N/A | Q67: =J15/Q41 -> #N/A | R67: =J15/R41 -> #N/A | S67: =J15/S41 -> #N/A | T67: =J15/T41 -> #N/A | U67: =J15/U41 -> #N/A | V67: =J15/V41 -> #N/A | W67: =J15/W41 -> #N/A | X67: =J15/X41 -> #N/A | Y67: =J15/Y41 -> #N/A | Z67: =J15/Z41 -> #N/A | AA67: =J15/AA41 -> #N/A | AB67: =J15/AB41 -> #N/A | AC67: =J15/AC41 -> #N/A | AD67: =J15/AD41 -> #N/A | AF67: 12 | AG67: =J15/AG41 -> #N/A | AH67: =J15/AH41 -> #N/A | AI67: =J15/AI41 -> #DIV/0! | AJ67: =J15/AJ41 -> #DIV/0! | AK67: =J15/AK41 -> #DIV/0! | AL67: =J15/AL41 -> #N/A | AM67: =J15/AM41 -> #N/A | AN67: =J15/AN41 -> #N/A | AO67: =J15/AO41 -> #N/A | AP67: =J15/AP41 -> #N/A
N68: 13 | O68: =J16/O42 -> #N/A | P68: =J16/P42 -> #N/A | Q68: =J16/Q42 -> #N/A | R68: =J16/R42 -> #N/A | S68: =J16/S42 -> #N/A | T68: =J16/T42 -> #N/A | U68: =J16/U42 -> #N/A | V68: =J16/V42 -> #N/A | W68: =J16/W42 -> #N/A | X68: =J16/X42 -> #N/A | Y68: =J16/Y42 -> #N/A | Z68: =J16/Z42 -> #N/A | AA68: =J16/AA42 -> #N/A | AB68: =J16/AB42 -> #N/A | AC68: =J16/AC42 -> #N/A | AD68: =J16/AD42 -> #N/A | AF68: 13 | AG68: =J16/AG42 -> #N/A | AH68: =J16/AH42 -> #N/A | AI68: =J16/AI42 -> #DIV/0! | AJ68: =J16/AJ42 -> #DIV/0! | AK68: =J16/AK42 -> #DIV/0! | AL68: =J16/AL42 -> #N/A | AM68: =J16/AM42 -> #N/A | AN68: =J16/AN42 -> #N/A | AO68: =J16/AO42 -> #N/A | AP68: =J16/AP42 -> #N/A
... N79: 24 | O79: =J27/O53 -> #N/A | P79: =J27/P53 -> #N/A | Q79: =J27/Q53 -> #N/A | R79: =J27/R53 -> #N/A | S79: =J27/S53 -> #N/A | T79: =J27/T53 -> #N/A | U79: =J27/U53 -> #N/A | V79: =J27/V53 -> #N/A | W79: =J27/W53 -> #N/A | X79: =J27/X53 -> #N/A | Y79: =J27/Y53 -> #N/A | Z79: =J27/Z53 -> #N/A | AA79: =J27/AA53 -> #N/A | AB79: =J27/AB53 -> #N/A | AC79: =J27/AC53 -> #N/A | AD79: =J27/AD53 -> #N/A | AF79: 24 | AG79: =J27/AG53 -> #N/A | AH79: =J27/AH53 -> #N/A | AI79: =J27/AI53 -> #DIV/0! | AJ79: =J27/AJ53 -> #DIV/0! | AK79: =J27/AK53 -> #DIV/0! | AL79: =J27/AL53 -> #N/A | AM79: =J27/AM53 -> #N/A | AN79: =J27/AN53 -> #N/A | AO79: =J27/AO53 -> #N/A | AP79: =J27/AP53 -> #N/A

Sheet QuestPlinkoWeight
A1: level | B1: frameIds_13_0 | C1: frameIds_13_1 | D1: frameIds_13_2 | E1: frameIds_13_3 | F1: frameIds_13_4 | G1: frameIds_13_5 | H1: frameIds_13_6 | I1: frameIds_13_7 | J1: frameIds_13_8 | K1: frameIds_13_9 | L1: frameIds_13_10 | M1: frameIds_13_11 | N1: frameIds_13_12 | O1: plinko | P1: hitFT1Min | Q1: hitFT1Max | R1: hitFT2Min | S1: hitFT2Max | T1: double | U1: weight
A2: int | B2: int | C2: int | D2: int | E2: int | F2: int | G2: int | H2: int | I2: int | J2: int | K2: int | L2: int | M2: int | N2: int | O2: int | P2: int | Q2: int | R2: int | S2: int | T2: int | U2: int
A3: s | B3: s | C3: s | D3: s | E3: s | F3: s | G3: s | H3: s | I3: s | J3: s | K3: s | L3: s | M3: s | N3: s | O3: s | P3: s | Q3: s | R3: s | S3: s | T3: s | U3: s
A4: 关卡 | B4: 小球落位置0权重 | C4: 小球落位置1权重 | D4: 小球落位置2权重 | E4: 小球落位置3权重 | F4: 小球落位置4权重 | G4: 小球落位置5权重 | H4: 小球落位置6权重 | I4: 小球落位置7权重 | J4: 小球落位置8权重 | K4: 小球落位置9权重 | L4: 小球落位置10权重 | M4: 小球落位置11权重 | N4: 小球落位置12权重 | O4: 小球总个数 | P4: 撞击浮台1次数上限 | Q4: 撞击浮台1次数下限 | R4: 撞击浮台2次数上限 | S4: 撞击浮台2次数下限 | T4: 双倍概率 | U4: 权重
A5: 0 | B5: 75 | C5: 50 | D5: 100 | E5: 50 | F5: 100 | G5: 50 | H5: 0 | I5: 50 | J5: 100 | K5: 50 | L5: 100 | M5: 50 | N5: 75 | O5: 1 | P5: 0 | Q5: 999 | R5: 0 | S5: 999 | T5: 0 | U5: 100
A6: 1 | B6: 125 | C6: 75 | D6: 150 | E6: 50 | F6: 150 | G6: 50 | H6: 1 | I6: 50 | J6: 150 | K6: 50 | L6: 150 | M6: 75 | N6: 125 | O6: 1 | P6: 0 | Q6: 999 | R6: 0 | S6: 999 | T6: 0 | U6: 100
A7: 2 | B7: 150 | C7: 50 | D7: 150 | E7: 50 | F7: 150 | G7: 50 | H7: 1 | I7: 50 | J7: 150 | K7: 50 | L7: 150 | M7: 50 | N7: 150 | O7: 1 | P7: 0 | Q7: 999 | R7: 0 | S7: 999 | T7: 0 | U7: 70
A8: 2 | B8: 100 | C8: 75 | D8: 150 | E8: 75 | F8: 150 | G8: 100 | H8: 1 | I8: 100 | J8: 150 | K8: 75 | L8: 150 | M8: 75 | N8: 100 | O8: 2 | P8: 0 | Q8: 999 | R8: 0 | S8: 999 | T8: 0 | U8: 35
A9: 2 | B9: 50 | C9: 100 | D9: 50 | E9: 100 | F9: 50 | G9: 100 | H9: 0 | I9: 100 | J9: 50 | K9: 100 | L9: 50 | M9: 100 | N9: 50 | O9: 3 | P9: 0 | Q9: 999 | R9: 0 | S9: 999 | T9: 0 | U9: 5
A10: 3 | B10: 75 | C10: 100 | D10: 100 | E10: 50 | F10: 100 | G10: 50 | H10: 1 | I10: 50 | J10: 100 | K10: 50 | L10: 100 | M10: 100 | N10: 75 | O10: 1 | P10: 0 | Q10: 999 | R10: 0 | S10: 999 | T10: 40 | U10: 200
A11: 3 | B11: 100 | C11: 100 | D11: 150 | E11: 75 | F11: 150 | G11: 100 | H11: 1 | I11: 100 | J11: 150 | K11: 75 | L11: 150 | M11: 100 | N11: 100 | O11: 2 | P11: 0 | Q11: 999 | R11: 0 | S11: 999 | T11: 30 | U11: 40
A12: 3 | B12: 50 | C12: 100 | D12: 50 | E12: 100 | F12: 50 | G12: 100 | H12: 0 | I12: 100 | J12: 50 | K12: 100 | L12: 50 | M12: 100 | N12: 50 | O12: 3 | P12: 0 | Q12: 999 | R12: 0 | S12: 999 | T12: 10 | U12: 10
A13: 4 | B13: 75 | C13: 100 | D13: 100 | E13: 50 | F13: 100 | G13: 50 | H13: 1 | I13: 50 | J13: 100 | K13: 50 | L13: 100 | M13: 100 | N13: 75 | O13: 1 | P13: 0 | Q13: 999 | R13: 0 | S13: 999 | T13: 50 | U13: 200
A14: 4 | B14: 100 | C14: 100 | D14: 150 | E14: 75 | F14: 150 | G14: 100 | H14: 1 | I14: 100 | J14: 150 | K14: 75 | L14: 150 | M14: 100 | N14: 100 | O14: 2 | P14: 0 | Q14: 999 | R14: 0 | S14: 999 | T14: 30 | U14: 60
A15: 4 | B15: 50 | C15: 100 | D15: 50 | E15: 100 | F15: 50 | G15: 100 | H15: 0 | I15: 100 | J15: 50 | K15: 100 | L15: 50 | M15: 100 | N15: 50 | O15: 3 | P15: 0 | Q15: 999 | R15: 0 | S15: 999 | T15: 10 | U15: 10
A16: 5 | B16: 75 | C16: 100 | D16: 100 | E16: 50 | F16: 100 | G16: 50 | H16: 1 | I16: 50 | J16: 100 | K16: 50 | L16: 100 | M16: 100 | N16: 75 | O16: 1 | P16: 0 | Q16: 999 | R16: 0 | S16: 999 | T16: 50 | U16: 50
... A24: 7 | B24: 50 | C24: 100 | D24: 50 | E24: 100 | F24: 50 | G24: 100 | H24: 0 | I24: 100 | J24: 50 | K24: 100 | L24: 50 | M24: 100 | N24: 50 | O24: 3 | P24: 0 | Q24: 999 | R24: 0 | S24: 999 | T24: 30 | U24: 150
B26: 50 | C26: 5 | D26: 20 | E26: 2 | F26: 30 | G26: 3 | H26: 500 | I26: 3 | J26: 30 | K26: 2 | L26: 20 | M26: 5 | N26: 50

Sheet WeightCalculate
B1: 50 | C1: 5 | D1: 20 | E1: 2 | F1: 30 | G1: 3 | H1: 500 | I1: 3 | J1: 30 | K1: 2 | L1: 20 | M1: 5 | N1: 50
A2: 关卡 | B2: 小球落位置0期望 | C2: 小球落位置1期望 | D2: 小球落位置2期望 | E2: 小球落位置3期望 | F2: 小球落位置4期望 | G2: 小球落位置5期望 | H2: 小球落位置6期望 | I2: 小球落位置7期望 | J2: 小球落位置8期望 | K2: 小球落位置9期望 | L2: 小球落位置10期望 | M2: 小球落位置11期望 | N2: 小球落位置12期望 | O2: 小球总个数 | P2: 双倍概率 | Q2: 权重 | S2: 球均点数
A3: =[1]QuestPlinkoWeight!A5 -> 0 | B3: =(QuestPlinkoWeight!B5/SUM(QuestPlinkoWeight!$B$5:$N$5)*B1) -> 4.4117647 | C3: =(QuestPlinkoWeight!C5/SUM(QuestPlinkoWeight!$B$5:$N$5)*C1) -> 0.29411765 | D3: =(QuestPlinkoWeight!D5/SUM(QuestPlinkoWeight!$B$5:$N$5)*D1) -> 2.3529412 | E3: =(QuestPlinkoWeight!E5/SUM(QuestPlinkoWeight!$B$5:$N$5)*E1) -> 0.11764706 | F3: =(QuestPlinkoWeight!F5/SUM(QuestPlinkoWeight!$B$5:$N$5)*F1) -> 3.5294118 | G3: =(QuestPlinkoWeight!G5/SUM(QuestPlinkoWeight!$B$5:$N$5)*G1) -> 0.17647059 | H3: =(QuestPlinkoWeight!H5/SUM(QuestPlinkoWeight!$B$5:$N$5)*H1) -> 0 | I3: =(QuestPlinkoWeight!I5/SUM(QuestPlinkoWeight!$B$5:$N$5)*I1) -> 0.17647059 | ... N3: =(QuestPlinkoWeight!N5/SUM(QuestPlinkoWeight!$B$5:$N$5)*N1) -> 4.4117647 | O3: =QuestPlinkoWeight!O5 -> 1 | P3: =QuestPlinkoWeight!T5 -> 0 | Q3: =QuestPlinkoWeight!U5 -> 100 | R3: =SUM(B3:N3)*O3*(Q3/SUM($Q$3))*(1+P3/100) -> 21.764706 | S3: =R3 -> 21.764706
A4: =[1]QuestPlinkoWeight!A6 -> 1 | B4: =(QuestPlinkoWeight!B6/SUM(QuestPlinkoWeight!$B$6:$N$6)*B1) -> 5.2039967 | C4: =(QuestPlinkoWeight!C6/SUM(QuestPlinkoWeight!$B$6:$N$6)*C1) -> 0.3122398 | D4: =(QuestPlinkoWeight!D6/SUM(QuestPlinkoWeight!$B$6:$N$6)*D1) -> 2.4979184 | E4: =(QuestPlinkoWeight!E6/SUM(QuestPlinkoWeight!$B$6:$N$6)*E1) -> 0.083263947 | F4: =(QuestPlinkoWeight!F6/SUM(QuestPlinkoWeight!$B$6:$N$6)*F1) -> 3.7468776 | G4: =(QuestPlinkoWeight!G6/SUM(QuestPlinkoWeight!$B$6:$N$6)*G1) -> 0.12489592 | H4: =(QuestPlinkoWeight!H6/SUM(QuestPlinkoWeight!$B$6:$N$6)*H1) -> 0.41631973 | I4: =(QuestPlinkoWeight!I6/SUM(QuestPlinkoWeight!$B$6:$N$6)*I1) -> 0.12489592 | ... N4: =(QuestPlinkoWeight!N6/SUM(QuestPlinkoWeight!$B$6:$N$6)*N1) -> 5.2039967 | O4: =QuestPlinkoWeight!O6 -> 1 | P4: =QuestPlinkoWeight!T6 -> 0 | Q4: =QuestPlinkoWeight!U6 -> 100 | R4: =SUM(B4:N4)*O4*(Q4/SUM($Q$3))*(1+P4/100) -> 24.354704 | S4: =R4 -> 24.354704
A5: =[1]QuestPlinkoWeight!A7 -> 2 | B5: =(QuestPlinkoWeight!B8/SUM(QuestPlinkoWeight!$B$8:$N$8)*B1) -> 3.8431975 | C5: =(QuestPlinkoWeight!C8/SUM(QuestPlinkoWeight!$B$8:$N$8)*C1) -> 0.28823982 | D5: =(QuestPlinkoWeight!D8/SUM(QuestPlinkoWeight!$B$8:$N$8)*D1) -> 2.3059185 | E5: =(QuestPlinkoWeight!E8/SUM(QuestPlinkoWeight!$B$8:$N$8)*E1) -> 0.11529593 | F5: =(QuestPlinkoWeight!F8/SUM(QuestPlinkoWeight!$B$8:$N$8)*F1) -> 3.4588778 | G5: =(QuestPlinkoWeight!G8/SUM(QuestPlinkoWeight!$B$8:$N$8)*G1) -> 0.23059185 | H5: =(QuestPlinkoWeight!H8/SUM(QuestPlinkoWeight!$B$8:$N$8)*H1) -> 0.38431975 | I5: =(QuestPlinkoWeight!I8/SUM(QuestPlinkoWeight!$B$8:$N$8)*I1) -> 0.23059185 | ... N5: =(QuestPlinkoWeight!N8/SUM(QuestPlinkoWeight!$B$8:$N$8)*N1) -> 3.8431975 | O5: =QuestPlinkoWeight!O7 -> 1 | P5: =QuestPlinkoWeight!T7 -> 0 | Q5: =QuestPlinkoWeight!U7 -> 70 | R5: =SUM(B5:N5)*O5*(Q5/SUM(Q5:Q7))*(1+P5/100) -> 13.279994 | S5: =SUM(R5:R7) -> 28.004441
A6: =[1]QuestPlinkoWeight!A8 -> 2 | B6: =([1]QuestPlinkoWeight!B8/SUM([1]QuestPlinkoWeight!$B$8:$N$8)*B1) -> 3.7009623 | C6: =([1]QuestPlinkoWeight!C8/SUM([1]QuestPlinkoWeight!$B$8:$N$8)*C1) -> 0.37009623 | D6: =([1]QuestPlinkoWeight!D8/SUM([1]QuestPlinkoWeight!$B$8:$N$8)*D1) -> 2.2205774 | E6: =([1]QuestPlinkoWeight!E8/SUM([1]QuestPlinkoWeight!$B$8:$N$8)*E1) -> 0.11102887 | F6: =([1]QuestPlinkoWeight!F8/SUM([1]QuestPlinkoWeight!$B$8:$N$8)*F1) -> 3.330866 | G6: =([1]QuestPlinkoWeight!G8/SUM([1]QuestPlinkoWeight!$B$8:$N$8)*G1) -> 0.22205774 | H6: =([1]QuestPlinkoWeight!H8/SUM([1]QuestPlinkoWeight!$B$8:$N$8)*H1) -> 0.37009623 | I6: =([1]QuestPlinkoWeight!I8/SUM([1]QuestPlinkoWeight!$B$8:$N$8)*I1) -> 0.22205774 | ... N6: =([1]QuestPlinkoWeight!N8/SUM([1]QuestPlinkoWeight!$B$8:$N$8)*N1) -> 3.7009623 | O6: =QuestPlinkoWeight!O8 -> 2 | P6: =QuestPlinkoWeight!T8 -> 0 | Q6: =QuestPlinkoWeight!U8 -> 35 | R6: =SUM(B6:N6)*O6*(Q6/SUM(Q5:Q7))*(1+P6/100) -> 12.906265
A7: =[1]QuestPlinkoWeight!A9 -> 2 | B7: =(QuestPlinkoWeight!B9/SUM(QuestPlinkoWeight!$B$9:$N$9)*B1) -> 2.7777778 | C7: =(QuestPlinkoWeight!C9/SUM(QuestPlinkoWeight!$B$9:$N$9)*C1) -> 0.55555556 | D7: =(QuestPlinkoWeight!D9/SUM(QuestPlinkoWeight!$B$9:$N$9)*D1) -> 1.1111111 | E7: =(QuestPlinkoWeight!E9/SUM(QuestPlinkoWeight!$B$9:$N$9)*E1) -> 0.22222222 | F7: =(QuestPlinkoWeight!F9/SUM(QuestPlinkoWeight!$B$9:$N$9)*F1) -> 1.6666667 | G7: =(QuestPlinkoWeight!G9/SUM(QuestPlinkoWeight!$B$9:$N$9)*G1) -> 0.33333333 | H7: =(QuestPlinkoWeight!H9/SUM(QuestPlinkoWeight!$B$9:$N$9)*H1) -> 0 | I7: =(QuestPlinkoWeight!I9/SUM(QuestPlinkoWeight!$B$9:$N$9)*I1) -> 0.33333333 | ... N7: =(QuestPlinkoWeight!N9/SUM(QuestPlinkoWeight!$B$9:$N$9)*N1) -> 2.7777778 | O7: =QuestPlinkoWeight!O9 -> 3 | P7: =QuestPlinkoWeight!T9 -> 0 | Q7: =QuestPlinkoWeight!U9 -> 5 | R7: =SUM(B7:N7)*O7*(Q7/SUM($Q$5:$Q$7))*(1+P7/100) -> 1.8181818
A8: =[1]QuestPlinkoWeight!A10 -> 3 | B8: =(QuestPlinkoWeight!B10/SUM(QuestPlinkoWeight!$B$10:$N$10)*B1) -> 3.9432177 | C8: =(QuestPlinkoWeight!C10/SUM(QuestPlinkoWeight!$B$10:$N$10)*C1) -> 0.52576236 | D8: =(QuestPlinkoWeight!D10/SUM(QuestPlinkoWeight!$B$10:$N$10)*D1) -> 2.1030494 | E8: =(QuestPlinkoWeight!E10/SUM(QuestPlinkoWeight!$B$10:$N$10)*E1) -> 0.10515247 | F8: =(QuestPlinkoWeight!F10/SUM(QuestPlinkoWeight!$B$10:$N$10)*F1) -> 3.1545741 | G8: =(QuestPlinkoWeight!G10/SUM(QuestPlinkoWeight!$B$10:$N$10)*G1) -> 0.15772871 | H8: =(QuestPlinkoWeight!H10/SUM(QuestPlinkoWeight!$B$10:$N$10)*H1) -> 0.52576236 | I8: =(QuestPlinkoWeight!I10/SUM(QuestPlinkoWeight!$B$10:$N$10)*I1) -> 0.15772871 | ... N8: =(QuestPlinkoWeight!N10/SUM(QuestPlinkoWeight!$B$10:$N$10)*N1) -> 3.9432177 | O8: =QuestPlinkoWeight!O10 -> 1 | P8: =QuestPlinkoWeight!T10 -> 40 | Q8: =QuestPlinkoWeight!U10 -> 200 | R8: =SUM(B8:N8)*O8*(Q8/SUM($Q$8:$Q$10))*(1+P8/100) -> 22.9653 | S8: =SUM(R8:R10) -> 33.162309
A9: =[1]QuestPlinkoWeight!A11 -> 3 | B9: =(QuestPlinkoWeight!B11/SUM(QuestPlinkoWeight!$B$11:$N$11)*B1) -> 3.7009623 | C9: =(QuestPlinkoWeight!C11/SUM(QuestPlinkoWeight!$B$11:$N$11)*C1) -> 0.37009623 | D9: =(QuestPlinkoWeight!D11/SUM(QuestPlinkoWeight!$B$11:$N$11)*D1) -> 2.2205774 | E9: =(QuestPlinkoWeight!E11/SUM(QuestPlinkoWeight!$B$11:$N$11)*E1) -> 0.11102887 | F9: =(QuestPlinkoWeight!F11/SUM(QuestPlinkoWeight!$B$11:$N$11)*F1) -> 3.330866 | G9: =(QuestPlinkoWeight!G11/SUM(QuestPlinkoWeight!$B$11:$N$11)*G1) -> 0.22205774 | H9: =(QuestPlinkoWeight!H11/SUM(QuestPlinkoWeight!$B$11:$N$11)*H1) -> 0.37009623 | I9: =(QuestPlinkoWeight!I11/SUM(QuestPlinkoWeight!$B$11:$N$11)*I1) -> 0.22205774 | ... N9: =(QuestPlinkoWeight!N11/SUM(QuestPlinkoWeight!$B$11:$N$11)*N1) -> 3.7009623 | O9: =QuestPlinkoWeight!O11 -> 2 | P9: =QuestPlinkoWeight!T11 -> 30 | Q9: =QuestPlinkoWeight!U11 -> 40 | R9: =SUM(B9:N9)*O9*(Q9/SUM($Q$8:$Q$10))*(1+P9/100) -> 8.4370096
A10: =[1]QuestPlinkoWeight!A12 -> 3 | B10: =(QuestPlinkoWeight!B12/SUM(QuestPlinkoWeight!$B$12:$N$12)*B1) -> 2.7777778 | C10: =(QuestPlinkoWeight!C12/SUM(QuestPlinkoWeight!$B$12:$N$12)*C1) -> 0.55555556 | D10: =(QuestPlinkoWeight!D12/SUM(QuestPlinkoWeight!$B$12:$N$12)*D1) -> 1.1111111 | E10: =(QuestPlinkoWeight!E12/SUM(QuestPlinkoWeight!$B$12:$N$12)*E1) -> 0.22222222 | F10: =(QuestPlinkoWeight!F12/SUM(QuestPlinkoWeight!$B$12:$N$12)*F1) -> 1.6666667 | G10: =(QuestPlinkoWeight!G12/SUM(QuestPlinkoWeight!$B$12:$N$12)*G1) -> 0.33333333 | H10: =(QuestPlinkoWeight!H12/SUM(QuestPlinkoWeight!$B$12:$N$12)*H1) -> 0 | I10: =(QuestPlinkoWeight!I12/SUM(QuestPlinkoWeight!$B$12:$N$12)*I1) -> 0.33333333 | ... N10: =(QuestPlinkoWeight!N12/SUM(QuestPlinkoWeight!$B$12:$N$12)*N1) -> 2.7777778 | O10: =QuestPlinkoWeight!O12 -> 3 | P10: =QuestPlinkoWeight!T12 -> 10 | Q10: =QuestPlinkoWeight!U12 -> 10 | R10: =SUM(B10:N10)*O10*(Q10/SUM($Q$8:$Q$10))*(1+P10/100) -> 1.76
A11: =[1]QuestPlinkoWeight!A13 -> 4 | B11: =(QuestPlinkoWeight!B13/SUM(QuestPlinkoWeight!$B$13:$N$13)*B1) -> 3.9432177 | C11: =(QuestPlinkoWeight!C13/SUM(QuestPlinkoWeight!$B$13:$N$13)*C1) -> 0.52576236 | D11: =(QuestPlinkoWeight!D13/SUM(QuestPlinkoWeight!$B$13:$N$13)*D1) -> 2.1030494 | E11: =(QuestPlinkoWeight!E13/SUM(QuestPlinkoWeight!$B$13:$N$13)*E1) -> 0.10515247 | F11: =(QuestPlinkoWeight!F13/SUM(QuestPlinkoWeight!$B$13:$N$13)*F1) -> 3.1545741 | G11: =(QuestPlinkoWeight!G13/SUM(QuestPlinkoWeight!$B$13:$N$13)*G1) -> 0.15772871 | H11: =(QuestPlinkoWeight!H13/SUM(QuestPlinkoWeight!$B$13:$N$13)*H1) -> 0.52576236 | I11: =(QuestPlinkoWeight!I13/SUM(QuestPlinkoWeight!$B$13:$N$13)*I1) -> 0.15772871 | ... N11: =(QuestPlinkoWeight!N13/SUM(QuestPlinkoWeight!$B$13:$N$13)*N1) -> 3.9432177 | O11: =QuestPlinkoWeight!O13 -> 1 | P11: =QuestPlinkoWeight!T13 -> 50 | Q11: =QuestPlinkoWeight!U13 -> 200 | R11: =SUM(B11:N11)*O11*(Q11/SUM($Q$11:$Q$13))*(1+P11/100) -> 22.783035 | S11: =SUM(R11:R13) -> 36.130734
A12: =[1]QuestPlinkoWeight!A14 -> 4 | B12: =(QuestPlinkoWeight!B14/SUM(QuestPlinkoWeight!$B$14:$N$14)*B1) -> 3.7009623 | C12: =(QuestPlinkoWeight!C14/SUM(QuestPlinkoWeight!$B$14:$N$14)*C1) -> 0.37009623 | D12: =(QuestPlinkoWeight!D14/SUM(QuestPlinkoWeight!$B$14:$N$14)*D1) -> 2.2205774 | E12: =(QuestPlinkoWeight!E14/SUM(QuestPlinkoWeight!$B$14:$N$14)*E1) -> 0.11102887 | F12: =(QuestPlinkoWeight!F14/SUM(QuestPlinkoWeight!$B$14:$N$14)*F1) -> 3.330866 | G12: =(QuestPlinkoWeight!G14/SUM(QuestPlinkoWeight!$B$14:$N$14)*G1) -> 0.22205774 | H12: =(QuestPlinkoWeight!H14/SUM(QuestPlinkoWeight!$B$14:$N$14)*H1) -> 0.37009623 | I12: =(QuestPlinkoWeight!I14/SUM(QuestPlinkoWeight!$B$14:$N$14)*I1) -> 0.22205774 | ... N12: =(QuestPlinkoWeight!N14/SUM(QuestPlinkoWeight!$B$14:$N$14)*N1) -> 3.7009623 | O12: =QuestPlinkoWeight!O14 -> 2 | P12: =QuestPlinkoWeight!T14 -> 30 | Q12: =QuestPlinkoWeight!U14 -> 60 | R12: =SUM(B12:N12)*O12*(Q12/SUM($Q$11:$Q$13))*(1+P12/100) -> 11.718069
A13: =[1]QuestPlinkoWeight!A15 -> 4 | B13: =(QuestPlinkoWeight!B15/SUM(QuestPlinkoWeight!$B$15:$N$15)*B1) -> 2.7777778 | C13: =(QuestPlinkoWeight!C15/SUM(QuestPlinkoWeight!$B$15:$N$15)*C1) -> 0.55555556 | D13: =(QuestPlinkoWeight!D15/SUM(QuestPlinkoWeight!$B$15:$N$15)*D1) -> 1.1111111 | E13: =(QuestPlinkoWeight!E15/SUM(QuestPlinkoWeight!$B$15:$N$15)*E1) -> 0.22222222 | F13: =(QuestPlinkoWeight!F15/SUM(QuestPlinkoWeight!$B$15:$N$15)*F1) -> 1.6666667 | G13: =(QuestPlinkoWeight!G15/SUM(QuestPlinkoWeight!$B$15:$N$15)*G1) -> 0.33333333 | H13: =(QuestPlinkoWeight!H15/SUM(QuestPlinkoWeight!$B$15:$N$15)*H1) -> 0 | I13: =(QuestPlinkoWeight!I15/SUM(QuestPlinkoWeight!$B$15:$N$15)*I1) -> 0.33333333 | ... N13: =(QuestPlinkoWeight!N15/SUM(QuestPlinkoWeight!$B$15:$N$15)*N1) -> 2.7777778 | O13: =QuestPlinkoWeight!O15 -> 3 | P13: =QuestPlinkoWeight!T15 -> 10 | Q13: =QuestPlinkoWeight!U15 -> 10 | R13: =SUM(B13:N13)*O13*(Q13/SUM($Q$11:$Q$13))*(1+P13/100) -> 1.6296296
A14: =[1]QuestPlinkoWeight!A16 -> 5 | B14: =(QuestPlinkoWeight!B16/SUM(QuestPlinkoWeight!$B$16:$N$16)*B1) -> 3.9432177 | C14: =(QuestPlinkoWeight!C16/SUM(QuestPlinkoWeight!$B$16:$N$16)*C1) -> 0.52576236 | D14: =(QuestPlinkoWeight!D16/SUM(QuestPlinkoWeight!$B$16:$N$16)*D1) -> 2.1030494 | E14: =(QuestPlinkoWeight!E16/SUM(QuestPlinkoWeight!$B$16:$N$16)*E1) -> 0.10515247 | F14: =(QuestPlinkoWeight!F16/SUM(QuestPlinkoWeight!$B$16:$N$16)*F1) -> 3.1545741 | G14: =(QuestPlinkoWeight!G16/SUM(QuestPlinkoWeight!$B$16:$N$16)*G1) -> 0.15772871 | H14: =(QuestPlinkoWeight!H16/SUM(QuestPlinkoWeight!$B$16:$N$16)*H1) -> 0.52576236 | I14: =(QuestPlinkoWeight!I16/SUM(QuestPlinkoWeight!$B$16:$N$16)*I1) -> 0.15772871 | ... N14: =(QuestPlinkoWeight!N16/SUM(QuestPlinkoWeight!$B$16:$N$16)*N1) -> 3.9432177 | O14: =QuestPlinkoWeight!O16 -> 1 | P14: =QuestPlinkoWeight!T16 -> 50 | Q14: =QuestPlinkoWeight!U16 -> 50 | R14: =SUM(B14:N14)*O14*(Q14/SUM($Q$14:$Q$16))*(1+P14/100) -> 6.6863256 | S14: =SUM(R14:R16) -> 44.573014
A15: =[1]QuestPlinkoWeight!A17 -> 5 | B15: =(QuestPlinkoWeight!B17/SUM(QuestPlinkoWeight!$B$17:$N$17)*B1) -> 3.122398 | C15: =(QuestPlinkoWeight!C17/SUM(QuestPlinkoWeight!$B$17:$N$17)*C1) -> 0.41631973 | D15: =(QuestPlinkoWeight!D17/SUM(QuestPlinkoWeight!$B$17:$N$17)*D1) -> 2.0815987 | E15: =(QuestPlinkoWeight!E17/SUM(QuestPlinkoWeight!$B$17:$N$17)*E1) -> 0.12489592 | F15: =(QuestPlinkoWeight!F17/SUM(QuestPlinkoWeight!$B$17:$N$17)*F1) -> 3.122398 | G15: =(QuestPlinkoWeight!G17/SUM(QuestPlinkoWeight!$B$17:$N$17)*G1) -> 0.24979184 | H15: =(QuestPlinkoWeight!H17/SUM(QuestPlinkoWeight!$B$17:$N$17)*H1) -> 0.41631973 | I15: =(QuestPlinkoWeight!I17/SUM(QuestPlinkoWeight!$B$17:$N$17)*I1) -> 0.24979184 | ... N15: =(QuestPlinkoWeight!N17/SUM(QuestPlinkoWeight!$B$17:$N$17)*N1) -> 3.122398 | O15: =QuestPlinkoWeight!O17 -> 2 | P15: =QuestPlinkoWeight!T17 -> 30 | Q15: =QuestPlinkoWeight!U17 -> 150 | R15: =SUM(B15:N15)*O15*(Q15/SUM($Q$14:$Q$16))*(1+P15/100) -> 31.625819
A16: =[1]QuestPlinkoWeight!A18 -> 5 | B16: =(QuestPlinkoWeight!B18/SUM(QuestPlinkoWeight!$B$18:$N$18)*B1) -> 2.7777778 | C16: =(QuestPlinkoWeight!C18/SUM(QuestPlinkoWeight!$B$18:$N$18)*C1) -> 0.55555556 | D16: =(QuestPlinkoWeight!D18/SUM(QuestPlinkoWeight!$B$18:$N$18)*D1) -> 1.1111111 | E16: =(QuestPlinkoWeight!E18/SUM(QuestPlinkoWeight!$B$18:$N$18)*E1) -> 0.22222222 | F16: =(QuestPlinkoWeight!F18/SUM(QuestPlinkoWeight!$B$18:$N$18)*F1) -> 1.6666667 | G16: =(QuestPlinkoWeight!G18/SUM(QuestPlinkoWeight!$B$18:$N$18)*G1) -> 0.33333333 | H16: =(QuestPlinkoWeight!H18/SUM(QuestPlinkoWeight!$B$18:$N$18)*H1) -> 0 | I16: =(QuestPlinkoWeight!I18/SUM(QuestPlinkoWeight!$B$18:$N$18)*I1) -> 0.33333333 | ... N16: =(QuestPlinkoWeight!N18/SUM(QuestPlinkoWeight!$B$18:$N$18)*N1) -> 2.7777778 | O16: =QuestPlinkoWeight!O18 -> 3 | P16: =QuestPlinkoWeight!T18 -> 20 | Q16: =QuestPlinkoWeight!U18 -> 30 | R16: =SUM(B16:N16)*O16*(Q16/SUM($Q$14:$Q$16))*(1+P16/100) -> 6.2608696
A17: =[1]QuestPlinkoWeight!A20 -> 6 | B17: =(QuestPlinkoWeight!B19/SUM(QuestPlinkoWeight!$B$19:$N$19)*B1) -> 3.9349423 | C17: =(QuestPlinkoWeight!C19/SUM(QuestPlinkoWeight!$B$19:$N$19)*C1) -> 0.52465897 | D17: =(QuestPlinkoWeight!D19/SUM(QuestPlinkoWeight!$B$19:$N$19)*D1) -> 2.0986359 | E17: =(QuestPlinkoWeight!E19/SUM(QuestPlinkoWeight!$B$19:$N$19)*E1) -> 0.10493179 | F17: =(QuestPlinkoWeight!F19/SUM(QuestPlinkoWeight!$B$19:$N$19)*F1) -> 3.1479538 | G17: =(QuestPlinkoWeight!G19/SUM(QuestPlinkoWeight!$B$19:$N$19)*G1) -> 0.15739769 | H17: =(QuestPlinkoWeight!H19/SUM(QuestPlinkoWeight!$B$19:$N$19)*H1) -> 1.5739769 | I17: =(QuestPlinkoWeight!I19/SUM(QuestPlinkoWeight!$B$19:$N$19)*I1) -> 0.15739769 | ... N17: =(QuestPlinkoWeight!N19/SUM(QuestPlinkoWeight!$B$19:$N$19)*N1) -> 3.9349423 | O17: =QuestPlinkoWeight!O19 -> 1 | P17: =QuestPlinkoWeight!T19 -> 55 | Q17: =QuestPlinkoWeight!U19 -> 50 | R17: =SUM(B17:N17)*O17*(Q17/SUM($Q$17:$Q$19))*(1+P17/100) -> 3.7046753 | S17: =SUM(R17:R19) -> 48.38781
A18: =[1]QuestPlinkoWeight!A21 -> 6 | B18: =(QuestPlinkoWeight!B20/SUM(QuestPlinkoWeight!$B$20:$N$20)*B1) -> 3.122398 | C18: =(QuestPlinkoWeight!C20/SUM(QuestPlinkoWeight!$B$20:$N$20)*C1) -> 0.41631973 | D18: =(QuestPlinkoWeight!D20/SUM(QuestPlinkoWeight!$B$20:$N$20)*D1) -> 2.0815987 | E18: =(QuestPlinkoWeight!E20/SUM(QuestPlinkoWeight!$B$20:$N$20)*E1) -> 0.12489592 | F18: =(QuestPlinkoWeight!F20/SUM(QuestPlinkoWeight!$B$20:$N$20)*F1) -> 3.122398 | G18: =(QuestPlinkoWeight!G20/SUM(QuestPlinkoWeight!$B$20:$N$20)*G1) -> 0.24979184 | H18: =(QuestPlinkoWeight!H20/SUM(QuestPlinkoWeight!$B$20:$N$20)*H1) -> 0.41631973 | I18: =(QuestPlinkoWeight!I20/SUM(QuestPlinkoWeight!$B$20:$N$20)*I1) -> 0.24979184 | ... N18: =(QuestPlinkoWeight!N20/SUM(QuestPlinkoWeight!$B$20:$N$20)*N1) -> 3.122398 | O18: =QuestPlinkoWeight!O20 -> 2 | P18: =QuestPlinkoWeight!T20 -> 35 | Q18: =QuestPlinkoWeight!U20 -> 300 | R18: =SUM(B18:N18)*O18*(Q18/SUM($Q$17:$Q$19))*(1+P18/100) -> 33.572023
A19: =[1]QuestPlinkoWeight!A22 -> 6 | B19: =(QuestPlinkoWeight!B21/SUM(QuestPlinkoWeight!$B$21:$N$21)*B1) -> 2.7777778 | C19: =(QuestPlinkoWeight!C21/SUM(QuestPlinkoWeight!$B$21:$N$21)*C1) -> 0.55555556 | D19: =(QuestPlinkoWeight!D21/SUM(QuestPlinkoWeight!$B$21:$N$21)*D1) -> 1.1111111 | E19: =(QuestPlinkoWeight!E21/SUM(QuestPlinkoWeight!$B$21:$N$21)*E1) -> 0.22222222 | F19: =(QuestPlinkoWeight!F21/SUM(QuestPlinkoWeight!$B$21:$N$21)*F1) -> 1.6666667 | G19: =(QuestPlinkoWeight!G21/SUM(QuestPlinkoWeight!$B$21:$N$21)*G1) -> 0.33333333 | H19: =(QuestPlinkoWeight!H21/SUM(QuestPlinkoWeight!$B$21:$N$21)*H1) -> 0 | I19: =(QuestPlinkoWeight!I21/SUM(QuestPlinkoWeight!$B$21:$N$21)*I1) -> 0.33333333 | ... N19: =(QuestPlinkoWeight!N21/SUM(QuestPlinkoWeight!$B$21:$N$21)*N1) -> 2.7777778 | O19: =QuestPlinkoWeight!O21 -> 3 | P19: =QuestPlinkoWeight!T21 -> 25 | Q19: =QuestPlinkoWeight!U21 -> 100 | R19: =SUM(B19:N19)*O19*(Q19/SUM($Q$17:$Q$19))*(1+P19/100) -> 11.111111
A20: =[1]QuestPlinkoWeight!A25 -> 7 | B20: =(QuestPlinkoWeight!B22/SUM(QuestPlinkoWeight!$B$22:$N$22)*B1) -> 3.9349423 | C20: =(QuestPlinkoWeight!C22/SUM(QuestPlinkoWeight!$B$22:$N$22)*C1) -> 0.52465897 | D20: =(QuestPlinkoWeight!D22/SUM(QuestPlinkoWeight!$B$22:$N$22)*D1) -> 2.0986359 | E20: =(QuestPlinkoWeight!E22/SUM(QuestPlinkoWeight!$B$22:$N$22)*E1) -> 0.10493179 | F20: =(QuestPlinkoWeight!F22/SUM(QuestPlinkoWeight!$B$22:$N$22)*F1) -> 3.1479538 | G20: =(QuestPlinkoWeight!G22/SUM(QuestPlinkoWeight!$B$22:$N$22)*G1) -> 0.15739769 | H20: =(QuestPlinkoWeight!H22/SUM(QuestPlinkoWeight!$B$22:$N$22)*H1) -> 1.5739769 | I20: =(QuestPlinkoWeight!I22/SUM(QuestPlinkoWeight!$B$22:$N$22)*I1) -> 0.15739769 | ... N20: =(QuestPlinkoWeight!N22/SUM(QuestPlinkoWeight!$B$22:$N$22)*N1) -> 3.9349423 | O20: =QuestPlinkoWeight!O22 -> 1 | P20: =QuestPlinkoWeight!T22 -> 60 | Q20: =QuestPlinkoWeight!U22 -> 50 | R20: =SUM(B20:N20)*O20*(Q20/SUM($Q$20:$Q$22))*(1+P20/100) -> 3.1288753 | S20: =SUM(R20:R22) -> 50.543605
A21: =[1]QuestPlinkoWeight!A26 -> 7 | B21: =(QuestPlinkoWeight!B23/SUM(QuestPlinkoWeight!$B$23:$N$23)*B1) -> 3.122398 | C21: =(QuestPlinkoWeight!C23/SUM(QuestPlinkoWeight!$B$23:$N$23)*C1) -> 0.41631973 | D21: =(QuestPlinkoWeight!D23/SUM(QuestPlinkoWeight!$B$23:$N$23)*D1) -> 2.0815987 | E21: =(QuestPlinkoWeight!E23/SUM(QuestPlinkoWeight!$B$23:$N$23)*E1) -> 0.12489592 | F21: =(QuestPlinkoWeight!F23/SUM(QuestPlinkoWeight!$B$23:$N$23)*F1) -> 3.122398 | G21: =(QuestPlinkoWeight!G23/SUM(QuestPlinkoWeight!$B$23:$N$23)*G1) -> 0.24979184 | H21: =(QuestPlinkoWeight!H23/SUM(QuestPlinkoWeight!$B$23:$N$23)*H1) -> 0.41631973 | I21: =(QuestPlinkoWeight!I23/SUM(QuestPlinkoWeight!$B$23:$N$23)*I1) -> 0.24979184 | ... N21: =(QuestPlinkoWeight!N23/SUM(QuestPlinkoWeight!$B$23:$N$23)*N1) -> 3.122398 | O21: =QuestPlinkoWeight!O23 -> 2 | P21: =QuestPlinkoWeight!T23 -> 40 | Q21: =QuestPlinkoWeight!U23 -> 350 | R21: =SUM(B21:N21)*O21*(Q21/SUM($Q$20:$Q$22))*(1+P21/100) -> 33.232912
A22: =[1]QuestPlinkoWeight!A27 -> 7 | B22: =(QuestPlinkoWeight!B24/SUM(QuestPlinkoWeight!$B$24:$N$24)*B1) -> 2.7777778 | C22: =(QuestPlinkoWeight!C24/SUM(QuestPlinkoWeight!$B$24:$N$24)*C1) -> 0.55555556 | D22: =(QuestPlinkoWeight!D24/SUM(QuestPlinkoWeight!$B$24:$N$24)*D1) -> 1.1111111 | E22: =(QuestPlinkoWeight!E24/SUM(QuestPlinkoWeight!$B$24:$N$24)*E1) -> 0.22222222 | F22: =(QuestPlinkoWeight!F24/SUM(QuestPlinkoWeight!$B$24:$N$24)*F1) -> 1.6666667 | G22: =(QuestPlinkoWeight!G24/SUM(QuestPlinkoWeight!$B$24:$N$24)*G1) -> 0.33333333 | H22: =(QuestPlinkoWeight!H24/SUM(QuestPlinkoWeight!$B$24:$N$24)*H1) -> 0 | I22: =(QuestPlinkoWeight!I24/SUM(QuestPlinkoWeight!$B$24:$N$24)*I1) -> 0.33333333 | ... N22: =(QuestPlinkoWeight!N24/SUM(QuestPlinkoWeight!$B$24:$N$24)*N1) -> 2.7777778 | O22: =QuestPlinkoWeight!O24 -> 3 | P22: =QuestPlinkoWeight!T24 -> 30 | Q22: =QuestPlinkoWeight!U24 -> 150 | R22: =SUM(B22:N22)*O22*(Q22/SUM($Q$20:$Q$22))*(1+P22/100) -> 14.181818

Sheet Stagereward
A1: StageId | B1: LevelId | C1: desc | D1: PassPoints | E1: AdjustFrameId | F1: AdjustCondition | G1: MaxAdjustTimes | H1: RewardItemType_3_0 | I1: RewardItemIds_3_0 | J1: RewardItemCount_3_0 | K1: RewardItemType_3_1 | L1: RewardItemIds_3_1 | M1: RewardItemCount_3_1 | N1: RewardItemType_3_2 | O1: RewardItemIds_3_2 | P1: RewardItemCount_3_2
A2: int | B2: int | C2: string | D2: uint | E2: int | F2: int | G2: int | H2: int | I2: uint | J2: int | K2: int | L2: uint | M2: int | N2: int | O2: uint | P2: int
A3: s | B3: cs | C3: cs | D3: cs | E3: cs | F3: cs | G3: cs | H3: cs | I3: cs | J3: cs | K3: cs | L3: cs | M3: cs | N3: cs | O3: cs | P3: cs
A4: 地图Id | B4: 下落球落栏倍率 | C4: skip | D4: 通关点数 | E4: 调控目标FrameId，参照QuestPlinkoWeight的frameWeightAry数组的Index | F4: 大奖调控（连续数次不中后触发500点数大奖） | G4: 最大调控触发次数（每关中调控最多触发的次数） | H4: 奖励类型 1金币 2钻石 3道具 18加成金币 | I4: 奖励物品ID1 1金币 2钻石 3物品id | J4: 奖励数量1 | K4: 奖励类型 1金币 2钻石 3道具 18加成金币 | L4: 奖励物品ID2 1金币 2钻石 3物品id | M4: 奖励数量2 | N4: 奖励类型 1金币 2钻石 3道具 18加成金币 | O4: 奖励物品ID3 1金币 2钻石 3物品id | P4: 奖励数量3
A5: 0 | B5: -1 | C5: 第一轮额外奖励 | D5: 0 | E5: 6 | F5: 0 | G5: 0 | H5: 18 | I5: 1 | J5: 210000000 | K5: 3 | L5: 10000 | M5: 360
A6: 0 | B6: 0 | C6: 第一轮第1关奖励 | D6: 60 | E6: 6 | F6: 0 | G6: 0 | H6: 18 | I6: 1 | J6: 7500000 | K6: 3 | L6: 10000 | M6: 15
A7: 0 | B7: 1 | C7: 第一轮第2关奖励 | D7: 125 | E7: 6 | F7: 0 | G7: 0 | H7: 18 | I7: 1 | J7: 11500000 | K7: 3 | L7: 10000 | M7: 20
A8: 0 | B8: 2 | C8: 第一轮第3关奖励 | D8: 250 | E8: 6 | F8: 0 | G8: 0 | H8: 18 | I8: 1 | J8: 15000000 | K8: 3 | L8: 10000 | M8: 25
A9: 0 | B9: 3 | C9: 第一轮第4关奖励 | D9: 500 | E9: 6 | F9: 0 | G9: 0 | H9: 18 | I9: 1 | J9: 22500000 | K9: 3 | L9: 10000 | M9: 40
A10: 0 | B10: 4 | C10: 第一轮第5关奖励 | D10: 1000 | E10: 6 | F10: 10 | G10: 1 | H10: 18 | I10: 1 | J10: 33500000 | K10: 3 | L10: 10000 | M10: 60
A11: 0 | B11: 5 | C11: 第一轮第6关奖励 | D11: 1500 | E11: 6 | F11: 0 | G11: 0 | H11: 18 | I11: 1 | J11: 48500000 | K11: 3 | L11: 10000 | M11: 85
A12: 0 | B12: 6 | C12: 第一轮第7关奖励 | D12: 2000 | E12: 6 | F12: 20 | G12: 1 | H12: 18 | I12: 1 | J12: 67500000 | K12: 3 | L12: 10000 | M12: 115
A13: 0 | B13: 7 | C13: 第一轮第8关奖励 | D13: 3000 | E13: 6 | F13: 30 | G13: 1 | H13: 18 | I13: 1 | J13: 93500000 | K13: 3 | L13: 10000 | M13: 160
A14: 1 | B14: -1 | C14: 第二轮额外奖励 | D14: 0 | E14: 6 | F14: 0 | G14: 0 | H14: 18 | I14: 1 | J14: 227500000 | K14: 3 | L14: 10000 | M14: 390
A15: 1 | B15: 0 | C15: 第二轮第1关奖励 | D15: 65 | E15: 6 | F15: 0 | G15: 0 | H15: 18 | I15: 1 | J15: 8000000 | K15: 3 | L15: 10000 | M15: 15
A16: 1 | B16: 1 | C16: 第二轮第2关奖励 | D16: 140 | E16: 6 | F16: 0 | G16: 0 | H16: 18 | I16: 1 | J16: 12500000 | K16: 3 | L16: 10000 | M16: 20
... A31: 2 | B31: 7 | C31: 第三轮第8关奖励 | D31: 4000 | E31: 6 | F31: 80 | G31: 1 | H31: 18 | I31: 1 | J31: 110000000 | K31: 3 | L31: 10000 | M31: 200

Sheet 道具id表
A1: name | B1: _comm | C1: itemID | D1: 价值
A2: string_lan | B2: string | C2: uint_key
A3: cs | B3: skip | C3: cs
A4: //名字 | B4: //注释 | C4: //物品的ID
A5: cake | B5: 蛋糕 | C5: 1001
A6: heart | B6: 心 | C6: 1002
A7: Roadster | B7: 跑车 | C7: 1003
A8: Houseboat | B8: 游艇 | C8: 1004
A9: Castle | B9: 城堡 | C9: 1005
A10: Necklace | B10: 项链 | C10: 130001
A11: Flower | B11: 玫瑰 | C11: 130002
A12: bombs | B12: 炸弹 | C12: 130003
A13: like | B13: 赞 | C13: 130004
A14: Punch | B14: 击拳 | C14: 130005
A15: Bucket | B15: 水桶 | C15: 130006
A16: Juicy 3 | B16: 果汁3 | C16: 130007
... A45: Remaining Card | B45: 记牌器3分钟 | C45: 150001
A46: Remaining Card | B46: 记牌器1个 | C46: 160001 | D46: 0.1
A47: FunEmoji-Heart | B47: 心-表情道具 | C47: 170001
A48: FunEmoji-Turtle | B48: 乌龟-表情道具 | C48: 170002
A49: FunEmoji-Like | B49: 赞-表情道具 | C49: 170003
A50: FunEmoji-Poo | B50: 便便-表情道具 | C50: 170004
A51: FunEmoji-Flower | B51: 花-表情道具 | C51: 170005
A52: FunEmoji-Candy | B52: 糖果-表情道具 | C52: 170006
A53: FunEmoji-Pumpkin | B53: 南瓜-表情道具 | C53: 170007
A54: Revive Ticket | B54: 大奖赛复活券 | C54: 171001 | D54: 0.5
A55: Register Ticket | B55: 大奖赛报名券 | C55: 171002 | D55: 0.1
A56: RaffleTicket | B56: pass抽奖券 | C56: 191001
A57: League xp +10% | B57: 联赛经验加成 | C57: 201001
A58: League xp +10% | B58: 联赛经验加成 | C58: 201002
A59: League xp +30% | B59: 联赛经验加成 | C59: 201003
A60: League xp +40% | B60: 联赛经验加成 | C60: 201004
A61: League xp +50% | B61: 联赛经验加成 | C61: 201005
A62: SlotTicket | B62: 老虎机抽奖券 | C62: 192001 | D62: 0.01
A63: 1 Star Pack | B63: 卡包1星 | C63: 100001 | D63: 0.1
A64: 2 Stars Pack | B64: 卡包2星 | C64: 100002 | D64: 0.2
A65: 3 Stars Pack | B65: 卡包3星 | C65: 100003 | D65: 0.3
A66: 4 Stars Pack | B66: 卡包4星 | C66: 100004 | D66: 0.4
A67: 5 Stars Pack | B67: 卡包5星 | C67: 100005 | D67: 0.5
A68: Ordinary Joker | B68: Joker Card1 | C68: 210006
A69: Gold Joker | B69: Joker Card2 | C69: 210007
A70: Fun Joker | B70: Joker Card3 | C70: 210008
A71: Super Joker | B71: Joker Card4 | C71: 210009
A72: 6 Stars Pack | B72: 卡包fun卡 | C72: 100006
B73: 1星卡包 | C73: 100001 | D73: 0.1
B74: 2星卡包 | C74: 100002 | D74: 0.2
B75: 3星卡包 | C75: 100003 | D75: 0.5
B76: 4星卡包 | C76: 100004 | D76: 1
B77: 5星卡包 | C77: 100005 | D77: 2
B78: 金币 | C78: 1
B79: 钻石 | C79: 2 | D79: 0.01
B80: 道具 | C80: 3
B81: 美金 | C81: 9
B82: 挖宝凿子 | C82: 213001 | D82: =[2]数值体验表!M4 -> 0.12

Sheet bet对应表
A1: Roomid | B1: 类型 | C1: bet | D1: 单局消耗金币 | E1: 单局消耗美金 | F1: 单局获得积分 | G1: 第1阶段单局获得弹球数 | H1: 第2阶段单局获得弹球数 | I1: 第3阶段单局获得弹球数 | J1: 单局获得美金 | K1: 单局消耗兑换比 | M1: 类型 | N1: type | O1: 抽成
A2: 1 | B2: 2 | C2: 10000 | D2: {=C2*INDEX(O:O,MATCH(B2,N:N,0))} -> 500 | E2: =D2/25000000 -> 2e-05 | F2: {=INDEX(QuestPickGet!I:I,MATCH(A2,QuestPickGet!C:C,0),0)} -> #N/A | G2: =F2/QuestGetLevel!$D$149 -> #N/A | H2: =G2/QuestGetLevel!$D$149 -> #N/A | I2: =H2/QuestGetLevel!$D$149 -> #N/A | J2: =G2*'数值体验表 '!$M$4 -> #N/A | K2: =J2/E2 -> #N/A | M2: 老虎机 | N2: 2 | O2: 0.05
A3: 2 | B3: 2 | C3: 30000 | D3: {=C3*INDEX(O:O,MATCH(B3,N:N,0))} -> 1500 | E3: =D3/25000000 -> 6e-05 | F3: {=INDEX(QuestPickGet!I:I,MATCH(A3,QuestPickGet!C:C,0),0)} -> #N/A | G3: =F3/QuestGetLevel!$D$149 -> #N/A | H3: =G3/QuestGetLevel!$D$149 -> #N/A | I3: =H3/QuestGetLevel!$D$149 -> #N/A | J3: =G3*'数值体验表 '!$M$4 -> #N/A | K3: =J3/E3 -> #N/A | M3: 打牌（翻倍） | N3: 1 | O3: 0.958
A4: 3 | B4: 2 | C4: 90000 | D4: {=C4*INDEX(O:O,MATCH(B4,N:N,0))} -> 4500 | E4: =D4/25000000 -> 0.00018 | F4: {=INDEX(QuestPickGet!I:I,MATCH(A4,QuestPickGet!C:C,0),0)} -> #N/A | G4: =F4/QuestGetLevel!$D$149 -> #N/A | H4: =G4/QuestGetLevel!$D$149 -> #N/A | I4: =H4/QuestGetLevel!$D$149 -> #N/A | J4: =G4*'数值体验表 '!$M$4 -> #N/A | K4: =J4/E4 -> #N/A | M4: 打牌（指数翻倍） | N4: 3 | O4: 16
A5: 4 | B5: 2 | C5: 100000 | D5: {=C5*INDEX(O:O,MATCH(B5,N:N,0))} -> 5000 | E5: =D5/25000000 -> 0.0002 | F5: {=INDEX(QuestPickGet!I:I,MATCH(A5,QuestPickGet!C:C,0),0)} -> #N/A | G5: =F5/QuestGetLevel!$D$149 -> #N/A | H5: =G5/QuestGetLevel!$D$149 -> #N/A | I5: =H5/QuestGetLevel!$D$149 -> #N/A | J5: =G5*'数值体验表 '!$M$4 -> #N/A | K5: =J5/E5 -> #N/A
A6: 5 | B6: 2 | C6: 150000 | D6: {=C6*INDEX(O:O,MATCH(B6,N:N,0))} -> 7500 | E6: =D6/25000000 -> 0.0003 | F6: {=INDEX(QuestPickGet!I:I,MATCH(A6,QuestPickGet!C:C,0),0)} -> #N/A | G6: =F6/QuestGetLevel!$D$149 -> #N/A | H6: =G6/QuestGetLevel!$D$149 -> #N/A | I6: =H6/QuestGetLevel!$D$149 -> #N/A | J6: =G6*'数值体验表 '!$M$4 -> #N/A | K6: =J6/E6 -> #N/A | M6: 单位金币
A7: 6 | B7: 2 | C7: 200000 | D7: {=C7*INDEX(O:O,MATCH(B7,N:N,0))} -> 10000 | E7: =D7/25000000 -> 0.0004 | F7: {=INDEX(QuestPickGet!I:I,MATCH(A7,QuestPickGet!C:C,0),0)} -> #N/A | G7: =F7/QuestGetLevel!$D$51 -> #N/A | H7: =ROUND(F7/QuestGetLevel!$D$149,4) -> #N/A | I7: =F7/QuestGetLevel!$D$274 -> #N/A | J7: =G7*'数值体验表 '!$M$11 -> #N/A | K7: =J7/E7 -> #N/A | M7: 1000000
A8: 7 | B8: 2 | C8: 300000 | D8: {=C8*INDEX(O:O,MATCH(B8,N:N,0))} -> 15000 | E8: =D8/25000000 -> 0.0006 | F8: {=INDEX(QuestPickGet!I:I,MATCH(A8,QuestPickGet!C:C,0),0)} -> #N/A | G8: =F8/QuestGetLevel!$D$51 -> #N/A | H8: =ROUND(F8/QuestGetLevel!$D$149,4) -> #N/A | I8: =F8/QuestGetLevel!$D$274 -> #N/A | J8: =G8*'数值体验表 '!$M$11 -> #N/A | K8: =J8/E8 -> #N/A
A9: 8 | B9: 2 | C9: 500000 | D9: {=C9*INDEX(O:O,MATCH(B9,N:N,0))} -> 25000 | E9: =D9/25000000 -> 0.001 | F9: {=INDEX(QuestPickGet!I:I,MATCH(A9,QuestPickGet!C:C,0),0)} -> #N/A | G9: =F9/QuestGetLevel!$D$51 -> #N/A | H9: =ROUND(F9/QuestGetLevel!$D$149,4) -> #N/A | I9: =F9/QuestGetLevel!$D$274 -> #N/A | J9: =G9*'数值体验表 '!$M$11 -> #N/A | K9: =J9/E9 -> #N/A
A10: 9 | B10: 2 | C10: 750000 | D10: {=C10*INDEX(O:O,MATCH(B10,N:N,0))} -> 37500 | E10: =D10/25000000 -> 0.0015 | F10: {=INDEX(QuestPickGet!I:I,MATCH(A10,QuestPickGet!C:C,0),0)} -> #N/A | G10: =F10/QuestGetLevel!$D$51 -> #N/A | H10: =ROUND(F10/QuestGetLevel!$D$149,4) -> #N/A | I10: =F10/QuestGetLevel!$D$274 -> #N/A | J10: =G10*'数值体验表 '!$M$11 -> #N/A | K10: =J10/E10 -> #N/A
A11: 10 | B11: 2 | C11: 1000000 | D11: {=C11*INDEX(O:O,MATCH(B11,N:N,0))} -> 50000 | E11: =D11/25000000 -> 0.002 | F11: {=INDEX(QuestPickGet!I:I,MATCH(A11,QuestPickGet!C:C,0),0)} -> #N/A | G11: =F11/QuestGetLevel!$D$51 -> #N/A | H11: =ROUND(F11/QuestGetLevel!$D$149,4) -> #N/A | I11: =F11/QuestGetLevel!$D$274 -> #N/A | J11: =G11*'数值体验表 '!$M$11 -> #N/A | K11: =J11/E11 -> #N/A
A12: 11 | B12: 2 | C12: 1500000 | D12: {=C12*INDEX(O:O,MATCH(B12,N:N,0))} -> 75000 | E12: =D12/25000000 -> 0.003 | F12: {=INDEX(QuestPickGet!I:I,MATCH(A12,QuestPickGet!C:C,0),0)} -> #N/A | G12: =F12/QuestGetLevel!$D$51 -> #N/A | H12: =ROUND(F12/QuestGetLevel!$D$149,4) -> #N/A | I12: =F12/QuestGetLevel!$D$274 -> #N/A | J12: =G12*'数值体验表 '!$M$11 -> #N/A | K12: =J12/E12 -> #N/A
A13: 12 | B13: 2 | C13: 2000000 | D13: {=C13*INDEX(O:O,MATCH(B13,N:N,0))} -> 100000 | E13: =D13/25000000 -> 0.004 | F13: {=INDEX(QuestPickGet!I:I,MATCH(A13,QuestPickGet!C:C,0),0)} -> #N/A | G13: =F13/QuestGetLevel!$D$51 -> #N/A | H13: =ROUND(F13/QuestGetLevel!$D$149,4) -> #N/A | I13: =F13/QuestGetLevel!$D$274 -> #N/A | J13: =G13*'数值体验表 '!$M$11 -> #N/A | K13: =J13/E13 -> #N/A
A14: 13 | B14: 2 | C14: 3000000 | D14: {=C14*INDEX(O:O,MATCH(B14,N:N,0))} -> 150000 | E14: =D14/25000000 -> 0.006 | F14: {=INDEX(QuestPickGet!I:I,MATCH(A14,QuestPickGet!C:C,0),0)} -> #N/A | G14: =F14/QuestGetLevel!$D$51 -> #N/A | H14: =ROUND(F14/QuestGetLevel!$D$149,4) -> #N/A | I14: =F14/QuestGetLevel!$D$274 -> #N/A | J14: =G14*'数值体验表 '!$M$11 -> #N/A | K14: =J14/E14 -> #N/A
A15: 14 | B15: 2 | C15: 4000000 | D15: {=C15*INDEX(O:O,MATCH(B15,N:N,0))} -> 200000 | E15: =D15/25000000 -> 0.008 | F15: {=INDEX(QuestPickGet!I:I,MATCH(A15,QuestPickGet!C:C,0),0)} -> #N/A | G15: =F15/QuestGetLevel!$D$51 -> #N/A | H15: =ROUND(F15/QuestGetLevel!$D$149,4) -> #N/A | I15: =F15/QuestGetLevel!$D$274 -> #N/A | J15: =G15*'数值体验表 '!$M$11 -> #N/A | K15: =J15/E15 -> #N/A
A16: 15 | B16: 2 | C16: 6000000 | D16: {=C16*INDEX(O:O,MATCH(B16,N:N,0))} -> 300000 | E16: =D16/25000000 -> 0.012 | F16: {=INDEX(QuestPickGet!I:I,MATCH(A16,QuestPickGet!C:C,0),0)} -> #N/A | G16: =F16/QuestGetLevel!$D$51 -> #N/A | H16: =ROUND(F16/QuestGetLevel!$D$149,4) -> #N/A | I16: =F16/QuestGetLevel!$D$274 -> #N/A | J16: =G16*'数值体验表 '!$M$11 -> #N/A | K16: =J16/E16 -> #N/A
A17: 16 | B17: 2 | C17: 9000000 | D17: {=C17*INDEX(O:O,MATCH(B17,N:N,0))} -> 450000 | E17: =D17/25000000 -> 0.018 | F17: {=INDEX(QuestPickGet!I:I,MATCH(A17,QuestPickGet!C:C,0),0)} -> #N/A | G17: =F17/QuestGetLevel!$D$51 -> #N/A | H17: =ROUND(F17/QuestGetLevel!$D$149,4) -> #N/A | I17: =F17/QuestGetLevel!$D$274 -> #N/A | J17: =G17*'数值体验表 '!$M$11 -> #N/A | K17: =J17/E17 -> #N/A
A18: 17 | B18: 2 | C18: 10000000 | D18: {=C18*INDEX(O:O,MATCH(B18,N:N,0))} -> 500000 | E18: =D18/25000000 -> 0.02 | F18: {=INDEX(QuestPickGet!I:I,MATCH(A18,QuestPickGet!C:C,0),0)} -> #N/A | G18: =F18/QuestGetLevel!$D$51 -> #N/A | H18: =ROUND(F18/QuestGetLevel!$D$149,4) -> #N/A | I18: =F18/QuestGetLevel!$D$274 -> #N/A | J18: =G18*'数值体验表 '!$M$11 -> #N/A | K18: =J18/E18 -> #N/A
A19: 18 | B19: 2 | C19: 12000000 | D19: {=C19*INDEX(O:O,MATCH(B19,N:N,0))} -> 600000 | E19: =D19/25000000 -> 0.024 | F19: {=INDEX(QuestPickGet!I:I,MATCH(A19,QuestPickGet!C:C,0),0)} -> #N/A | G19: =F19/QuestGetLevel!$D$51 -> #N/A | H19: =ROUND(F19/QuestGetLevel!$D$149,4) -> #N/A | I19: =F19/QuestGetLevel!$D$274 -> #N/A | J19: =G19*'数值体验表 '!$M$11 -> #N/A | K19: =J19/E19 -> #N/A
... A27: 26 | B27: 2 | C27: 150000000 | D27: {=C27*INDEX(O:O,MATCH(B27,N:N,0))} -> 7500000 | E27: =D27/25000000 -> 0.3 | F27: {=INDEX(QuestPickGet!I:I,MATCH(A27,QuestPickGet!C:C,0),0)} -> #N/A | G27: =F27/QuestGetLevel!$D$51 -> #N/A | H27: =ROUND(F27/QuestGetLevel!$D$149,4) -> #N/A | I27: =F27/QuestGetLevel!$D$274 -> #N/A | J27: =G27*'数值体验表 '!$M$11 -> #N/A | K27: =J27/E27 -> #N/A
A28: 27 | B28: 2 | C28: 180000000
A29: 28 | B29: 2 | C29: 225000000
A30: 29 | B30: 2 | C30: 300000000
A31: 30 | B31: 2 | C31: 350000000
A32: 31 | B32: 2 | C32: 400000000
A33: 32 | B33: 2 | C33: 500000000
A34: 33 | B34: 2 | C34: 750000000
A35: 34 | B35: 2 | C35: 1000000000
A36: 35 | B36: 2 | C36: 1250000000
A37: 36 | B37: 2 | C37: 1500000000
A38: 37 | B38: 2 | C38: 2000000000
A39: 38 | B39: 2 | C39: 5000000000

Sheet QuestPickGet
A1: Id | B1: questType | C1: bet | D1: Type | E1: BetId | F1: Probability | G1: Points | I1: ExpectPoint
A2: int_key | B2: int | C2: int | D2: int | E2: int | F2: int | G2: int | I2: int
A3: s | B3: s | C3: skip | D3: s | E3: s | F3: s | G3: s | I3: s
A4: ID | B4: 类型 1敲砖;2挖宝;3大富翁;4薯片活动;5幸运7;6弹球;7药水;8拳击;9宝藏矿工;二合 | C4: //房间bet | D4: 类型 1打牌 2老虎机 | E4: RoomId/BetIndex | F4: 掉落概率 | G4: 积分点数 | I4: 期望积分 | K4: 参考期望
A5: 1 | B5: 6 | C5: 10000 | D5: 2 | E5: 1 | F5: 0 | G5: =ROUND($G$20*(bet对应表!C2/bet对应表!$C$17),0) -> 422 | I5: =F5*G5 -> 0
A6: 2 | B6: 6 | C6: 30000 | D6: 2 | E6: 2 | F6: 0 | G6: =ROUND($G$20*(bet对应表!C3/bet对应表!$C$17),0) -> 1267 | I6: =F6*G6 -> 0
A7: 3 | B7: 6 | C7: 90000 | D7: 2 | E7: 3 | F7: 0 | G7: =ROUND($G$20*(bet对应表!C4/bet对应表!$C$17),0) -> 3800 | I7: =F7*G7 -> 0
A8: 4 | B8: 6 | C8: 100000 | D8: 2 | E8: 4 | F8: 0 | G8: =ROUND($G$20*(bet对应表!C5/bet对应表!$C$17),0) -> 4222 | I8: =F8*G8 -> 0
A9: 5 | B9: 6 | C9: 150000 | D9: 2 | E9: 5 | F9: 0 | G9: =ROUND($G$20*(bet对应表!C6/bet对应表!$C$17),0) -> 6333 | I9: =F9*G9 -> 0
A10: 6 | B10: 6 | C10: 200000 | D10: 2 | E10: 6 | F10: 0.02 | G10: =ROUND($G$20*(bet对应表!C7/bet对应表!$C$17)*($F$20/F10),0) -> 84444 | I10: =F10*G10 -> 1688.88 | K10: 30.4
A11: 7 | B11: 6 | C11: 300000 | D11: 2 | E11: 7 | F11: 0.02 | G11: =ROUND($G$20*(bet对应表!C8/bet对应表!$C$17)*($F$20/F11),0) -> 126667 | I11: =ROUND(F11*G11,0) -> 2533 | K11: 76
A12: 8 | B12: 6 | C12: 500000 | D12: 2 | E12: 8 | F12: 0.04 | G12: =ROUND($G$20*(bet对应表!C9/bet对应表!$C$17)*($F$20/F12),0) -> 105556 | I12: =ROUND(F12*G12,0) -> 4222 | K12: 152
A13: 9 | B13: 6 | C13: 750000 | D13: 2 | E13: 9 | F13: 0.06 | G13: =ROUND($G$20*(bet对应表!C10/bet对应表!$C$17)*($F$20/F13),0) -> 105556 | I13: =ROUND(F13*G13,0) -> 6333 | K13: 304
A14: 10 | B14: 6 | C14: 1000000 | D14: 2 | E14: 10 | F14: 0.08 | G14: =ROUND($G$20*(bet对应表!C11/bet对应表!$C$17)*($F$20/F14),0) -> 105556 | I14: =ROUND(F14*G14,0) -> 8444 | K14: 760
A15: 11 | B15: 6 | C15: 1500000 | D15: 2 | E15: 11 | F15: 0.1 | G15: =ROUND($G$20*(bet对应表!C12/bet对应表!$C$17)*($F$20/F15),0) -> 126667 | I15: =ROUND(F15*G15,0) -> 12667 | K15: 1520
A16: 12 | B16: 6 | C16: 2000000 | D16: 2 | E16: 12 | F16: 0.12 | G16: =ROUND($G$20*(bet对应表!C13/bet对应表!$C$17)*($F$20/F16),0) -> 140741 | I16: =ROUND(F16*G16,0) -> 16889 | K16: 3040
A17: 13 | B17: 6 | C17: 3000000 | D17: 2 | E17: 13 | F17: 0.14 | G17: =ROUND($G$20*(bet对应表!C14/bet对应表!$C$17)*($F$20/F17),0) -> 180952 | I17: =ROUND(F17*G17,0) -> 25333 | K17: 7600
A18: 14 | B18: 6 | C18: 4000000 | D18: 2 | E18: 14 | F18: 0.16 | G18: =ROUND($G$20*(bet对应表!C15/bet对应表!$C$17)*($F$20/F18),0) -> 211111 | I18: =ROUND(F18*G18,0) -> 33778 | K18: 15200
A19: 15 | B19: 6 | C19: 6000000 | D19: 2 | E19: 15 | F19: 0.18 | G19: =ROUND($G$20*(bet对应表!C16/bet对应表!$C$17)*($F$20/F19),0) -> 281481 | I19: =ROUND(F19*G19,0) -> 50667 | K19: 30400
A20: 16 | B20: 6 | C20: 9000000 | D20: 2 | E20: 16 | F20: 0.2 | G20: 380000 | I20: =F20*G20 -> 76000 | K20: 76000
A21: 17 | B21: 6 | C21: 10000000 | D21: 2 | E21: 17 | F21: 0.2 | G21: =K21/F21 -> 140 | I21: =F21*G21 -> 28 | K21: 28
A22: 18 | B22: 6 | C22: 12000000 | D22: 2 | E22: 18 | F22: 0.2 | G22: =K22/F22 -> 700 | I22: =F22*G22 -> 140 | K22: 140
A23: 19 | B23: 6 | C23: 15000000 | D23: 2 | E23: 19 | F23: 0.2 | G23: =K23/F23 -> 2800 | I23: =F23*G23 -> 560 | K23: 560
A24: 20 | B24: 6 | C24: 20000000 | D24: 2 | E24: 20 | F24: 1 | G24: =K24/F24 -> 2800 | I24: =F24*G24 -> 2800 | K24: 2800
A25: 21 | B25: 6 | C25: 30000000 | D25: 2 | E25: 21 | F25: 1 | G25: =K25/F25 -> 14000 | I25: =F25*G25 -> 14000 | K25: 14000
A26: 22 | B26: 6 | C26: 40000000 | D26: 2 | E26: 22 | F26: 1 | G26: =K26/F26 -> 56000 | I26: =F26*G26 -> 56000 | K26: 56000
A27: 23 | B27: 6 | C27: 60000000 | D27: 2 | E27: 23 | F27: 0.2 | G27: =K27/F27 -> 240 | I27: =F27*G27 -> 48 | K27: 48
A28: 24 | B28: 6 | C28: 90000000 | D28: 2 | E28: 24 | F28: 0.5 | G28: =K28/F28 -> 960 | I28: =F28*G28 -> 480 | K28: 480
A29: 25 | B29: 6 | C29: 100000000 | D29: 2 | E29: 25 | F29: 1 | G29: =K29/F29 -> 4800 | I29: =F29*G29 -> 4800 | K29: 4800
A30: 26 | B30: 6 | C30: 150000000 | D30: 2 | E30: 26 | F30: 1 | G30: =K30/F30 -> 24000 | I30: =F30*G30 -> 24000 | K30: 24000
A31: 27 | B31: 6 | C31: 180000000 | D31: 2 | E31: 27
A32: 28 | B32: 6 | C32: 225000000 | D32: 2 | E32: 28
A33: 29 | B33: 6 | C33: 300000000 | D33: 2 | E33: 29
A34: 30 | B34: 6 | C34: 350000000 | D34: 2 | E34: 30
A35: 31 | B35: 6 | C35: 400000000 | D35: 2 | E35: 31
A36: 32 | B36: 6 | C36: 500000000 | D36: 2 | E36: 32
A37: 33 | B37: 6 | C37: 750000000 | D37: 2 | E37: 33
A38: 34 | B38: 6 | C38: 1000000000 | D38: 2 | E38: 34
A39: 35 | B39: 6 | C39: 1250000000 | D39: 2 | E39: 35
A40: 36 | B40: 6 | C40: 1500000000 | D40: 2 | E40: 36
A41: 37 | B41: 6 | C41: 2000000000 | D41: 2 | E41: 37
A42: 38 | B42: 6 | C42: 5000000000 | D42: 2 | E42: 38

Sheet QuestGetLevel
A1: Id | B1: LevelPoints | C1: PickaxeNum | D1: ConversionRatio
A2: int_key | B2: int | C2: int | D2: int
A3: s | B3: s | C3: s | D3: s
A4: 关卡ID | B4: 升到下级积分数(升级后积分清0) | C4: 满级奖励弹球数 | D4: 标准积分球数转换比
A5: 1 | B5: 1000 | C5: 3 | D5: =B5/C5 -> 333.33333
A6: 2 | B6: 1000 | C6: 3 | D6: =B6/C6 -> 333.33333
A7: 3 | B7: 1000 | C7: 3 | D7: =B7/C7 -> 333.33333
A8: 4 | B8: 1000 | C8: 3 | D8: =B8/C8 -> 333.33333
A9: 5 | B9: 1000 | C9: 3 | D9: =B9/C9 -> 333.33333
A10: 6 | B10: 1000 | C10: 3 | D10: =B10/C10 -> 333.33333
A11: 7 | B11: 1000 | C11: 3 | D11: =B11/C11 -> 333.33333
A12: 8 | B12: 1000 | C12: 3 | D12: =B12/C12 -> 333.33333
A13: 9 | B13: 1000 | C13: 3 | D13: =B13/C13 -> 333.33333
A14: 10 | B14: 1000 | C14: 3 | D14: =B14/C14 -> 333.33333
A15: 11 | B15: 1500 | C15: 3 | D15: =B15/C15 -> 500
A16: 12 | B16: 1500 | C16: 3 | D16: =B16/C16 -> 500
... A99: 95 | B99: 5000 | C99: 3 | D99: =B99/C99 -> 1666.6667
A100: 96 | B100: =B95+500 -> 5500 | C100: 3 | D100: =B100/C100 -> 1833.3333
A101: 97 | B101: =B100 -> 5500 | C101: 3 | D101: =B101/C101 -> 1833.3333
A102: 98 | B102: =B100 -> 5500 | C102: 3 | D102: =B102/C102 -> 1833.3333
A103: 99 | B103: =B100 -> 5500 | C103: 3 | D103: =B103/C103 -> 1833.3333
A104: 100 | B104: =B100 -> 5500 | C104: 3 | D104: =B104/C104 -> 1833.3333
A105: 101 | B105: =B100+500 -> 6000 | C105: 3 | D105: =B105/C105 -> 2000
A106: 102 | B106: =B105 -> 6000 | C106: 3 | D106: =B106/C106 -> 2000
A107: 103 | B107: =B105 -> 6000 | C107: 3 | D107: =B107/C107 -> 2000
A108: 104 | B108: =B105 -> 6000 | C108: 3 | D108: =B108/C108 -> 2000
A109: 105 | B109: =B105 -> 6000 | C109: 3 | D109: =B109/C109 -> 2000
A110: 106 | B110: =B105+500 -> 6500 | C110: 3 | D110: =B110/C110 -> 2166.6667
A111: 107 | B111: =B110 -> 6500 | C111: 3 | D111: =B111/C111 -> 2166.6667
A112: 108 | B112: =B110 -> 6500 | C112: 3 | D112: =B112/C112 -> 2166.6667
A113: 109 | B113: =B110 -> 6500 | C113: 3 | D113: =B113/C113 -> 2166.6667
A114: 110 | B114: =B110 -> 6500 | C114: 3 | D114: =B114/C114 -> 2166.6667
A115: 111 | B115: =B110+500 -> 7000 | C115: 3 | D115: =B115/C115 -> 2333.3333
A116: 112 | B116: =B115 -> 7000 | C116: 3 | D116: =B116/C116 -> 2333.3333
A117: 113 | B117: =B115 -> 7000 | C117: 3 | D117: =B117/C117 -> 2333.3333
A118: 114 | B118: =B115 -> 7000 | C118: 3 | D118: =B118/C118 -> 2333.3333
A119: 115 | B119: =B115 -> 7000 | C119: 3 | D119: =B119/C119 -> 2333.3333
A120: 116 | B120: =B115+500 -> 7500 | C120: 3 | D120: =B120/C120 -> 2500
A121: 117 | B121: =B120 -> 7500 | C121: 3 | D121: =B121/C121 -> 2500
A122: 118 | B122: =B120 -> 7500 | C122: 3 | D122: =B122/C122 -> 2500
A123: 119 | B123: =B120 -> 7500 | C123: 3 | D123: =B123/C123 -> 2500
A124: 120 | B124: =B120 -> 7500 | C124: 3 | D124: =B124/C124 -> 2500
A125: 121 | B125: =B120+500 -> 8000 | C125: 3 | D125: =B125/C125 -> 2666.6667
A126: 122 | B126: =B125 -> 8000 | C126: 3 | D126: =B126/C126 -> 2666.6667
A127: 123 | B127: =B125 -> 8000 | C127: 3 | D127: =B127/C127 -> 2666.6667
A128: 124 | B128: =B125 -> 8000 | C128: 3 | D128: =B128/C128 -> 2666.6667
A129: 125 | B129: =B125 -> 8000 | C129: 3 | D129: =B129/C129 -> 2666.6667
A130: 126 | B130: =B125+500 -> 8500 | C130: 3 | D130: =B130/C130 -> 2833.3333
A131: 127 | B131: =B130 -> 8500 | C131: 3 | D131: =B131/C131 -> 2833.3333
A132: 128 | B132: =B130 -> 8500 | C132: 3 | D132: =B132/C132 -> 2833.3333
A133: 129 | B133: =B130 -> 8500 | C133: 3 | D133: =B133/C133 -> 2833.3333
A134: 130 | B134: =B130 -> 8500 | C134: 3 | D134: =B134/C134 -> 2833.3333
A135: 131 | B135: =B130+500 -> 9000 | C135: 3 | D135: =B135/C135 -> 3000
A136: 132 | B136: =B135 -> 9000 | C136: 3 | D136: =B136/C136 -> 3000
A137: 133 | B137: =B135 -> 9000 | C137: 3 | D137: =B137/C137 -> 3000
A138: 134 | B138: =B135 -> 9000 | C138: 3 | D138: =B138/C138 -> 3000
A139: 135 | B139: =B135 -> 9000 | C139: 3 | D139: =B139/C139 -> 3000
A140: 136 | B140: 9000 | C140: 3 | D140: =B140/C140 -> 3000
A141: 137 | B141: 9000 | C141: 3 | D141: =B141/C141 -> 3000
A142: 138 | B142: =B140 -> 9000 | C142: 3 | D142: =B142/C142 -> 3000
A143: 139 | B143: =B140 -> 9000 | C143: 3 | D143: =B143/C143 -> 3000
A144: 140 | B144: =B140 -> 9000 | C144: 3 | D144: =B144/C144 -> 3000
A145: 141 | B145: =B141 -> 9000 | C145: 3 | D145: =B145/C145 -> 3000
A146: 142 | B146: =B142 -> 9000 | C146: 3 | D146: =B146/C146 -> 3000
A147: 143 | B147: =B143 -> 9000 | C147: 3 | D147: =B147/C147 -> 3000
A148: 144 | B148: =B144 -> 9000 | C148: 3 | D148: =B148/C148 -> 3000
A149: 145 | B149: 9000 | C149: 3 | D149: =B149/C149 -> 3000
A150: 146 | B150: =B146 -> 9000 | C150: 3 | D150: =B150/C150 -> 3000
A151: 147 | B151: =B147 -> 9000 | C151: 3 | D151: =B151/C151 -> 3000
A152: 148 | B152: =B148 -> 9000 | C152: 3 | D152: =B152/C152 -> 3000
A153: 149 | B153: =B149 -> 9000 | C153: 3 | D153: =B153/C153 -> 3000
A154: 150 | B154: =B150 -> 9000 | C154: 3 | D154: =B154/C154 -> 3000
A155: 151 | B155: =B151 -> 9000 | C155: 3 | D155: =B155/C155 -> 3000
A156: 152 | B156: =B152 -> 9000 | C156: 3 | D156: =B156/C156 -> 3000
A157: 153 | B157: =B153 -> 9000 | C157: 3 | D157: =B157/C157 -> 3000
A158: 154 | B158: =B154 -> 9000 | C158: 3 | D158: =B158/C158 -> 3000
A159: 155 | B159: =B155 -> 9000 | C159: 3 | D159: =B159/C159 -> 3000
A160: 156 | B160: =B156 -> 9000 | C160: 3 | D160: =B160/C160 -> 3000
A161: 157 | B161: =B157 -> 9000 | C161: 3 | D161: =B161/C161 -> 3000
... A164: 160 | B164: =B160 -> 9000 | C164: 3 | D164: =B164/C164 -> 3000
A165: 161 | B165: =B145+500 -> 9500 | C165: 3 | D165: =B165/C165 -> 3166.6667
A166: 162 | B166: =B165 -> 9500 | C166: 3 | D166: =B166/C166 -> 3166.6667
A167: 163 | B167: =B165 -> 9500 | C167: 3 | D167: =B167/C167 -> 3166.6667
A168: 164 | B168: =B165 -> 9500 | C168: 3 | D168: =B168/C168 -> 3166.6667
A169: 165 | B169: =B165 -> 9500 | C169: 3 | D169: =B169/C169 -> 3166.6667
A170: 166 | B170: =B165+500 -> 10000 | C170: 3 | D170: =B170/C170 -> 3333.3333
A171: 167 | B171: =B170 -> 10000 | C171: 3 | D171: =B171/C171 -> 3333.3333
A172: 168 | B172: =B170 -> 10000 | C172: 3 | D172: =B172/C172 -> 3333.3333
A173: 169 | B173: =B170 -> 10000 | C173: 3 | D173: =B173/C173 -> 3333.3333
A174: 170 | B174: =B170 -> 10000 | C174: 3 | D174: =B174/C174 -> 3333.3333
A175: 171 | B175: =B170+500 -> 10500 | C175: 3 | D175: =B175/C175 -> 3500
A176: 172 | B176: =B175 -> 10500 | C176: 3 | D176: =B176/C176 -> 3500
A177: 173 | B177: =B175 -> 10500 | C177: 3 | D177: =B177/C177 -> 3500
A178: 174 | B178: =B175 -> 10500 | C178: 3 | D178: =B178/C178 -> 3500
A179: 175 | B179: =B175 -> 10500 | C179: 3 | D179: =B179/C179 -> 3500
A180: 176 | B180: =B175+500 -> 11000 | C180: 3 | D180: =B180/C180 -> 3666.6667
A181: 177 | B181: =B180 -> 11000 | C181: 3 | D181: =B181/C181 -> 3666.6667
A182: 178 | B182: =B180 -> 11000 | C182: 3 | D182: =B182/C182 -> 3666.6667
A183: 179 | B183: =B180 -> 11000 | C183: 3 | D183: =B183/C183 -> 3666.6667
A184: 180 | B184: =B180 -> 11000 | C184: 3 | D184: =B184/C184 -> 3666.6667
...

Sheet QuestPlinkoStageReward
A1: StageId | B1: LevelId | C1: desc | D1: PassPoints | E1: AdjustFrameId | F1: AdjustCondition | G1: MaxAdjustTimes | H1: RewardItemType_3_0 | I1: RewardItemIds_3_0 | J1: RewardItemCount_3_0 | K1: RewardItemType_3_1 | L1: RewardItemIds_3_1 | M1: RewardItemCount_3_1 | N1: RewardItemType_3_2 | O1: RewardItemIds_3_2 | P1: RewardItemCount_3_2
A2: int | B2: int | C2: string | D2: uint | E2: int | F2: int | G2: int | H2: int | I2: uint | J2: int | K2: int | L2: uint | M2: int | N2: int | O2: uint | P2: int
A3: s | B3: cs | C3: cs | D3: cs | E3: cs | F3: cs | G3: cs | H3: cs | I3: cs | J3: cs | K3: cs | L3: cs | M3: cs | N3: cs | O3: cs | P3: cs
A4: 地图Id | B4: 下落球落栏倍率 | C4: skip | D4: 通关点数 | E4: 调控目标FrameId，参照QuestPlinkoWeight的frameWeightAry数组的Index | F4: 大奖调控（连续数次不中后触发500点数大奖） | G4: 最大调控触发次数（每关中调控最多触发的次数） | H4: 奖励类型 1金币 2钻石 3道具 18加成金币 | I4: 奖励物品ID1 1金币 2钻石 3物品id | J4: 奖励数量1 | K4: 奖励类型 1金币 2钻石 3道具 18加成金币 | L4: 奖励物品ID2 1金币 2钻石 3物品id | M4: 奖励数量2 | N4: 奖励类型 1金币 2钻石 3道具 18加成金币 | O4: 奖励物品ID3 1金币 2钻石 3物品id | P4: 奖励数量3
A5: 0 | B5: -1 | C5: 第一轮额外奖励 | D5: 0 | E5: 6 | F5: 0 | G5: 0 | H5: 18 | I5: 1 | J5: 210000000 | K5: 3 | L5: 10000 | M5: 360
A6: 0 | B6: 0 | C6: 第一轮第1关奖励 | D6: 60 | E6: 6 | F6: 0 | G6: 0 | H6: 18 | I6: 1 | J6: 7500000 | K6: 3 | L6: 10000 | M6: 15
A7: 0 | B7: 1 | C7: 第一轮第2关奖励 | D7: 125 | E7: 6 | F7: 0 | G7: 0 | H7: 18 | I7: 1 | J7: 11500000 | K7: 3 | L7: 10000 | M7: 20
A8: 0 | B8: 2 | C8: 第一轮第3关奖励 | D8: 250 | E8: 6 | F8: 0 | G8: 0 | H8: 18 | I8: 1 | J8: 15000000 | K8: 3 | L8: 10000 | M8: 25
A9: 0 | B9: 3 | C9: 第一轮第4关奖励 | D9: 500 | E9: 6 | F9: 0 | G9: 0 | H9: 18 | I9: 1 | J9: 22500000 | K9: 3 | L9: 10000 | M9: 40
A10: 0 | B10: 4 | C10: 第一轮第5关奖励 | D10: 1000 | E10: 6 | F10: 10 | G10: 1 | H10: 18 | I10: 1 | J10: 33500000 | K10: 3 | L10: 10000 | M10: 60
A11: 0 | B11: 5 | C11: 第一轮第6关奖励 | D11: 1750 | E11: 6 | F11: 0 | G11: 0 | H11: 18 | I11: 1 | J11: 48500000 | K11: 3 | L11: 10000 | M11: 85
A12: 0 | B12: 6 | C12: 第一轮第7关奖励 | D12: 2500 | E12: 6 | F12: 20 | G12: 1 | H12: 18 | I12: 1 | J12: 67500000 | K12: 3 | L12: 10000 | M12: 115
A13: 0 | B13: 7 | C13: 第一轮第8关奖励 | D13: 3500 | E13: 6 | F13: 30 | G13: 1 | H13: 18 | I13: 1 | J13: 93500000 | K13: 3 | L13: 10000 | M13: 160
A14: 1 | B14: -1 | C14: 第二轮额外奖励 | D14: 0 | E14: 6 | F14: 0 | G14: 0 | H14: 18 | I14: 1 | J14: 227500000 | K14: 3 | L14: 10000 | M14: 390
A15: 1 | B15: 0 | C15: 第二轮第1关奖励 | D15: 65 | E15: 6 | F15: 0 | G15: 0 | H15: 18 | I15: 1 | J15: 8000000 | K15: 3 | L15: 10000 | M15: 15
A16: 1 | B16: 1 | C16: 第二轮第2关奖励 | D16: 140 | E16: 6 | F16: 0 | G16: 0 | H16: 18 | I16: 1 | J16: 12500000 | K16: 3 | L16: 10000 | M16: 20
... A31: 2 | B31: 7 | C31: 第三轮第8关奖励 | D31: 4500 | E31: 6 | F31: 80 | G31: 1 | H31: 18 | I31: 1 | J31: 110000000 | K31: 3 | L31: 10000 | M31: 200
