Workbook

Sheet frenzy进度
A1: 档位 | B1: 价格 | C1: 金币 | D1: 等价物 | E1: 进度金币 | F1: 进度等价物 | G1: 付费美金 | H1: 进度美金 | I1: 合计 | J1: 总折扣 | K1: 进度折扣 | M1: 价格 | N1: 金币 | O1: 单位金币 | P1: 单位钻石
A2: 1 | B2: 1.99 | C2: 172000000 | D2: 200 | E2: 86400000 | F2: 0 | G2: =C2/$O$2 -> 10.14163 | H2: =E2/$O$2+F2/$P$2 -> 5.0944 | I2: =(C2+E2)/$O$2+D2/$P$2 -> 17.23603 | J2: =I2/B2 -> 8.6613214 | K2: =H2/G2 -> 0.50232558 | M2: 1.99 | N2: 33750000 | O2: =N2/M2 -> 16959799 | P2: 100
A3: 2 | B3: 2.99 | C3: 259000000 | D3: 800 | E3: 860000000 | F3: 0 | G3: =C3/$O$2 -> 15.271407 | H3: =E3/$O$2+F3/$P$2 -> 50.708148 | I3: =(C3+E3)/$O$2+D3/$P$2 -> 73.979556 | J3: =I3/B3 -> 24.742326 | K3: =H3/G3 -> 3.3204633
A4: 3 | B4: 9.99 | C4: 648000000 | D4: 1200 | E4: 0 | F4: 5000 | G4: =C4/$O$2 -> 38.208 | H4: =E4/$O$2+F4/$P$2 -> 50 | I4: =(C4+E4)/$O$2+D4/$P$2 -> 50.208 | J4: =I4/B4 -> 5.0258258 | K4: =H4/G4 -> 1.3086265

Sheet TreasureHuntReward
A1: Id | B1: Group | C1: Type | D1: ItemIDgp | E1: ItemIDiap | F1: Money | G1: Sort | H1: exp | I1: RewardType1 | J1: RewardItem1 | K1: RewardCount1 | L1: RewardType2 | M1: RewardItem2 | N1: RewardCount2 | O1: RewardType3 | P1: RewardItem3 | Q1: RewardCount3 | R1: RewardType4 | S1: RewardItem4 | T1: RewardCount4
A2: int_key | B2: int | C2: int | D2: string | E2: string | F2: int | G2: int | H2: int | I2: int | J2: uint | K2: int | L2: int | M2: uint | N2: int | O2: int | P2: uint | Q2: int | R2: int | S2: uint | T2: int
A3: cs | B3: cs | C3: cs | D3: cs | E3: cs | F3: cs | G3: cs | H3: cs | I3: cs | J3: cs | K3: cs | L3: cs | M3: cs | N3: cs | O3: cs | P3: cs | Q3: cs | R3: cs | S3: cs | T3: cs
A4: 唯一索引 | B4: 分组定价 | C4: 1.free 2.购买项 | D4: 谷歌订单号 | E4: 苹果订单号 | F4: 价格 | G4: 排序 | H4: 经验 | I4: 奖励类型 1金币 2钻石 3道具 4卡包 9美金(查表) 17美金金币 | J4: 奖励物品ID1 1金币 2钻石 3物品id | K4: 奖励数量1 | L4: =I4 -> 奖励类型 1金币 2钻石 3道具 4卡包 9美金(查表) 17美金金币 | M4: =J4 -> 奖励物品ID1 1金币 2钻石 3物品id | N4: =K4 -> 奖励数量1 | O4: =L4 -> 奖励类型 1金币 2钻石 3道具 4卡包 9美金(查表) 17美金金币 | P4: =M4 -> 奖励物品ID1 1金币 2钻石 3物品id | Q4: =N4 -> 奖励数量1 | R4: =O4 -> 奖励类型 1金币 2钻石 3道具 4卡包 9美金(查表) 17美金金币 | S4: =P4 -> 奖励物品ID1 1金币 2钻石 3物品id | T4: =Q4 -> 奖励数量1
A5: 2001 | B5: 1 | C5: 2 | D5: =IFERROR(_xlfn.IFNA(VLOOKUP(ROUND(F5,0),道具!$B$271:$C$295,2,FALSE),""),"") -> gp_hunt_1 | E5: =IFERROR(_xlfn.IFNA(VLOOKUP(ROUND(F5,0),道具!$B$296:$C$320,2,FALSE),""),"") -> iap_hunt_1 | F5: =IF(转换!B3>0,转换!B3*100,"") -> 299 | G5: 2 | H5: ='体验表-带进度条'!R3 -> 10 | I5: =转换!I3 -> 9 | J5: =IF(I5=17,1,IF(I5=9,1,IF(转换!I3>0,VLOOKUP(转换!H3,道具!B:C,2,FALSE),""))) -> 1 | K5: =IF(转换!I3=17,ROUND(转换!J3*100/转换!$U$2,0),IF(转换!I3=9,F5,转换!J3)) -> 299
A6: 2002 | B6: 1 | C6: 2 | D6: =IFERROR(_xlfn.IFNA(VLOOKUP(ROUND(F6,0),道具!$B$271:$C$295,2,FALSE),""),"") -> gp_hunt_2 | E6: =IFERROR(_xlfn.IFNA(VLOOKUP(ROUND(F6,0),道具!$B$296:$C$320,2,FALSE),""),"") -> iap_hunt_2 | F6: =IF(转换!B9>0,转换!B9*100,"") -> 399 | G6: 8 | H6: ='体验表-带进度条'!R9 -> 25 | I6: =转换!I9 -> 9 | J6: =IF(I6=17,1,IF(I6=9,1,IF(转换!I9>0,VLOOKUP(转换!H9,道具!B:C,2,FALSE),""))) -> 1 | K6: =IF(转换!I9=17,ROUND(转换!J9*100/转换!$U$2,0),IF(转换!I9=9,F6,转换!J9)) -> 399
A7: 2003 | B7: 1 | C7: 2 | D7: =IFERROR(_xlfn.IFNA(VLOOKUP(ROUND(F7,0),道具!$B$271:$C$295,2,FALSE),""),"") -> gp_hunt_599 | E7: =IFERROR(_xlfn.IFNA(VLOOKUP(ROUND(F7,0),道具!$B$296:$C$320,2,FALSE),""),"") -> iap_hunt_599 | F7: =IF(转换!B15>0,转换!B15*100,"") -> 599 | G7: 14 | H7: ='体验表-带进度条'!R15 -> 35 | I7: =转换!I15 -> 9 | J7: =IF(I7=17,1,IF(I7=9,1,IF(转换!I15>0,VLOOKUP(转换!H15,道具!B:C,2,FALSE),""))) -> 1 | K7: =IF(转换!I15=17,ROUND(转换!J15*100/转换!$U$2,0),IF(转换!I15=9,F7,转换!J15)) -> 599
A8: 2004 | B8: 1 | C8: 2 | D8: =IFERROR(_xlfn.IFNA(VLOOKUP(ROUND(F8,0),道具!$B$271:$C$295,2,FALSE),""),"") -> gp_hunt_699 | E8: =IFERROR(_xlfn.IFNA(VLOOKUP(ROUND(F8,0),道具!$B$296:$C$320,2,FALSE),""),"") -> iap_hunt_699 | F8: =IF(转换!B21>0,转换!B21*100,"") -> 699 | G8: 20 | H8: ='体验表-带进度条'!R21 -> 0 | I8: =转换!I21 -> 9 | J8: =IF(I8=17,1,IF(I8=9,1,IF(转换!I21>0,VLOOKUP(转换!H21,道具!B:C,2,FALSE),""))) -> 1 | K8: =IF(转换!I21=17,ROUND(转换!J21*100/转换!$U$2,0),IF(转换!I21=9,F8,转换!J21)) -> 699
A9: 2005 | B9: 1 | C9: 2 | D9: =IFERROR(_xlfn.IFNA(VLOOKUP(ROUND(F9,0),道具!$B$271:$C$295,2,FALSE),""),"") -> gp_hunt_3 | E9: =IFERROR(_xlfn.IFNA(VLOOKUP(ROUND(F9,0),道具!$B$296:$C$320,2,FALSE),""),"") -> iap_hunt_3 | F9: =IF(转换!B27>0,转换!B27*100,"") -> 799 | G9: 26 | H9: ='体验表-带进度条'!R27 -> 10 | I9: =转换!I27 -> 9 | J9: =IF(I9=17,1,IF(I9=9,1,IF(转换!I27>0,VLOOKUP(转换!H27,道具!B:C,2,FALSE),""))) -> 1 | K9: =IF(转换!I27=17,ROUND(转换!J27*100/转换!$U$2,0),IF(转换!I27=9,F9,转换!J27)) -> 799
A10: 2006 | B10: 1 | C10: 2 | D10: =IFERROR(_xlfn.IFNA(VLOOKUP(ROUND(F10,0),道具!$B$271:$C$295,2,FALSE),""),"") -> gp_hunt_4 | E10: =IFERROR(_xlfn.IFNA(VLOOKUP(ROUND(F10,0),道具!$B$296:$C$320,2,FALSE),""),"") -> iap_hunt_4 | F10: =IF(转换!B33>0,转换!B33*100,"") -> 899 | G10: 32 | H10: ='体验表-带进度条'!R33 -> 25 | I10: =转换!I33 -> 9 | J10: =IF(I10=17,1,IF(I10=9,1,IF(转换!I33>0,VLOOKUP(转换!H33,道具!B:C,2,FALSE),""))) -> 1 | K10: =IF(转换!I33=17,ROUND(转换!J33*100/转换!$U$2,0),IF(转换!I33=9,F10,转换!J33)) -> 899
A11: 2007 | B11: 1 | C11: 2 | D11: =IFERROR(_xlfn.IFNA(VLOOKUP(ROUND(F11,0),道具!$B$271:$C$295,2,FALSE),""),"") -> gp_hunt_999 | E11: =IFERROR(_xlfn.IFNA(VLOOKUP(ROUND(F11,0),道具!$B$296:$C$320,2,FALSE),""),"") -> iap_hunt_999 | F11: =IF(转换!B39>0,转换!B39*100,"") -> 999 | G11: 38 | H11: ='体验表-带进度条'!R39 -> 35 | I11: =转换!I39 -> 9 | J11: =IF(I11=17,1,IF(I11=9,1,IF(转换!I39>0,VLOOKUP(转换!H39,道具!B:C,2,FALSE),""))) -> 1 | K11: =IF(转换!I39=17,ROUND(转换!J39*100/转换!$U$2,0),IF(转换!I39=9,F11,转换!J39)) -> 999
A12: 1001 | B12: 1 | C12: 1 | D12: =IFERROR(_xlfn.IFNA(VLOOKUP(ROUND(F12,0),道具!$B$271:$C$295,2,FALSE),""),"") | E12: =IFERROR(_xlfn.IFNA(VLOOKUP(ROUND(F12,0),道具!$B$296:$C$320,2,FALSE),""),"") | F12: =IF(转换!B2>0,转换!B2*100,"") | G12: 1 | H12: ='体验表-带进度条'!R2 -> 20 | I12: =转换!I2 -> 1 | J12: =IF(I12=17,1,IF(I12=9,1,IF(转换!I2>0,VLOOKUP(转换!H2,道具!B:C,2,FALSE),""))) -> 1 | K12: =IF(转换!I2=17,ROUND(转换!J2*100/转换!$U$2,0),IF(转换!I2=9,F12,转换!J2)) -> 5000
A13: 1002 | B13: 1 | C13: 1 | D13: =IFERROR(_xlfn.IFNA(VLOOKUP(ROUND(F13,0),道具!$B$271:$C$295,2,FALSE),""),"") | E13: =IFERROR(_xlfn.IFNA(VLOOKUP(ROUND(F13,0),道具!$B$296:$C$320,2,FALSE),""),"") | F13: =IF(转换!B4>0,转换!B4*100,"") | G13: 3 | H13: ='体验表-带进度条'!R4 -> 0 | I13: =转换!I4 -> 3 | J13: =IF(I13=17,1,IF(I13=9,1,IF(转换!I4>0,VLOOKUP(转换!H4,道具!B:C,2,FALSE),""))) -> 160001 | K13: =IF(转换!I4=17,ROUND(转换!J4*100/转换!$U$2,0),IF(转换!I4=9,F13,转换!J4)) -> 1
A14: 1003 | B14: 1 | C14: 1 | D14: =IFERROR(_xlfn.IFNA(VLOOKUP(ROUND(F14,0),道具!$B$271:$C$295,2,FALSE),""),"") | E14: =IFERROR(_xlfn.IFNA(VLOOKUP(ROUND(F14,0),道具!$B$296:$C$320,2,FALSE),""),"") | F14: =IF(转换!B5>0,转换!B5*100,"") | G14: 4 | H14: ='体验表-带进度条'!R5 -> 0 | I14: =转换!I5 -> 17 | J14: =IF(I14=17,1,IF(I14=9,1,IF(转换!I5>0,VLOOKUP(转换!H5,道具!B:C,2,FALSE),""))) -> 1 | K14: =IF(转换!I5=17,ROUND(转换!J5*100/转换!$U$2,0),IF(转换!I5=9,F14,转换!J5)) -> 90
A15: 1004 | B15: 1 | C15: 1 | D15: =IFERROR(_xlfn.IFNA(VLOOKUP(ROUND(F15,0),道具!$B$271:$C$295,2,FALSE),""),"") | E15: =IFERROR(_xlfn.IFNA(VLOOKUP(ROUND(F15,0),道具!$B$296:$C$320,2,FALSE),""),"") | F15: =IF(转换!B6>0,转换!B6*100,"") | G15: 5 | H15: ='体验表-带进度条'!R6 -> 10 | I15: =转换!I6 -> 4 | J15: =IF(I15=17,1,IF(I15=9,1,IF(转换!I6>0,VLOOKUP(转换!H6,道具!B:C,2,FALSE),""))) -> 100002 | K15: =IF(转换!I6=17,ROUND(转换!J6*100/转换!$U$2,0),IF(转换!I6=9,F15,转换!J6)) -> 1
A16: 1005 | B16: 1 | C16: 1 | D16: =IFERROR(_xlfn.IFNA(VLOOKUP(ROUND(F16,0),道具!$B$271:$C$295,2,FALSE),""),"") | E16: =IFERROR(_xlfn.IFNA(VLOOKUP(ROUND(F16,0),道具!$B$296:$C$320,2,FALSE),""),"") | F16: =IF(转换!B7>0,转换!B7*100,"") | G16: 6 | H16: ='体验表-带进度条'!R7 -> 0 | I16: =转换!I7 -> 3 | J16: =IF(I16=17,1,IF(I16=9,1,IF(转换!I7>0,VLOOKUP(转换!H7,道具!B:C,2,FALSE),""))) -> 192001 | K16: =IF(转换!I7=17,ROUND(转换!J7*100/转换!$U$2,0),IF(转换!I7=9,F16,转换!J7)) -> 5
A17: 1006 | B17: 1 | C17: 1 | D17: =IFERROR(_xlfn.IFNA(VLOOKUP(ROUND(F17,0),道具!$B$271:$C$295,2,FALSE),""),"") | E17: =IFERROR(_xlfn.IFNA(VLOOKUP(ROUND(F17,0),道具!$B$296:$C$320,2,FALSE),""),"") | F17: =IF(转换!B8>0,转换!B8*100,"") | G17: 7 | H17: ='体验表-带进度条'!R8 -> 0 | I17: =转换!I8 -> 3 | J17: =IF(I17=17,1,IF(I17=9,1,IF(转换!I8>0,VLOOKUP(转换!H8,道具!B:C,2,FALSE),""))) -> 171001 | K17: =IF(转换!I8=17,ROUND(转换!J8*100/转换!$U$2,0),IF(转换!I8=9,F17,转换!J8)) -> 1
A18: 1007 | B18: 1 | C18: 1 | D18: =IFERROR(_xlfn.IFNA(VLOOKUP(ROUND(F18,0),道具!$B$271:$C$295,2,FALSE),""),"") | E18: =IFERROR(_xlfn.IFNA(VLOOKUP(ROUND(F18,0),道具!$B$296:$C$320,2,FALSE),""),"") | F18: =IF(转换!B10>0,转换!B10*100,"") | G18: 9 | H18: ='体验表-带进度条'!R10 -> 0 | I18: =转换!I10 -> 3 | J18: =IF(I18=17,1,IF(I18=9,1,IF(转换!I10>0,VLOOKUP(转换!H10,道具!B:C,2,FALSE),""))) -> 160001 | K18: =IF(转换!I10=17,ROUND(转换!J10*100/转换!$U$2,0),IF(转换!I10=9,F18,转换!J10)) -> 2
A19: 1008 | B19: 1 | C19: 1 | D19: =IFERROR(_xlfn.IFNA(VLOOKUP(ROUND(F19,0),道具!$B$271:$C$295,2,FALSE),""),"") | E19: =IFERROR(_xlfn.IFNA(VLOOKUP(ROUND(F19,0),道具!$B$296:$C$320,2,FALSE),""),"") | F19: =IF(转换!B11>0,转换!B11*100,"") | G19: 10 | H19: ='体验表-带进度条'!R11 -> 0 | I19: =转换!I11 -> 17 | J19: =IF(I19=17,1,IF(I19=9,1,IF(转换!I11>0,VLOOKUP(转换!H11,道具!B:C,2,FALSE),""))) -> 1 | K19: =IF(转换!I11=17,ROUND(转换!J11*100/转换!$U$2,0),IF(转换!I11=9,F19,转换!J11)) -> 18
A20: 1009 | B20: 1 | C20: 1 | D20: =IFERROR(_xlfn.IFNA(VLOOKUP(ROUND(F20,0),道具!$B$271:$C$295,2,FALSE),""),"") | E20: =IFERROR(_xlfn.IFNA(VLOOKUP(ROUND(F20,0),道具!$B$296:$C$320,2,FALSE),""),"") | F20: =IF(转换!B12>0,转换!B12*100,"") | G20: 11 | H20: ='体验表-带进度条'!R12 -> 0 | I20: =转换!I12 -> 4 | J20: =IF(I20=17,1,IF(I20=9,1,IF(转换!I12>0,VLOOKUP(转换!H12,道具!B:C,2,FALSE),""))) -> 100003 | K20: =IF(转换!I12=17,ROUND(转换!J12*100/转换!$U$2,0),IF(转换!I12=9,F20,转换!J12)) -> 1
A21: 1010 | B21: 1 | C21: 1 | D21: =IFERROR(_xlfn.IFNA(VLOOKUP(ROUND(F21,0),道具!$B$271:$C$295,2,FALSE),""),"") | E21: =IFERROR(_xlfn.IFNA(VLOOKUP(ROUND(F21,0),道具!$B$296:$C$320,2,FALSE),""),"") | F21: =IF(转换!B13>0,转换!B13*100,"") | G21: 12 | H21: ='体验表-带进度条'!R13 -> 0 | I21: =转换!I13 -> 3 | J21: =IF(I21=17,1,IF(I21=9,1,IF(转换!I13>0,VLOOKUP(转换!H13,道具!B:C,2,FALSE),""))) -> 192001 | K21: =IF(转换!I13=17,ROUND(转换!J13*100/转换!$U$2,0),IF(转换!I13=9,F21,转换!J13)) -> 10
A22: 1011 | B22: 1 | C22: 1 | D22: =IFERROR(_xlfn.IFNA(VLOOKUP(ROUND(F22,0),道具!$B$271:$C$295,2,FALSE),""),"") | E22: =IFERROR(_xlfn.IFNA(VLOOKUP(ROUND(F22,0),道具!$B$296:$C$320,2,FALSE),""),"") | F22: =IF(转换!B14>0,转换!B14*100,"") | G22: 13 | H22: ='体验表-带进度条'!R14 -> 0 | I22: =转换!I14 -> 3 | J22: =IF(I22=17,1,IF(I22=9,1,IF(转换!I14>0,VLOOKUP(转换!H14,道具!B:C,2,FALSE),""))) -> 171002 | K22: =IF(转换!I14=17,ROUND(转换!J14*100/转换!$U$2,0),IF(转换!I14=9,F22,转换!J14)) -> 1
A23: 1012 | B23: 1 | C23: 1 | D23: =IFERROR(_xlfn.IFNA(VLOOKUP(ROUND(F23,0),道具!$B$271:$C$295,2,FALSE),""),"") | E23: =IFERROR(_xlfn.IFNA(VLOOKUP(ROUND(F23,0),道具!$B$296:$C$320,2,FALSE),""),"") | F23: =IF(转换!B16>0,转换!B16*100,"") | G23: 15 | H23: ='体验表-带进度条'!R16 -> 0 | I23: =转换!I16 -> 3 | J23: =IF(I23=17,1,IF(I23=9,1,IF(转换!I16>0,VLOOKUP(转换!H16,道具!B:C,2,FALSE),""))) -> 160001 | K23: =IF(转换!I16=17,ROUND(转换!J16*100/转换!$U$2,0),IF(转换!I16=9,F23,转换!J16)) -> 3
A24: 1013 | B24: 1 | C24: 1 | D24: =IFERROR(_xlfn.IFNA(VLOOKUP(ROUND(F24,0),道具!$B$271:$C$295,2,FALSE),""),"") | E24: =IFERROR(_xlfn.IFNA(VLOOKUP(ROUND(F24,0),道具!$B$296:$C$320,2,FALSE),""),"") | F24: =IF(转换!B17>0,转换!B17*100,"") | G24: 16 | H24: ='体验表-带进度条'!R17 -> 0 | I24: =转换!I17 -> 17 | J24: =IF(I24=17,1,IF(I24=9,1,IF(转换!I17>0,VLOOKUP(转换!H17,道具!B:C,2,FALSE),""))) -> 1 | K24: =IF(转换!I17=17,ROUND(转换!J17*100/转换!$U$2,0),IF(转换!I17=9,F24,转换!J17)) -> 45
A25: 1014 | B25: 1 | C25: 1 | D25: =IFERROR(_xlfn.IFNA(VLOOKUP(ROUND(F25,0),道具!$B$271:$C$295,2,FALSE),""),"") | E25: =IFERROR(_xlfn.IFNA(VLOOKUP(ROUND(F25,0),道具!$B$296:$C$320,2,FALSE),""),"") | F25: =IF(转换!B18>0,转换!B18*100,"") | G25: 17 | H25: ='体验表-带进度条'!R18 -> 25 | I25: =转换!I18 -> 4 | J25: =IF(I25=17,1,IF(I25=9,1,IF(转换!I18>0,VLOOKUP(转换!H18,道具!B:C,2,FALSE),""))) -> 100004 | K25: =IF(转换!I18=17,ROUND(转换!J18*100/转换!$U$2,0),IF(转换!I18=9,F25,转换!J18)) -> 1
A26: 1015 | B26: 1 | C26: 1 | D26: =IFERROR(_xlfn.IFNA(VLOOKUP(ROUND(F26,0),道具!$B$271:$C$295,2,FALSE),""),"") | E26: =IFERROR(_xlfn.IFNA(VLOOKUP(ROUND(F26,0),道具!$B$296:$C$320,2,FALSE),""),"") | F26: =IF(转换!B19>0,转换!B19*100,"") | G26: 18 | H26: ='体验表-带进度条'!R19 -> 0 | I26: =转换!I19 -> 3 | J26: =IF(I26=17,1,IF(I26=9,1,IF(转换!I19>0,VLOOKUP(转换!H19,道具!B:C,2,FALSE),""))) -> 192001 | K26: =IF(转换!I19=17,ROUND(转换!J19*100/转换!$U$2,0),IF(转换!I19=9,F26,转换!J19)) -> 15
A27: 1016 | B27: 1 | C27: 1 | D27: =IFERROR(_xlfn.IFNA(VLOOKUP(ROUND(F27,0),道具!$B$271:$C$295,2,FALSE),""),"") | E27: =IFERROR(_xlfn.IFNA(VLOOKUP(ROUND(F27,0),道具!$B$296:$C$320,2,FALSE),""),"") | F27: =IF(转换!B20>0,转换!B20*100,"") | G27: 19 | H27: ='体验表-带进度条'!R20 -> 0 | I27: =转换!I20 -> 3 | J27: =IF(I27=17,1,IF(I27=9,1,IF(转换!I20>0,VLOOKUP(转换!H20,道具!B:C,2,FALSE),""))) -> 171001 | K27: =IF(转换!I20=17,ROUND(转换!J20*100/转换!$U$2,0),IF(转换!I20=9,F27,转换!J20)) -> 1
A28: 1017 | B28: 1 | C28: 1 | D28: =IFERROR(_xlfn.IFNA(VLOOKUP(ROUND(F28,0),道具!$B$271:$C$295,2,FALSE),""),"") | E28: =IFERROR(_xlfn.IFNA(VLOOKUP(ROUND(F28,0),道具!$B$296:$C$320,2,FALSE),""),"") | F28: =IF(转换!B22>0,转换!B22*100,"") | G28: 21 | H28: ='体验表-带进度条'!R22 -> 0 | I28: =转换!I22 -> 3 | J28: =IF(I28=17,1,IF(I28=9,1,IF(转换!I22>0,VLOOKUP(转换!H22,道具!B:C,2,FALSE),""))) -> 160001 | K28: =IF(转换!I22=17,ROUND(转换!J22*100/转换!$U$2,0),IF(转换!I22=9,F28,转换!J22)) -> 4
A29: 1018 | B29: 1 | C29: 1 | D29: =IFERROR(_xlfn.IFNA(VLOOKUP(ROUND(F29,0),道具!$B$271:$C$295,2,FALSE),""),"") | E29: =IFERROR(_xlfn.IFNA(VLOOKUP(ROUND(F29,0),道具!$B$296:$C$320,2,FALSE),""),"") | F29: =IF(转换!B23>0,转换!B23*100,"") | G29: 22 | H29: ='体验表-带进度条'!R23 -> 0 | I29: =转换!I23 -> 17 | J29: =IF(I29=17,1,IF(I29=9,1,IF(转换!I23>0,VLOOKUP(转换!H23,道具!B:C,2,FALSE),""))) -> 1 | K29: =IF(转换!I23=17,ROUND(转换!J23*100/转换!$U$2,0),IF(转换!I23=9,F29,转换!J23)) -> 72
A30: 1019 | B30: 1 | C30: 1 | D30: =IFERROR(_xlfn.IFNA(VLOOKUP(ROUND(F30,0),道具!$B$271:$C$295,2,FALSE),""),"") | E30: =IFERROR(_xlfn.IFNA(VLOOKUP(ROUND(F30,0),道具!$B$296:$C$320,2,FALSE),""),"") | F30: =IF(转换!B24>0,转换!B24*100,"") | G30: 23 | H30: ='体验表-带进度条'!R24 -> 15 | I30: =转换!I24 -> 4 | J30: =IF(I30=17,1,IF(I30=9,1,IF(转换!I24>0,VLOOKUP(转换!H24,道具!B:C,2,FALSE),""))) -> 100004 | K30: =IF(转换!I24=17,ROUND(转换!J24*100/转换!$U$2,0),IF(转换!I24=9,F30,转换!J24)) -> 1
A31: 1020 | B31: 1 | C31: 1 | D31: =IFERROR(_xlfn.IFNA(VLOOKUP(ROUND(F31,0),道具!$B$271:$C$295,2,FALSE),""),"") | E31: =IFERROR(_xlfn.IFNA(VLOOKUP(ROUND(F31,0),道具!$B$296:$C$320,2,FALSE),""),"") | F31: =IF(转换!B25>0,转换!B25*100,"") | G31: 24 | H31: ='体验表-带进度条'!R25 -> 0 | I31: =转换!I25 -> 3 | J31: =IF(I31=17,1,IF(I31=9,1,IF(转换!I25>0,VLOOKUP(转换!H25,道具!B:C,2,FALSE),""))) -> 192001 | K31: =IF(转换!I25=17,ROUND(转换!J25*100/转换!$U$2,0),IF(转换!I25=9,F31,转换!J25)) -> 20
A32: 1021 | B32: 1 | C32: 1 | D32: =IFERROR(_xlfn.IFNA(VLOOKUP(ROUND(F32,0),道具!$B$271:$C$295,2,FALSE),""),"") | E32: =IFERROR(_xlfn.IFNA(VLOOKUP(ROUND(F32,0),道具!$B$296:$C$320,2,FALSE),""),"") | F32: =IF(转换!B26>0,转换!B26*100,"") | G32: 25 | H32: ='体验表-带进度条'!R26 -> 0 | I32: =转换!I26 -> 3 | J32: =IF(I32=17,1,IF(I32=9,1,IF(转换!I26>0,VLOOKUP(转换!H26,道具!B:C,2,FALSE),""))) -> 171002 | K32: =IF(转换!I26=17,ROUND(转换!J26*100/转换!$U$2,0),IF(转换!I26=9,F32,转换!J26)) -> 1
A33: 1022 | B33: 1 | C33: 1 | D33: =IFERROR(_xlfn.IFNA(VLOOKUP(ROUND(F33,0),道具!$B$271:$C$295,2,FALSE),""),"") | E33: =IFERROR(_xlfn.IFNA(VLOOKUP(ROUND(F33,0),道具!$B$296:$C$320,2,FALSE),""),"") | F33: =IF(转换!B28>0,转换!B28*100,"") | G33: 27 | H33: ='体验表-带进度条'!R28 -> 0 | I33: =转换!I28 -> 3 | J33: =IF(I33=17,1,IF(I33=9,1,IF(转换!I28>0,VLOOKUP(转换!H28,道具!B:C,2,FALSE),""))) -> 160001 | K33: =IF(转换!I28=17,ROUND(转换!J28*100/转换!$U$2,0),IF(转换!I28=9,F33,转换!J28)) -> 5
A34: 1023 | B34: 1 | C34: 1 | D34: =IFERROR(_xlfn.IFNA(VLOOKUP(ROUND(F34,0),道具!$B$271:$C$295,2,FALSE),""),"") | E34: =IFERROR(_xlfn.IFNA(VLOOKUP(ROUND(F34,0),道具!$B$296:$C$320,2,FALSE),""),"") | F34: =IF(转换!B29>0,转换!B29*100,"") | G34: 28 | H34: ='体验表-带进度条'!R29 -> 0 | I34: =转换!I29 -> 17 | J34: =IF(I34=17,1,IF(I34=9,1,IF(转换!I29>0,VLOOKUP(转换!H29,道具!B:C,2,FALSE),""))) -> 1 | K34: =IF(转换!I29=17,ROUND(转换!J29*100/转换!$U$2,0),IF(转换!I29=9,F34,转换!J29)) -> 36
A35: 1024 | B35: 1 | C35: 1 | D35: =IFERROR(_xlfn.IFNA(VLOOKUP(ROUND(F35,0),道具!$B$271:$C$295,2,FALSE),""),"") | E35: =IFERROR(_xlfn.IFNA(VLOOKUP(ROUND(F35,0),道具!$B$296:$C$320,2,FALSE),""),"") | F35: =IF(转换!B30>0,转换!B30*100,"") | G35: 29 | H35: ='体验表-带进度条'!R30 -> 25 | I35: =转换!I30 -> 4 | J35: =IF(I35=17,1,IF(I35=9,1,IF(转换!I30>0,VLOOKUP(转换!H30,道具!B:C,2,FALSE),""))) -> 100005 | K35: =IF(转换!I30=17,ROUND(转换!J30*100/转换!$U$2,0),IF(转换!I30=9,F35,转换!J30)) -> 1
A36: 1025 | B36: 1 | C36: 1 | D36: =IFERROR(_xlfn.IFNA(VLOOKUP(ROUND(F36,0),道具!$B$271:$C$295,2,FALSE),""),"") | E36: =IFERROR(_xlfn.IFNA(VLOOKUP(ROUND(F36,0),道具!$B$296:$C$320,2,FALSE),""),"") | F36: =IF(转换!B31>0,转换!B31*100,"") | G36: 30 | H36: ='体验表-带进度条'!R31 -> 0 | I36: =转换!I31 -> 3 | J36: =IF(I36=17,1,IF(I36=9,1,IF(转换!I31>0,VLOOKUP(转换!H31,道具!B:C,2,FALSE),""))) -> 192001 | K36: =IF(转换!I31=17,ROUND(转换!J31*100/转换!$U$2,0),IF(转换!I31=9,F36,转换!J31)) -> 25
A37: 1026 | B37: 1 | C37: 1 | D37: =IFERROR(_xlfn.IFNA(VLOOKUP(ROUND(F37,0),道具!$B$271:$C$295,2,FALSE),""),"") | E37: =IFERROR(_xlfn.IFNA(VLOOKUP(ROUND(F37,0),道具!$B$296:$C$320,2,FALSE),""),"") | F37: =IF(转换!B32>0,转换!B32*100,"") | G37: 31 | H37: ='体验表-带进度条'!R32 -> 0 | I37: =转换!I32 -> 3 | J37: =IF(I37=17,1,IF(I37=9,1,IF(转换!I32>0,VLOOKUP(转换!H32,道具!B:C,2,FALSE),""))) -> 171001 | K37: =IF(转换!I32=17,ROUND(转换!J32*100/转换!$U$2,0),IF(转换!I32=9,F37,转换!J32)) -> 1
A38: 1027 | B38: 1 | C38: 1 | D38: =IFERROR(_xlfn.IFNA(VLOOKUP(ROUND(F38,0),道具!$B$271:$C$295,2,FALSE),""),"") | E38: =IFERROR(_xlfn.IFNA(VLOOKUP(ROUND(F38,0),道具!$B$296:$C$320,2,FALSE),""),"") | F38: =IF(转换!B34>0,转换!B34*100,"") | G38: 33 | H38: ='体验表-带进度条'!R34 -> 0 | I38: =转换!I34 -> 3 | J38: =IF(I38=17,1,IF(I38=9,1,IF(转换!I34>0,VLOOKUP(转换!H34,道具!B:C,2,FALSE),""))) -> 160001 | K38: =IF(转换!I34=17,ROUND(转换!J34*100/转换!$U$2,0),IF(转换!I34=9,F38,转换!J34)) -> 6
A39: 1028 | B39: 1 | C39: 1 | D39: =IFERROR(_xlfn.IFNA(VLOOKUP(ROUND(F39,0),道具!$B$271:$C$295,2,FALSE),""),"") | E39: =IFERROR(_xlfn.IFNA(VLOOKUP(ROUND(F39,0),道具!$B$296:$C$320,2,FALSE),""),"") | F39: =IF(转换!B35>0,转换!B35*100,"") | G39: 34 | H39: ='体验表-带进度条'!R35 -> 0 | I39: =转换!I35 -> 17 | J39: =IF(I39=17,1,IF(I39=9,1,IF(转换!I35>0,VLOOKUP(转换!H35,道具!B:C,2,FALSE),""))) -> 1 | K39: =IF(转换!I35=17,ROUND(转换!J35*100/转换!$U$2,0),IF(转换!I35=9,F39,转换!J35)) -> 108
A40: 1029 | B40: 1 | C40: 1 | D40: =IFERROR(_xlfn.IFNA(VLOOKUP(ROUND(F40,0),道具!$B$271:$C$295,2,FALSE),""),"") | E40: =IFERROR(_xlfn.IFNA(VLOOKUP(ROUND(F40,0),道具!$B$296:$C$320,2,FALSE),""),"") | F40: =IF(转换!B36>0,转换!B36*100,"") | G40: 35 | H40: ='体验表-带进度条'!R36 -> 15 | I40: =转换!I36 -> 4 | J40: =IF(I40=17,1,IF(I40=9,1,IF(转换!I36>0,VLOOKUP(转换!H36,道具!B:C,2,FALSE),""))) -> 100005 | K40: =IF(转换!I36=17,ROUND(转换!J36*100/转换!$U$2,0),IF(转换!I36=9,F40,转换!J36)) -> 1
A41: 1030 | B41: 1 | C41: 1 | D41: =IFERROR(_xlfn.IFNA(VLOOKUP(ROUND(F41,0),道具!$B$271:$C$295,2,FALSE),""),"") | E41: =IFERROR(_xlfn.IFNA(VLOOKUP(ROUND(F41,0),道具!$B$296:$C$320,2,FALSE),""),"") | F41: =IF(转换!B37>0,转换!B37*100,"") | G41: 36 | H41: ='体验表-带进度条'!R37 -> 0 | I41: =转换!I37 -> 3 | J41: =IF(I41=17,1,IF(I41=9,1,IF(转换!I37>0,VLOOKUP(转换!H37,道具!B:C,2,FALSE),""))) -> 192001 | K41: =IF(转换!I37=17,ROUND(转换!J37*100/转换!$U$2,0),IF(转换!I37=9,F41,转换!J37)) -> 30
A42: 1031 | B42: 1 | C42: 1 | D42: =IFERROR(_xlfn.IFNA(VLOOKUP(ROUND(F42,0),道具!$B$271:$C$295,2,FALSE),""),"") | E42: =IFERROR(_xlfn.IFNA(VLOOKUP(ROUND(F42,0),道具!$B$296:$C$320,2,FALSE),""),"") | F42: =IF(转换!B38>0,转换!B38*100,"") | G42: 37 | H42: ='体验表-带进度条'!R38 -> 0 | I42: =转换!I38 -> 3 | J42: =IF(I42=17,1,IF(I42=9,1,IF(转换!I38>0,VLOOKUP(转换!H38,道具!B:C,2,FALSE),""))) -> 171002 | K42: =IF(转换!I38=17,ROUND(转换!J38*100/转换!$U$2,0),IF(转换!I38=9,F42,转换!J38)) -> 1
A43: 1032 | B43: 1 | C43: 1 | D43: =IFERROR(_xlfn.IFNA(VLOOKUP(ROUND(F43,0),道具!$B$271:$C$295,2,FALSE),""),"") | E43: =IFERROR(_xlfn.IFNA(VLOOKUP(ROUND(F43,0),道具!$B$296:$C$320,2,FALSE),""),"") | F43: =IF(转换!B40>0,转换!B40*100,"") | G43: 39 | H43: ='体验表-带进度条'!R40 -> 0 | I43: =转换!I40 -> 3 | J43: =IF(I43=17,1,IF(I43=9,1,IF(转换!I40>0,VLOOKUP(转换!H40,道具!B:C,2,FALSE),""))) -> 160001 | K43: =IF(转换!I40=17,ROUND(转换!J40*100/转换!$U$2,0),IF(转换!I40=9,F43,转换!J40)) -> 7
A44: 1033 | B44: 1 | C44: 1 | D44: =IFERROR(_xlfn.IFNA(VLOOKUP(ROUND(F44,0),道具!$B$271:$C$295,2,FALSE),""),"") | E44: =IFERROR(_xlfn.IFNA(VLOOKUP(ROUND(F44,0),道具!$B$296:$C$320,2,FALSE),""),"") | F44: =IF(转换!B41>0,转换!B41*100,"") | G44: 40 | H44: ='体验表-带进度条'!R41 -> 0 | I44: =转换!I41 -> 17 | J44: =IF(I44=17,1,IF(I44=9,1,IF(转换!I41>0,VLOOKUP(转换!H41,道具!B:C,2,FALSE),""))) -> 1 | K44: =IF(转换!I41=17,ROUND(转换!J41*100/转换!$U$2,0),IF(转换!I41=9,F44,转换!J41)) -> 108
A45: 1034 | B45: 1 | C45: 1 | D45: =IFERROR(_xlfn.IFNA(VLOOKUP(ROUND(F45,0),道具!$B$271:$C$295,2,FALSE),""),"") | E45: =IFERROR(_xlfn.IFNA(VLOOKUP(ROUND(F45,0),道具!$B$296:$C$320,2,FALSE),""),"") | F45: =IF(转换!B42>0,转换!B42*100,"") | G45: 41 | H45: ='体验表-带进度条'!R42 -> 50 | I45: =转换!I42 -> 4 | J45: =IF(I45=17,1,IF(I45=9,1,IF(转换!I42>0,VLOOKUP(转换!H42,道具!B:C,2,FALSE),""))) -> 100006 | K45: =IF(转换!I42=17,ROUND(转换!J42*100/转换!$U$2,0),IF(转换!I42=9,F45,转换!J42)) -> 1
A46: 1035 | B46: 1 | C46: 1 | D46: =IFERROR(_xlfn.IFNA(VLOOKUP(ROUND(F46,0),道具!$B$271:$C$295,2,FALSE),""),"") | E46: =IFERROR(_xlfn.IFNA(VLOOKUP(ROUND(F46,0),道具!$B$296:$C$320,2,FALSE),""),"") | F46: =IF(转换!B43>0,转换!B43*100,"") | G46: 42 | H46: ='体验表-带进度条'!R43 -> 0 | I46: =转换!I43 -> 3 | J46: =IF(I46=17,1,IF(I46=9,1,IF(转换!I43>0,VLOOKUP(转换!H43,道具!B:C,2,FALSE),""))) -> 192001 | K46: =IF(转换!I43=17,ROUND(转换!J43*100/转换!$U$2,0),IF(转换!I43=9,F46,转换!J43)) -> 35
A47: 1036 | B47: 1 | C47: 1 | D47: =IFERROR(_xlfn.IFNA(VLOOKUP(ROUND(F47,0),道具!$B$271:$C$295,2,FALSE),""),"") | E47: =IFERROR(_xlfn.IFNA(VLOOKUP(ROUND(F47,0),道具!$B$296:$C$320,2,FALSE),""),"") | F47: =IF(转换!B44>0,转换!B44*100,"") | G47: 43 | H47: ='体验表-带进度条'!R44 -> 0 | I47: =转换!I44 -> 3 | J47: =IF(I47=17,1,IF(I47=9,1,IF(转换!I44>0,VLOOKUP(转换!H44,道具!B:C,2,FALSE),""))) -> 171001 | K47: =IF(转换!I44=17,ROUND(转换!J44*100/转换!$U$2,0),IF(转换!I44=9,F47,转换!J44)) -> 1
A48: =IF(C48=1,1001+COUNTIF($C$5:C47,1),2001+COUNTIF($C$5:C47,2)) -> 2008 | B48: 1 | C48: 2 | D48: =IFERROR(_xlfn.IFNA(VLOOKUP(ROUND(F48,0),道具!$B$271:$C$295,2,FALSE),""),"") -> gp_hunt_599 | E48: =IFERROR(_xlfn.IFNA(VLOOKUP(ROUND(F48,0),道具!$B$296:$C$320,2,FALSE),""),"") -> iap_hunt_599 | F48: =IF(转换!B46>0,转换!B46*100,"") -> 599 | G48: 2 | H48: ='体验表-带进度条'!R46 -> 10 | I48: =转换!I46 -> 9 | J48: =IF(I48=17,1,IF(I48=9,1,IF(转换!I46>0,VLOOKUP(转换!H46,道具!B:C,2,FALSE),""))) -> 1 | K48: =IF(转换!I46=17,ROUND(转换!J46*100/转换!$U$2,0),IF(转换!I46=9,F48,转换!J46)) -> 599
A49: =IF(C49=1,1001+COUNTIF($C$5:C48,1),2001+COUNTIF($C$5:C48,2)) -> 2009 | B49: 1 | C49: 2 | D49: =IFERROR(_xlfn.IFNA(VLOOKUP(ROUND(F49,0),道具!$B$271:$C$295,2,FALSE),""),"") -> gp_hunt_3 | E49: =IFERROR(_xlfn.IFNA(VLOOKUP(ROUND(F49,0),道具!$B$296:$C$320,2,FALSE),""),"") -> iap_hunt_3 | F49: =IF(转换!B52>0,转换!B52*100,"") -> 799 | G49: 8 | H49: ='体验表-带进度条'!R52 -> 25 | I49: =转换!I52 -> 9 | J49: =IF(I49=17,1,IF(I49=9,1,IF(转换!I52>0,VLOOKUP(转换!H52,道具!B:C,2,FALSE),""))) -> 1 | K49: =IF(转换!I52=17,ROUND(转换!J52*100/转换!$U$2,0),IF(转换!I52=9,F49,转换!J52)) -> 799
A50: =IF(C50=1,1001+COUNTIF($C$5:C49,1),2001+COUNTIF($C$5:C49,2)) -> 2010 | B50: 1 | C50: 2 | D50: =IFERROR(_xlfn.IFNA(VLOOKUP(ROUND(F50,0),道具!$B$271:$C$295,2,FALSE),""),"") -> gp_hunt_999 | E50: =IFERROR(_xlfn.IFNA(VLOOKUP(ROUND(F50,0),道具!$B$296:$C$320,2,FALSE),""),"") -> iap_hunt_999 | F50: =IF(转换!B58>0,转换!B58*100,"") -> 999 | G50: 14 | H50: ='体验表-带进度条'!R58 -> 35 | I50: =转换!I58 -> 9 | J50: =IF(I50=17,1,IF(I50=9,1,IF(转换!I58>0,VLOOKUP(转换!H58,道具!B:C,2,FALSE),""))) -> 1 | K50: =IF(转换!I58=17,ROUND(转换!J58*100/转换!$U$2,0),IF(转换!I58=9,F50,转换!J58)) -> 999
A51: =IF(C51=1,1001+COUNTIF($C$5:C50,1),2001+COUNTIF($C$5:C50,2)) -> 2011 | B51: 1 | C51: 2 | D51: =IFERROR(_xlfn.IFNA(VLOOKUP(ROUND(F51,0),道具!$B$271:$C$295,2,FALSE),""),"") -> gp_hunt_5 | E51: =IFERROR(_xlfn.IFNA(VLOOKUP(ROUND(F51,0),道具!$B$296:$C$320,2,FALSE),""),"") -> iap_hunt_5 | F51: =IF(转换!B64>0,转换!B64*100,"") -> 1299 | G51: 20 | H51: ='体验表-带进度条'!R64 -> 0 | I51: =转换!I64 -> 9 | J51: =IF(I51=17,1,IF(I51=9,1,IF(转换!I64>0,VLOOKUP(转换!H64,道具!B:C,2,FALSE),""))) -> 1 | K51: =IF(转换!I64=17,ROUND(转换!J64*100/转换!$U$2,0),IF(转换!I64=9,F51,转换!J64)) -> 1299
A52: =IF(C52=1,1001+COUNTIF($C$5:C51,1),2001+COUNTIF($C$5:C51,2)) -> 2012 | B52: 1 | C52: 2 | D52: =IFERROR(_xlfn.IFNA(VLOOKUP(ROUND(F52,0),道具!$B$271:$C$295,2,FALSE),""),"") -> gp_hunt_6 | E52: =IFERROR(_xlfn.IFNA(VLOOKUP(ROUND(F52,0),道具!$B$296:$C$320,2,FALSE),""),"") -> iap_hunt_6 | F52: =IF(转换!B70>0,转换!B70*100,"") -> 1499 | G52: 26 | H52: ='体验表-带进度条'!R70 -> 10 | I52: =转换!I70 -> 9 | J52: =IF(I52=17,1,IF(I52=9,1,IF(转换!I70>0,VLOOKUP(转换!H70,道具!B:C,2,FALSE),""))) -> 1 | K52: =IF(转换!I70=17,ROUND(转换!J70*100/转换!$U$2,0),IF(转换!I70=9,F52,转换!J70)) -> 1499
A53: =IF(C53=1,1001+COUNTIF($C$5:C52,1),2001+COUNTIF($C$5:C52,2)) -> 2013 | B53: 1 | C53: 2 | D53: =IFERROR(_xlfn.IFNA(VLOOKUP(ROUND(F53,0),道具!$B$271:$C$295,2,FALSE),""),"") -> gp_hunt_1799 | E53: =IFERROR(_xlfn.IFNA(VLOOKUP(ROUND(F53,0),道具!$B$296:$C$320,2,FALSE),""),"") -> iap_hunt_1799 | F53: =IF(转换!B76>0,转换!B76*100,"") -> 1799 | G53: 32 | H53: ='体验表-带进度条'!R76 -> 25 | I53: =转换!I76 -> 9 | J53: =IF(I53=17,1,IF(I53=9,1,IF(转换!I76>0,VLOOKUP(转换!H76,道具!B:C,2,FALSE),""))) -> 1 | K53: =IF(转换!I76=17,ROUND(转换!J76*100/转换!$U$2,0),IF(转换!I76=9,F53,转换!J76)) -> 1799
A54: =IF(C54=1,1001+COUNTIF($C$5:C53,1),2001+COUNTIF($C$5:C53,2)) -> 2014 | B54: 1 | C54: 2 | D54: =IFERROR(_xlfn.IFNA(VLOOKUP(ROUND(F54,0),道具!$B$271:$C$295,2,FALSE),""),"") -> gp_hunt_1999 | E54: =IFERROR(_xlfn.IFNA(VLOOKUP(ROUND(F54,0),道具!$B$296:$C$320,2,FALSE),""),"") -> iap_hunt_1999 | F54: =IF(转换!B82>0,转换!B82*100,"") -> 1999 | G54: 38 | H54: ='体验表-带进度条'!R82 -> 35 | I54: =转换!I82 -> 9 | J54: =IF(I54=17,1,IF(I54=9,1,IF(转换!I82>0,VLOOKUP(转换!H82,道具!B:C,2,FALSE),""))) -> 1 | K54: =IF(转换!I82=17,ROUND(转换!J82*100/转换!$U$2,0),IF(转换!I82=9,F54,转换!J82)) -> 1999
A55: =IF(C55=1,1001+COUNTIF($C$5:C54,1),2001+COUNTIF($C$5:C54,2)) -> 1037 | B55: 1 | C55: 1 | D55: =IFERROR(_xlfn.IFNA(VLOOKUP(ROUND(F55,0),道具!$B$271:$C$295,2,FALSE),""),"") | E55: =IFERROR(_xlfn.IFNA(VLOOKUP(ROUND(F55,0),道具!$B$296:$C$320,2,FALSE),""),"") | F55: =IF(转换!B45>0,转换!B45*100,"") | G55: 1 | H55: ='体验表-带进度条'!R45 -> 20 | I55: =转换!I45 -> 1 | J55: =IF(I55=17,1,IF(I55=9,1,IF(转换!I45>0,VLOOKUP(转换!H45,道具!B:C,2,FALSE),""))) -> 1 | K55: =IF(转换!I45=17,ROUND(转换!J45*100/转换!$U$2,0),IF(转换!I45=9,F55,转换!J45)) -> 5000
A56: =IF(C56=1,1001+COUNTIF($C$5:C55,1),2001+COUNTIF($C$5:C55,2)) -> 1038 | B56: 1 | C56: 1 | D56: =IFERROR(_xlfn.IFNA(VLOOKUP(ROUND(F56,0),道具!$B$271:$C$295,2,FALSE),""),"") | E56: =IFERROR(_xlfn.IFNA(VLOOKUP(ROUND(F56,0),道具!$B$296:$C$320,2,FALSE),""),"") | F56: =IF(转换!B47>0,转换!B47*100,"") | G56: 3 | H56: ='体验表-带进度条'!R47 -> 0 | I56: =转换!I47 -> 3 | J56: =IF(I56=17,1,IF(I56=9,1,IF(转换!I47>0,VLOOKUP(转换!H47,道具!B:C,2,FALSE),""))) -> 160001 | K56: =IF(转换!I47=17,ROUND(转换!J47*100/转换!$U$2,0),IF(转换!I47=9,F56,转换!J47)) -> 1
A57: =IF(C57=1,1001+COUNTIF($C$5:C56,1),2001+COUNTIF($C$5:C56,2)) -> 1039 | B57: 1 | C57: 1 | D57: =IFERROR(_xlfn.IFNA(VLOOKUP(ROUND(F57,0),道具!$B$271:$C$295,2,FALSE),""),"") | E57: =IFERROR(_xlfn.IFNA(VLOOKUP(ROUND(F57,0),道具!$B$296:$C$320,2,FALSE),""),"") | F57: =IF(转换!B48>0,转换!B48*100,"") | G57: 4 | H57: ='体验表-带进度条'!R48 -> 0 | I57: =转换!I48 -> 17 | J57: =IF(I57=17,1,IF(I57=9,1,IF(转换!I48>0,VLOOKUP(转换!H48,道具!B:C,2,FALSE),""))) -> 1 | K57: =IF(转换!I48=17,ROUND(转换!J48*100/转换!$U$2,0),IF(转换!I48=9,F57,转换!J48)) -> 201
A58: =IF(C58=1,1001+COUNTIF($C$5:C57,1),2001+COUNTIF($C$5:C57,2)) -> 1040 | B58: 1 | C58: 1 | D58: =IFERROR(_xlfn.IFNA(VLOOKUP(ROUND(F58,0),道具!$B$271:$C$295,2,FALSE),""),"") | E58: =IFERROR(_xlfn.IFNA(VLOOKUP(ROUND(F58,0),道具!$B$296:$C$320,2,FALSE),""),"") | F58: =IF(转换!B49>0,转换!B49*100,"") | G58: 5 | H58: ='体验表-带进度条'!R49 -> 10 | I58: =转换!I49 -> 4 | J58: =IF(I58=17,1,IF(I58=9,1,IF(转换!I49>0,VLOOKUP(转换!H49,道具!B:C,2,FALSE),""))) -> 100002 | K58: =IF(转换!I49=17,ROUND(转换!J49*100/转换!$U$2,0),IF(转换!I49=9,F58,转换!J49)) -> 1
A59: =IF(C59=1,1001+COUNTIF($C$5:C58,1),2001+COUNTIF($C$5:C58,2)) -> 1041 | B59: 1 | C59: 1 | D59: =IFERROR(_xlfn.IFNA(VLOOKUP(ROUND(F59,0),道具!$B$271:$C$295,2,FALSE),""),"") | E59: =IFERROR(_xlfn.IFNA(VLOOKUP(ROUND(F59,0),道具!$B$296:$C$320,2,FALSE),""),"") | F59: =IF(转换!B50>0,转换!B50*100,"") | G59: 6 | H59: ='体验表-带进度条'!R50 -> 0 | I59: =转换!I50 -> 3 | J59: =IF(I59=17,1,IF(I59=9,1,IF(转换!I50>0,VLOOKUP(转换!H50,道具!B:C,2,FALSE),""))) -> 192001 | K59: =IF(转换!I50=17,ROUND(转换!J50*100/转换!$U$2,0),IF(转换!I50=9,F59,转换!J50)) -> 5
A60: =IF(C60=1,1001+COUNTIF($C$5:C59,1),2001+COUNTIF($C$5:C59,2)) -> 1042 | B60: 1 | C60: 1 | D60: =IFERROR(_xlfn.IFNA(VLOOKUP(ROUND(F60,0),道具!$B$271:$C$295,2,FALSE),""),"") | E60: =IFERROR(_xlfn.IFNA(VLOOKUP(ROUND(F60,0),道具!$B$296:$C$320,2,FALSE),""),"") | F60: =IF(转换!B51>0,转换!B51*100,"") | G60: 7 | H60: ='体验表-带进度条'!R51 -> 0 | I60: =转换!I51 -> 3 | J60: =IF(I60=17,1,IF(I60=9,1,IF(转换!I51>0,VLOOKUP(转换!H51,道具!B:C,2,FALSE),""))) -> 171001 | K60: =IF(转换!I51=17,ROUND(转换!J51*100/转换!$U$2,0),IF(转换!I51=9,F60,转换!J51)) -> 1
A61: =IF(C61=1,1001+COUNTIF($C$5:C60,1),2001+COUNTIF($C$5:C60,2)) -> 1043 | B61: 1 | C61: 1 | D61: =IFERROR(_xlfn.IFNA(VLOOKUP(ROUND(F61,0),道具!$B$271:$C$295,2,FALSE),""),"") | E61: =IFERROR(_xlfn.IFNA(VLOOKUP(ROUND(F61,0),道具!$B$296:$C$320,2,FALSE),""),"") | F61: =IF(转换!B53>0,转换!B53*100,"") | G61: 9 | H61: ='体验表-带进度条'!R53 -> 0 | I61: =转换!I53 -> 3 | J61: =IF(I61=17,1,IF(I61=9,1,IF(转换!I53>0,VLOOKUP(转换!H53,道具!B:C,2,FALSE),""))) -> 160001 | K61: =IF(转换!I53=17,ROUND(转换!J53*100/转换!$U$2,0),IF(转换!I53=9,F61,转换!J53)) -> 2
A62: =IF(C62=1,1001+COUNTIF($C$5:C61,1),2001+COUNTIF($C$5:C61,2)) -> 1044 | B62: 1 | C62: 1 | D62: =IFERROR(_xlfn.IFNA(VLOOKUP(ROUND(F62,0),道具!$B$271:$C$295,2,FALSE),""),"") | E62: =IFERROR(_xlfn.IFNA(VLOOKUP(ROUND(F62,0),道具!$B$296:$C$320,2,FALSE),""),"") | F62: =IF(转换!B54>0,转换!B54*100,"") | G62: 10 | H62: ='体验表-带进度条'!R54 -> 0 | I62: =转换!I54 -> 17 | J62: =IF(I62=17,1,IF(I62=9,1,IF(转换!I54>0,VLOOKUP(转换!H54,道具!B:C,2,FALSE),""))) -> 1 | K62: =IF(转换!I54=17,ROUND(转换!J54*100/转换!$U$2,0),IF(转换!I54=9,F62,转换!J54)) -> 40
A63: =IF(C63=1,1001+COUNTIF($C$5:C62,1),2001+COUNTIF($C$5:C62,2)) -> 1045 | B63: 1 | C63: 1 | D63: =IFERROR(_xlfn.IFNA(VLOOKUP(ROUND(F63,0),道具!$B$271:$C$295,2,FALSE),""),"") | E63: =IFERROR(_xlfn.IFNA(VLOOKUP(ROUND(F63,0),道具!$B$296:$C$320,2,FALSE),""),"") | F63: =IF(转换!B55>0,转换!B55*100,"") | G63: 11 | H63: ='体验表-带进度条'!R55 -> 0 | I63: =转换!I55 -> 4 | J63: =IF(I63=17,1,IF(I63=9,1,IF(转换!I55>0,VLOOKUP(转换!H55,道具!B:C,2,FALSE),""))) -> 100003 | K63: =IF(转换!I55=17,ROUND(转换!J55*100/转换!$U$2,0),IF(转换!I55=9,F63,转换!J55)) -> 1
A64: =IF(C64=1,1001+COUNTIF($C$5:C63,1),2001+COUNTIF($C$5:C63,2)) -> 1046 | B64: 1 | C64: 1 | D64: =IFERROR(_xlfn.IFNA(VLOOKUP(ROUND(F64,0),道具!$B$271:$C$295,2,FALSE),""),"") | E64: =IFERROR(_xlfn.IFNA(VLOOKUP(ROUND(F64,0),道具!$B$296:$C$320,2,FALSE),""),"") | F64: =IF(转换!B56>0,转换!B56*100,"") | G64: 12 | H64: ='体验表-带进度条'!R56 -> 0 | I64: =转换!I56 -> 3 | J64: =IF(I64=17,1,IF(I64=9,1,IF(转换!I56>0,VLOOKUP(转换!H56,道具!B:C,2,FALSE),""))) -> 192001 | K64: =IF(转换!I56=17,ROUND(转换!J56*100/转换!$U$2,0),IF(转换!I56=9,F64,转换!J56)) -> 10
A65: =IF(C65=1,1001+COUNTIF($C$5:C64,1),2001+COUNTIF($C$5:C64,2)) -> 1047 | B65: 1 | C65: 1 | D65: =IFERROR(_xlfn.IFNA(VLOOKUP(ROUND(F65,0),道具!$B$271:$C$295,2,FALSE),""),"") | E65: =IFERROR(_xlfn.IFNA(VLOOKUP(ROUND(F65,0),道具!$B$296:$C$320,2,FALSE),""),"") | F65: =IF(转换!B57>0,转换!B57*100,"") | G65: 13 | H65: ='体验表-带进度条'!R57 -> 0 | I65: =转换!I57 -> 3 | J65: =IF(I65=17,1,IF(I65=9,1,IF(转换!I57>0,VLOOKUP(转换!H57,道具!B:C,2,FALSE),""))) -> 171002 | K65: =IF(转换!I57=17,ROUND(转换!J57*100/转换!$U$2,0),IF(转换!I57=9,F65,转换!J57)) -> 1
A66: =IF(C66=1,1001+COUNTIF($C$5:C65,1),2001+COUNTIF($C$5:C65,2)) -> 1048 | B66: 1 | C66: 1 | D66: =IFERROR(_xlfn.IFNA(VLOOKUP(ROUND(F66,0),道具!$B$271:$C$295,2,FALSE),""),"") | E66: =IFERROR(_xlfn.IFNA(VLOOKUP(ROUND(F66,0),道具!$B$296:$C$320,2,FALSE),""),"") | F66: =IF(转换!B59>0,转换!B59*100,"") | G66: 15 | H66: ='体验表-带进度条'!R59 -> 0 | I66: =转换!I59 -> 3 | J66: =IF(I66=17,1,IF(I66=9,1,IF(转换!I59>0,VLOOKUP(转换!H59,道具!B:C,2,FALSE),""))) -> 160001 | K66: =IF(转换!I59=17,ROUND(转换!J59*100/转换!$U$2,0),IF(转换!I59=9,F66,转换!J59)) -> 3
A67: =IF(C67=1,1001+COUNTIF($C$5:C66,1),2001+COUNTIF($C$5:C66,2)) -> 1049 | B67: 1 | C67: 1 | D67: =IFERROR(_xlfn.IFNA(VLOOKUP(ROUND(F67,0),道具!$B$271:$C$295,2,FALSE),""),"") | E67: =IFERROR(_xlfn.IFNA(VLOOKUP(ROUND(F67,0),道具!$B$296:$C$320,2,FALSE),""),"") | F67: =IF(转换!B60>0,转换!B60*100,"") | G67: 16 | H67: ='体验表-带进度条'!R60 -> 0 | I67: =转换!I60 -> 17 | J67: =IF(I67=17,1,IF(I67=9,1,IF(转换!I60>0,VLOOKUP(转换!H60,道具!B:C,2,FALSE),""))) -> 1 | K67: =IF(转换!I60=17,ROUND(转换!J60*100/转换!$U$2,0),IF(转换!I60=9,F67,转换!J60)) -> 201
A68: =IF(C68=1,1001+COUNTIF($C$5:C67,1),2001+COUNTIF($C$5:C67,2)) -> 1050 | B68: 1 | C68: 1 | D68: =IFERROR(_xlfn.IFNA(VLOOKUP(ROUND(F68,0),道具!$B$271:$C$295,2,FALSE),""),"") | E68: =IFERROR(_xlfn.IFNA(VLOOKUP(ROUND(F68,0),道具!$B$296:$C$320,2,FALSE),""),"") | F68: =IF(转换!B61>0,转换!B61*100,"") | G68: 17 | H68: ='体验表-带进度条'!R61 -> 25 | I68: =转换!I61 -> 4 | J68: =IF(I68=17,1,IF(I68=9,1,IF(转换!I61>0,VLOOKUP(转换!H61,道具!B:C,2,FALSE),""))) -> 100004 | K68: =IF(转换!I61=17,ROUND(转换!J61*100/转换!$U$2,0),IF(转换!I61=9,F68,转换!J61)) -> 1
A69: =IF(C69=1,1001+COUNTIF($C$5:C68,1),2001+COUNTIF($C$5:C68,2)) -> 1051 | B69: 1 | C69: 1 | D69: =IFERROR(_xlfn.IFNA(VLOOKUP(ROUND(F69,0),道具!$B$271:$C$295,2,FALSE),""),"") | E69: =IFERROR(_xlfn.IFNA(VLOOKUP(ROUND(F69,0),道具!$B$296:$C$320,2,FALSE),""),"") | F69: =IF(转换!B62>0,转换!B62*100,"") | G69: 18 | H69: ='体验表-带进度条'!R62 -> 0 | I69: =转换!I62 -> 3 | J69: =IF(I69=17,1,IF(I69=9,1,IF(转换!I62>0,VLOOKUP(转换!H62,道具!B:C,2,FALSE),""))) -> 192001 | K69: =IF(转换!I62=17,ROUND(转换!J62*100/转换!$U$2,0),IF(转换!I62=9,F69,转换!J62)) -> 15
A70: =IF(C70=1,1001+COUNTIF($C$5:C69,1),2001+COUNTIF($C$5:C69,2)) -> 1052 | B70: 1 | C70: 1 | D70: =IFERROR(_xlfn.IFNA(VLOOKUP(ROUND(F70,0),道具!$B$271:$C$295,2,FALSE),""),"") | E70: =IFERROR(_xlfn.IFNA(VLOOKUP(ROUND(F70,0),道具!$B$296:$C$320,2,FALSE),""),"") | F70: =IF(转换!B63>0,转换!B63*100,"") | G70: 19 | H70: ='体验表-带进度条'!R63 -> 0 | I70: =转换!I63 -> 3 | J70: =IF(I70=17,1,IF(I70=9,1,IF(转换!I63>0,VLOOKUP(转换!H63,道具!B:C,2,FALSE),""))) -> 171001 | K70: =IF(转换!I63=17,ROUND(转换!J63*100/转换!$U$2,0),IF(转换!I63=9,F70,转换!J63)) -> 1
A71: =IF(C71=1,1001+COUNTIF($C$5:C70,1),2001+COUNTIF($C$5:C70,2)) -> 1053 | B71: 1 | C71: 1 | D71: =IFERROR(_xlfn.IFNA(VLOOKUP(ROUND(F71,0),道具!$B$271:$C$295,2,FALSE),""),"") | E71: =IFERROR(_xlfn.IFNA(VLOOKUP(ROUND(F71,0),道具!$B$296:$C$320,2,FALSE),""),"") | F71: =IF(转换!B65>0,转换!B65*100,"") | G71: 21 | H71: ='体验表-带进度条'!R65 -> 0 | I71: =转换!I65 -> 3 | J71: =IF(I71=17,1,IF(I71=9,1,IF(转换!I65>0,VLOOKUP(转换!H65,道具!B:C,2,FALSE),""))) -> 160001 | K71: =IF(转换!I65=17,ROUND(转换!J65*100/转换!$U$2,0),IF(转换!I65=9,F71,转换!J65)) -> 4
A72: =IF(C72=1,1001+COUNTIF($C$5:C71,1),2001+COUNTIF($C$5:C71,2)) -> 1054 | B72: 1 | C72: 1 | D72: =IFERROR(_xlfn.IFNA(VLOOKUP(ROUND(F72,0),道具!$B$271:$C$295,2,FALSE),""),"") | E72: =IFERROR(_xlfn.IFNA(VLOOKUP(ROUND(F72,0),道具!$B$296:$C$320,2,FALSE),""),"") | F72: =IF(转换!B66>0,转换!B66*100,"") | G72: 22 | H72: ='体验表-带进度条'!R66 -> 0 | I72: =转换!I66 -> 17 | J72: =IF(I72=17,1,IF(I72=9,1,IF(转换!I66>0,VLOOKUP(转换!H66,道具!B:C,2,FALSE),""))) -> 1 | K72: =IF(转换!I66=17,ROUND(转换!J66*100/转换!$U$2,0),IF(转换!I66=9,F72,转换!J66)) -> 161
A73: =IF(C73=1,1001+COUNTIF($C$5:C72,1),2001+COUNTIF($C$5:C72,2)) -> 1055 | B73: 1 | C73: 1 | D73: =IFERROR(_xlfn.IFNA(VLOOKUP(ROUND(F73,0),道具!$B$271:$C$295,2,FALSE),""),"") | E73: =IFERROR(_xlfn.IFNA(VLOOKUP(ROUND(F73,0),道具!$B$296:$C$320,2,FALSE),""),"") | F73: =IF(转换!B67>0,转换!B67*100,"") | G73: 23 | H73: ='体验表-带进度条'!R67 -> 15 | I73: =转换!I67 -> 4 | J73: =IF(I73=17,1,IF(I73=9,1,IF(转换!I67>0,VLOOKUP(转换!H67,道具!B:C,2,FALSE),""))) -> 100004 | K73: =IF(转换!I67=17,ROUND(转换!J67*100/转换!$U$2,0),IF(转换!I67=9,F73,转换!J67)) -> 1
A74: =IF(C74=1,1001+COUNTIF($C$5:C73,1),2001+COUNTIF($C$5:C73,2)) -> 1056 | B74: 1 | C74: 1 | D74: =IFERROR(_xlfn.IFNA(VLOOKUP(ROUND(F74,0),道具!$B$271:$C$295,2,FALSE),""),"") | E74: =IFERROR(_xlfn.IFNA(VLOOKUP(ROUND(F74,0),道具!$B$296:$C$320,2,FALSE),""),"") | F74: =IF(转换!B68>0,转换!B68*100,"") | G74: 24 | H74: ='体验表-带进度条'!R68 -> 0 | I74: =转换!I68 -> 3 | J74: =IF(I74=17,1,IF(I74=9,1,IF(转换!I68>0,VLOOKUP(转换!H68,道具!B:C,2,FALSE),""))) -> 192001 | K74: =IF(转换!I68=17,ROUND(转换!J68*100/转换!$U$2,0),IF(转换!I68=9,F74,转换!J68)) -> 20
A75: =IF(C75=1,1001+COUNTIF($C$5:C74,1),2001+COUNTIF($C$5:C74,2)) -> 1057 | B75: 1 | C75: 1 | D75: =IFERROR(_xlfn.IFNA(VLOOKUP(ROUND(F75,0),道具!$B$271:$C$295,2,FALSE),""),"") | E75: =IFERROR(_xlfn.IFNA(VLOOKUP(ROUND(F75,0),道具!$B$296:$C$320,2,FALSE),""),"") | F75: =IF(转换!B69>0,转换!B69*100,"") | G75: 25 | H75: ='体验表-带进度条'!R69 -> 0 | I75: =转换!I69 -> 3 | J75: =IF(I75=17,1,IF(I75=9,1,IF(转换!I69>0,VLOOKUP(转换!H69,道具!B:C,2,FALSE),""))) -> 171002 | K75: =IF(转换!I69=17,ROUND(转换!J69*100/转换!$U$2,0),IF(转换!I69=9,F75,转换!J69)) -> 1
A76: =IF(C76=1,1001+COUNTIF($C$5:C75,1),2001+COUNTIF($C$5:C75,2)) -> 1058 | B76: 1 | C76: 1 | D76: =IFERROR(_xlfn.IFNA(VLOOKUP(ROUND(F76,0),道具!$B$271:$C$295,2,FALSE),""),"") | E76: =IFERROR(_xlfn.IFNA(VLOOKUP(ROUND(F76,0),道具!$B$296:$C$320,2,FALSE),""),"") | F76: =IF(转换!B71>0,转换!B71*100,"") | G76: 27 | H76: ='体验表-带进度条'!R71 -> 0 | I76: =转换!I71 -> 3 | J76: =IF(I76=17,1,IF(I76=9,1,IF(转换!I71>0,VLOOKUP(转换!H71,道具!B:C,2,FALSE),""))) -> 160001 | K76: =IF(转换!I71=17,ROUND(转换!J71*100/转换!$U$2,0),IF(转换!I71=9,F76,转换!J71)) -> 5
A77: =IF(C77=1,1001+COUNTIF($C$5:C76,1),2001+COUNTIF($C$5:C76,2)) -> 1059 | B77: 1 | C77: 1 | D77: =IFERROR(_xlfn.IFNA(VLOOKUP(ROUND(F77,0),道具!$B$271:$C$295,2,FALSE),""),"") | E77: =IFERROR(_xlfn.IFNA(VLOOKUP(ROUND(F77,0),道具!$B$296:$C$320,2,FALSE),""),"") | F77: =IF(转换!B72>0,转换!B72*100,"") | G77: 28 | H77: ='体验表-带进度条'!R72 -> 0 | I77: =转换!I72 -> 17 | J77: =IF(I77=17,1,IF(I77=9,1,IF(转换!I72>0,VLOOKUP(转换!H72,道具!B:C,2,FALSE),""))) -> 1 | K77: =IF(转换!I72=17,ROUND(转换!J72*100/转换!$U$2,0),IF(转换!I72=9,F77,转换!J72)) -> 100
A78: =IF(C78=1,1001+COUNTIF($C$5:C77,1),2001+COUNTIF($C$5:C77,2)) -> 1060 | B78: 1 | C78: 1 | D78: =IFERROR(_xlfn.IFNA(VLOOKUP(ROUND(F78,0),道具!$B$271:$C$295,2,FALSE),""),"") | E78: =IFERROR(_xlfn.IFNA(VLOOKUP(ROUND(F78,0),道具!$B$296:$C$320,2,FALSE),""),"") | F78: =IF(转换!B73>0,转换!B73*100,"") | G78: 29 | H78: ='体验表-带进度条'!R73 -> 25 | I78: =转换!I73 -> 4 | J78: =IF(I78=17,1,IF(I78=9,1,IF(转换!I73>0,VLOOKUP(转换!H73,道具!B:C,2,FALSE),""))) -> 100005 | K78: =IF(转换!I73=17,ROUND(转换!J73*100/转换!$U$2,0),IF(转换!I73=9,F78,转换!J73)) -> 1
A79: =IF(C79=1,1001+COUNTIF($C$5:C78,1),2001+COUNTIF($C$5:C78,2)) -> 1061 | B79: 1 | C79: 1 | D79: =IFERROR(_xlfn.IFNA(VLOOKUP(ROUND(F79,0),道具!$B$271:$C$295,2,FALSE),""),"") | E79: =IFERROR(_xlfn.IFNA(VLOOKUP(ROUND(F79,0),道具!$B$296:$C$320,2,FALSE),""),"") | F79: =IF(转换!B74>0,转换!B74*100,"") | G79: 30 | H79: ='体验表-带进度条'!R74 -> 0 | I79: =转换!I74 -> 3 | J79: =IF(I79=17,1,IF(I79=9,1,IF(转换!I74>0,VLOOKUP(转换!H74,道具!B:C,2,FALSE),""))) -> 192001 | K79: =IF(转换!I74=17,ROUND(转换!J74*100/转换!$U$2,0),IF(转换!I74=9,F79,转换!J74)) -> 25
A80: =IF(C80=1,1001+COUNTIF($C$5:C79,1),2001+COUNTIF($C$5:C79,2)) -> 1062 | B80: 1 | C80: 1 | D80: =IFERROR(_xlfn.IFNA(VLOOKUP(ROUND(F80,0),道具!$B$271:$C$295,2,FALSE),""),"") | E80: =IFERROR(_xlfn.IFNA(VLOOKUP(ROUND(F80,0),道具!$B$296:$C$320,2,FALSE),""),"") | F80: =IF(转换!B75>0,转换!B75*100,"") | G80: 31 | H80: ='体验表-带进度条'!R75 -> 0 | I80: =转换!I75 -> 3 | J80: =IF(I80=17,1,IF(I80=9,1,IF(转换!I75>0,VLOOKUP(转换!H75,道具!B:C,2,FALSE),""))) -> 171001 | K80: =IF(转换!I75=17,ROUND(转换!J75*100/转换!$U$2,0),IF(转换!I75=9,F80,转换!J75)) -> 1
A81: =IF(C81=1,1001+COUNTIF($C$5:C80,1),2001+COUNTIF($C$5:C80,2)) -> 1063 | B81: 1 | C81: 1 | D81: =IFERROR(_xlfn.IFNA(VLOOKUP(ROUND(F81,0),道具!$B$271:$C$295,2,FALSE),""),"") | E81: =IFERROR(_xlfn.IFNA(VLOOKUP(ROUND(F81,0),道具!$B$296:$C$320,2,FALSE),""),"") | F81: =IF(转换!B77>0,转换!B77*100,"") | G81: 33 | H81: ='体验表-带进度条'!R77 -> 0 | I81: =转换!I77 -> 3 | J81: =IF(I81=17,1,IF(I81=9,1,IF(转换!I77>0,VLOOKUP(转换!H77,道具!B:C,2,FALSE),""))) -> 160001 | K81: =IF(转换!I77=17,ROUND(转换!J77*100/转换!$U$2,0),IF(转换!I77=9,F81,转换!J77)) -> 6
A82: =IF(C82=1,1001+COUNTIF($C$5:C81,1),2001+COUNTIF($C$5:C81,2)) -> 1064 | B82: 1 | C82: 1 | D82: =IFERROR(_xlfn.IFNA(VLOOKUP(ROUND(F82,0),道具!$B$271:$C$295,2,FALSE),""),"") | E82: =IFERROR(_xlfn.IFNA(VLOOKUP(ROUND(F82,0),道具!$B$296:$C$320,2,FALSE),""),"") | F82: =IF(转换!B78>0,转换!B78*100,"") | G82: 34 | H82: ='体验表-带进度条'!R78 -> 0 | I82: =转换!I78 -> 17 | J82: =IF(I82=17,1,IF(I82=9,1,IF(转换!I78>0,VLOOKUP(转换!H78,道具!B:C,2,FALSE),""))) -> 1 | K82: =IF(转换!I78=17,ROUND(转换!J78*100/转换!$U$2,0),IF(转换!I78=9,F82,转换!J78)) -> 241
A83: =IF(C83=1,1001+COUNTIF($C$5:C82,1),2001+COUNTIF($C$5:C82,2)) -> 1065 | B83: 1 | C83: 1 | D83: =IFERROR(_xlfn.IFNA(VLOOKUP(ROUND(F83,0),道具!$B$271:$C$295,2,FALSE),""),"") | E83: =IFERROR(_xlfn.IFNA(VLOOKUP(ROUND(F83,0),道具!$B$296:$C$320,2,FALSE),""),"") | F83: =IF(转换!B79>0,转换!B79*100,"") | G83: 35 | H83: ='体验表-带进度条'!R79 -> 15 | I83: =转换!I79 -> 4 | J83: =IF(I83=17,1,IF(I83=9,1,IF(转换!I79>0,VLOOKUP(转换!H79,道具!B:C,2,FALSE),""))) -> 100005 | K83: =IF(转换!I79=17,ROUND(转换!J79*100/转换!$U$2,0),IF(转换!I79=9,F83,转换!J79)) -> 1
A84: =IF(C84=1,1001+COUNTIF($C$5:C83,1),2001+COUNTIF($C$5:C83,2)) -> 1066 | B84: 1 | C84: 1 | D84: =IFERROR(_xlfn.IFNA(VLOOKUP(ROUND(F84,0),道具!$B$271:$C$295,2,FALSE),""),"") | E84: =IFERROR(_xlfn.IFNA(VLOOKUP(ROUND(F84,0),道具!$B$296:$C$320,2,FALSE),""),"") | F84: =IF(转换!B80>0,转换!B80*100,"") | G84: 36 | H84: ='体验表-带进度条'!R80 -> 0 | I84: =转换!I80 -> 3 | J84: =IF(I84=17,1,IF(I84=9,1,IF(转换!I80>0,VLOOKUP(转换!H80,道具!B:C,2,FALSE),""))) -> 192001 | K84: =IF(转换!I80=17,ROUND(转换!J80*100/转换!$U$2,0),IF(转换!I80=9,F84,转换!J80)) -> 30
A85: =IF(C85=1,1001+COUNTIF($C$5:C84,1),2001+COUNTIF($C$5:C84,2)) -> 1067 | B85: 1 | C85: 1 | D85: =IFERROR(_xlfn.IFNA(VLOOKUP(ROUND(F85,0),道具!$B$271:$C$295,2,FALSE),""),"") | E85: =IFERROR(_xlfn.IFNA(VLOOKUP(ROUND(F85,0),道具!$B$296:$C$320,2,FALSE),""),"") | F85: =IF(转换!B81>0,转换!B81*100,"") | G85: 37 | H85: ='体验表-带进度条'!R81 -> 0 | I85: =转换!I81 -> 3 | J85: =IF(I85=17,1,IF(I85=9,1,IF(转换!I81>0,VLOOKUP(转换!H81,道具!B:C,2,FALSE),""))) -> 171002 | K85: =IF(转换!I81=17,ROUND(转换!J81*100/转换!$U$2,0),IF(转换!I81=9,F85,转换!J81)) -> 1
A86: =IF(C86=1,1001+COUNTIF($C$5:C85,1),2001+COUNTIF($C$5:C85,2)) -> 1068 | B86: 1 | C86: 1 | D86: =IFERROR(_xlfn.IFNA(VLOOKUP(ROUND(F86,0),道具!$B$271:$C$295,2,FALSE),""),"") | E86: =IFERROR(_xlfn.IFNA(VLOOKUP(ROUND(F86,0),道具!$B$296:$C$320,2,FALSE),""),"") | F86: =IF(转换!B83>0,转换!B83*100,"") | G86: 39 | H86: ='体验表-带进度条'!R83 -> 0 | I86: =转换!I83 -> 3 | J86: =IF(I86=17,1,IF(I86=9,1,IF(转换!I83>0,VLOOKUP(转换!H83,道具!B:C,2,FALSE),""))) -> 160001 | K86: =IF(转换!I83=17,ROUND(转换!J83*100/转换!$U$2,0),IF(转换!I83=9,F86,转换!J83)) -> 7
A87: =IF(C87=1,1001+COUNTIF($C$5:C86,1),2001+COUNTIF($C$5:C86,2)) -> 1069 | B87: 1 | C87: 1 | D87: =IFERROR(_xlfn.IFNA(VLOOKUP(ROUND(F87,0),道具!$B$271:$C$295,2,FALSE),""),"") | E87: =IFERROR(_xlfn.IFNA(VLOOKUP(ROUND(F87,0),道具!$B$296:$C$320,2,FALSE),""),"") | F87: =IF(转换!B84>0,转换!B84*100,"") | G87: 40 | H87: ='体验表-带进度条'!R84 -> 0 | I87: =转换!I84 -> 17 | J87: =IF(I87=17,1,IF(I87=9,1,IF(转换!I84>0,VLOOKUP(转换!H84,道具!B:C,2,FALSE),""))) -> 1 | K87: =IF(转换!I84=17,ROUND(转换!J84*100/转换!$U$2,0),IF(转换!I84=9,F87,转换!J84)) -> 241
A88: =IF(C88=1,1001+COUNTIF($C$5:C87,1),2001+COUNTIF($C$5:C87,2)) -> 1070 | B88: 1 | C88: 1 | D88: =IFERROR(_xlfn.IFNA(VLOOKUP(ROUND(F88,0),道具!$B$271:$C$295,2,FALSE),""),"") | E88: =IFERROR(_xlfn.IFNA(VLOOKUP(ROUND(F88,0),道具!$B$296:$C$320,2,FALSE),""),"") | F88: =IF(转换!B85>0,转换!B85*100,"") | G88: 41 | H88: ='体验表-带进度条'!R85 -> 50 | I88: =转换!I85 -> 4 | J88: =IF(I88=17,1,IF(I88=9,1,IF(转换!I85>0,VLOOKUP(转换!H85,道具!B:C,2,FALSE),""))) -> 100006 | K88: =IF(转换!I85=17,ROUND(转换!J85*100/转换!$U$2,0),IF(转换!I85=9,F88,转换!J85)) -> 1
A89: =IF(C89=1,1001+COUNTIF($C$5:C88,1),2001+COUNTIF($C$5:C88,2)) -> 1071 | B89: 1 | C89: 1 | D89: =IFERROR(_xlfn.IFNA(VLOOKUP(ROUND(F89,0),道具!$B$271:$C$295,2,FALSE),""),"") | E89: =IFERROR(_xlfn.IFNA(VLOOKUP(ROUND(F89,0),道具!$B$296:$C$320,2,FALSE),""),"") | F89: =IF(转换!B86>0,转换!B86*100,"") | G89: 42 | H89: ='体验表-带进度条'!R86 -> 0 | I89: =转换!I86 -> 3 | J89: =IF(I89=17,1,IF(I89=9,1,IF(转换!I86>0,VLOOKUP(转换!H86,道具!B:C,2,FALSE),""))) -> 192001 | K89: =IF(转换!I86=17,ROUND(转换!J86*100/转换!$U$2,0),IF(转换!I86=9,F89,转换!J86)) -> 35
A90: =IF(C90=1,1001+COUNTIF($C$5:C89,1),2001+COUNTIF($C$5:C89,2)) -> 1072 | B90: 1 | C90: 1 | D90: =IFERROR(_xlfn.IFNA(VLOOKUP(ROUND(F90,0),道具!$B$271:$C$295,2,FALSE),""),"") | E90: =IFERROR(_xlfn.IFNA(VLOOKUP(ROUND(F90,0),道具!$B$296:$C$320,2,FALSE),""),"") | F90: =IF(转换!B87>0,转换!B87*100,"") | G90: 43 | H90: ='体验表-带进度条'!R87 -> 0 | I90: =转换!I87 -> 3 | J90: =IF(I90=17,1,IF(I90=9,1,IF(转换!I87>0,VLOOKUP(转换!H87,道具!B:C,2,FALSE),""))) -> 171001 | K90: =IF(转换!I87=17,ROUND(转换!J87*100/转换!$U$2,0),IF(转换!I87=9,F90,转换!J87)) -> 1
A91: =IF(C91=1,1001+COUNTIF($C$5:C90,1),2001+COUNTIF($C$5:C90,2)) -> 2015 | B91: 1 | C91: 2 | D91: =IFERROR(_xlfn.IFNA(VLOOKUP(ROUND(F91,0),道具!$B$271:$C$295,2,FALSE),""),"") -> gp_hunt_599 | E91: =IFERROR(_xlfn.IFNA(VLOOKUP(ROUND(F91,0),道具!$B$296:$C$320,2,FALSE),""),"") -> iap_hunt_599 | F91: =IF(转换!B89>0,转换!B89*100,"") -> 599 | G91: 2 | H91: ='体验表-带进度条'!R89 -> 10 | I91: =转换!I89 -> 9 | J91: =IF(I91=17,1,IF(I91=9,1,IF(转换!I89>0,VLOOKUP(转换!H89,道具!B:C,2,FALSE),""))) -> 1 | K91: =IF(转换!I89=17,ROUND(转换!J89*100/转换!$U$2,0),IF(转换!I89=9,F91,转换!J89)) -> 599
A92: =IF(C92=1,1001+COUNTIF($C$5:C91,1),2001+COUNTIF($C$5:C91,2)) -> 2016 | B92: 1 | C92: 2 | D92: =IFERROR(_xlfn.IFNA(VLOOKUP(ROUND(F92,0),道具!$B$271:$C$295,2,FALSE),""),"") -> gp_hunt_3 | E92: =IFERROR(_xlfn.IFNA(VLOOKUP(ROUND(F92,0),道具!$B$296:$C$320,2,FALSE),""),"") -> iap_hunt_3 | F92: =IF(转换!B95>0,转换!B95*100,"") -> 799 | G92: 8 | H92: ='体验表-带进度条'!R95 -> 25 | I92: =转换!I95 -> 9 | J92: =IF(I92=17,1,IF(I92=9,1,IF(转换!I95>0,VLOOKUP(转换!H95,道具!B:C,2,FALSE),""))) -> 1 | K92: =IF(转换!I95=17,ROUND(转换!J95*100/转换!$U$2,0),IF(转换!I95=9,F92,转换!J95)) -> 799
A93: =IF(C93=1,1001+COUNTIF($C$5:C92,1),2001+COUNTIF($C$5:C92,2)) -> 2017 | B93: 1 | C93: 2 | D93: =IFERROR(_xlfn.IFNA(VLOOKUP(ROUND(F93,0),道具!$B$271:$C$295,2,FALSE),""),"") -> gp_hunt_999 | E93: =IFERROR(_xlfn.IFNA(VLOOKUP(ROUND(F93,0),道具!$B$296:$C$320,2,FALSE),""),"") -> iap_hunt_999 | F93: =IF(转换!B101>0,转换!B101*100,"") -> 999 | G93: 14 | H93: ='体验表-带进度条'!R101 -> 35 | I93: =转换!I101 -> 9 | J93: =IF(I93=17,1,IF(I93=9,1,IF(转换!I101>0,VLOOKUP(转换!H101,道具!B:C,2,FALSE),""))) -> 1 | K93: =IF(转换!I101=17,ROUND(转换!J101*100/转换!$U$2,0),IF(转换!I101=9,F93,转换!J101)) -> 999
A94: =IF(C94=1,1001+COUNTIF($C$5:C93,1),2001+COUNTIF($C$5:C93,2)) -> 2018 | B94: 1 | C94: 2 | D94: =IFERROR(_xlfn.IFNA(VLOOKUP(ROUND(F94,0),道具!$B$271:$C$295,2,FALSE),""),"") -> gp_hunt_5 | E94: =IFERROR(_xlfn.IFNA(VLOOKUP(ROUND(F94,0),道具!$B$296:$C$320,2,FALSE),""),"") -> iap_hunt_5 | F94: =IF(转换!B107>0,转换!B107*100,"") -> 1299 | G94: 20 | H94: ='体验表-带进度条'!R107 -> 0 | I94: =转换!I107 -> 9 | J94: =IF(I94=17,1,IF(I94=9,1,IF(转换!I107>0,VLOOKUP(转换!H107,道具!B:C,2,FALSE),""))) -> 1 | K94: =IF(转换!I107=17,ROUND(转换!J107*100/转换!$U$2,0),IF(转换!I107=9,F94,转换!J107)) -> 1299
A95: =IF(C95=1,1001+COUNTIF($C$5:C94,1),2001+COUNTIF($C$5:C94,2)) -> 2019 | B95: 1 | C95: 2 | D95: =IFERROR(_xlfn.IFNA(VLOOKUP(ROUND(F95,0),道具!$B$271:$C$295,2,FALSE),""),"") -> gp_hunt_6 | E95: =IFERROR(_xlfn.IFNA(VLOOKUP(ROUND(F95,0),道具!$B$296:$C$320,2,FALSE),""),"") -> iap_hunt_6 | F95: =IF(转换!B113>0,转换!B113*100,"") -> 1499 | G95: 26 | H95: ='体验表-带进度条'!R113 -> 10 | I95: =转换!I113 -> 9 | J95: =IF(I95=17,1,IF(I95=9,1,IF(转换!I113>0,VLOOKUP(转换!H113,道具!B:C,2,FALSE),""))) -> 1 | K95: =IF(转换!I113=17,ROUND(转换!J113*100/转换!$U$2,0),IF(转换!I113=9,F95,转换!J113)) -> 1499
A96: =IF(C96=1,1001+COUNTIF($C$5:C95,1),2001+COUNTIF($C$5:C95,2)) -> 2020 | B96: 1 | C96: 2 | D96: =IFERROR(_xlfn.IFNA(VLOOKUP(ROUND(F96,0),道具!$B$271:$C$295,2,FALSE),""),"") -> gp_hunt_1799 | E96: =IFERROR(_xlfn.IFNA(VLOOKUP(ROUND(F96,0),道具!$B$296:$C$320,2,FALSE),""),"") -> iap_hunt_1799 | F96: =IF(转换!B119>0,转换!B119*100,"") -> 1799 | G96: 32 | H96: ='体验表-带进度条'!R119 -> 25 | I96: =转换!I119 -> 9 | J96: =IF(I96=17,1,IF(I96=9,1,IF(转换!I119>0,VLOOKUP(转换!H119,道具!B:C,2,FALSE),""))) -> 1 | K96: =IF(转换!I119=17,ROUND(转换!J119*100/转换!$U$2,0),IF(转换!I119=9,F96,转换!J119)) -> 1799
A97: =IF(C97=1,1001+COUNTIF($C$5:C96,1),2001+COUNTIF($C$5:C96,2)) -> 2021 | B97: 1 | C97: 2 | D97: =IFERROR(_xlfn.IFNA(VLOOKUP(ROUND(F97,0),道具!$B$271:$C$295,2,FALSE),""),"") -> gp_hunt_1999 | E97: =IFERROR(_xlfn.IFNA(VLOOKUP(ROUND(F97,0),道具!$B$296:$C$320,2,FALSE),""),"") -> iap_hunt_1999 | F97: =IF(转换!B125>0,转换!B125*100,"") -> 1999 | G97: 38 | H97: ='体验表-带进度条'!R125 -> 35 | I97: =转换!I125 -> 9 | J97: =IF(I97=17,1,IF(I97=9,1,IF(转换!I125>0,VLOOKUP(转换!H125,道具!B:C,2,FALSE),""))) -> 1 | K97: =IF(转换!I125=17,ROUND(转换!J125*100/转换!$U$2,0),IF(转换!I125=9,F97,转换!J125)) -> 1999
A98: =IF(C98=1,1001+COUNTIF($C$5:C97,1),2001+COUNTIF($C$5:C97,2)) -> 1073 | B98: 1 | C98: 1 | D98: =IFERROR(_xlfn.IFNA(VLOOKUP(ROUND(F98,0),道具!$B$271:$C$295,2,FALSE),""),"") | E98: =IFERROR(_xlfn.IFNA(VLOOKUP(ROUND(F98,0),道具!$B$296:$C$320,2,FALSE),""),"") | F98: =IF(转换!B88>0,转换!B88*100,"") | G98: 1 | H98: ='体验表-带进度条'!R88 -> 20 | I98: =转换!I88 -> 1 | J98: =IF(I98=17,1,IF(I98=9,1,IF(转换!I88>0,VLOOKUP(转换!H88,道具!B:C,2,FALSE),""))) -> 1 | K98: =IF(转换!I88=17,ROUND(转换!J88*100/转换!$U$2,0),IF(转换!I88=9,F98,转换!J88)) -> 5000
A99: =IF(C99=1,1001+COUNTIF($C$5:C98,1),2001+COUNTIF($C$5:C98,2)) -> 1074 | B99: 1 | C99: 1 | D99: =IFERROR(_xlfn.IFNA(VLOOKUP(ROUND(F99,0),道具!$B$271:$C$295,2,FALSE),""),"") | E99: =IFERROR(_xlfn.IFNA(VLOOKUP(ROUND(F99,0),道具!$B$296:$C$320,2,FALSE),""),"") | F99: =IF(转换!B90>0,转换!B90*100,"") | G99: 3 | H99: ='体验表-带进度条'!R90 -> 0 | I99: =转换!I90 -> 3 | J99: =IF(I99=17,1,IF(I99=9,1,IF(转换!I90>0,VLOOKUP(转换!H90,道具!B:C,2,FALSE),""))) -> 160001 | K99: =IF(转换!I90=17,ROUND(转换!J90*100/转换!$U$2,0),IF(转换!I90=9,F99,转换!J90)) -> 1
A100: =IF(C100=1,1001+COUNTIF($C$5:C99,1),2001+COUNTIF($C$5:C99,2)) -> 1075 | B100: 1 | C100: 1 | D100: =IFERROR(_xlfn.IFNA(VLOOKUP(ROUND(F100,0),道具!$B$271:$C$295,2,FALSE),""),"") | E100: =IFERROR(_xlfn.IFNA(VLOOKUP(ROUND(F100,0),道具!$B$296:$C$320,2,FALSE),""),"") | F100: =IF(转换!B91>0,转换!B91*100,"") | G100: 4 | H100: ='体验表-带进度条'!R91 -> 0 | I100: =转换!I91 -> 17 | J100: =IF(I100=17,1,IF(I100=9,1,IF(转换!I91>0,VLOOKUP(转换!H91,道具!B:C,2,FALSE),""))) -> 1 | K100: =IF(转换!I91=17,ROUND(转换!J91*100/转换!$U$2,0),IF(转换!I91=9,F100,转换!J91)) -> 201
...

Sheet TreasureHuntLevel
A1: Group | B1: stage | C1: score | D1: RewardType1 | E1: RewardItem1 | F1: RewardCount1
A2: int | B2: int | C2: int | D2: int | E2: uint | F2: long
A3: cs | B3: cs | C3: cs | D3: cs | E3: cs | F3: cs
A4: 分组定价 | B4: // 阶段 | C4: // 升级所需积分 | D4: 奖励类型 1金币 2钻石 3道具 4卡包 9美金(查表) 17美金金币 | E4: 奖励物品ID1 1金币 2钻石 3物品id | F4: 奖励数量1
A5: ='体验表-带进度条'!AL2 -> 1 | B5: ='体验表-带进度条'!AM2 -> 1 | C5: ='体验表-带进度条'!AO2 -> 50 | D5: =IF(SUMIFS('体验表-带进度条'!U:U,'体验表-带进度条'!A:A,"="&A5,'体验表-带进度条'!P:P,"="&B5)=1,17) -> 17 | E5: =IF(D5=17,1,) -> 1 | F5: =SUMIFS('体验表-带进度条'!V:V,'体验表-带进度条'!A:A,"="&A5,'体验表-带进度条'!P:P,"="&B5) -> 110
A6: ='体验表-带进度条'!AL3 -> 1 | B6: ='体验表-带进度条'!AM3 -> 2 | C6: ='体验表-带进度条'!AO3 -> 150 | D6: =IF(SUMIFS('体验表-带进度条'!U:U,'体验表-带进度条'!A:A,"="&A6,'体验表-带进度条'!P:P,"="&B6)=1,17) -> 17 | E6: =IF(D6=17,1,) -> 1 | F6: =SUMIFS('体验表-带进度条'!V:V,'体验表-带进度条'!A:A,"="&A6,'体验表-带进度条'!P:P,"="&B6) -> 220
A7: ='体验表-带进度条'!AL4 -> 1 | B7: ='体验表-带进度条'!AM4 -> 3 | C7: ='体验表-带进度条'!AO4 -> 300 | D7: =IF(SUMIFS('体验表-带进度条'!U:U,'体验表-带进度条'!A:A,"="&A7,'体验表-带进度条'!P:P,"="&B7)=1,17) -> 17 | E7: =IF(D7=17,1,) -> 1 | F7: =SUMIFS('体验表-带进度条'!V:V,'体验表-带进度条'!A:A,"="&A7,'体验表-带进度条'!P:P,"="&B7) -> 405
A8: ='体验表-带进度条'!AL5 -> 2 | B8: ='体验表-带进度条'!AM5 -> 1 | C8: ='体验表-带进度条'!AO5 -> 50 | D8: =IF(SUMIFS('体验表-带进度条'!U:U,'体验表-带进度条'!A:A,"="&A8,'体验表-带进度条'!P:P,"="&B8)=1,17) -> 17 | E8: =IF(D8=17,1,) -> 1 | F8: =SUMIFS('体验表-带进度条'!V:V,'体验表-带进度条'!A:A,"="&A8,'体验表-带进度条'!P:P,"="&B8) -> 110
A9: ='体验表-带进度条'!AL6 -> 2 | B9: ='体验表-带进度条'!AM6 -> 2 | C9: ='体验表-带进度条'!AO6 -> 150 | D9: =IF(SUMIFS('体验表-带进度条'!U:U,'体验表-带进度条'!A:A,"="&A9,'体验表-带进度条'!P:P,"="&B9)=1,17) -> 17 | E9: =IF(D9=17,1,) -> 1 | F9: =SUMIFS('体验表-带进度条'!V:V,'体验表-带进度条'!A:A,"="&A9,'体验表-带进度条'!P:P,"="&B9) -> 220
A10: ='体验表-带进度条'!AL7 -> 2 | B10: ='体验表-带进度条'!AM7 -> 3 | C10: ='体验表-带进度条'!AO7 -> 300 | D10: =IF(SUMIFS('体验表-带进度条'!U:U,'体验表-带进度条'!A:A,"="&A10,'体验表-带进度条'!P:P,"="&B10)=1,17) -> 17 | E10: =IF(D10=17,1,) -> 1 | F10: =SUMIFS('体验表-带进度条'!V:V,'体验表-带进度条'!A:A,"="&A10,'体验表-带进度条'!P:P,"="&B10) -> 405
A11: ='体验表-带进度条'!AL8 -> 3 | B11: ='体验表-带进度条'!AM8 -> 1 | C11: ='体验表-带进度条'!AO8 -> 50 | D11: =IF(SUMIFS('体验表-带进度条'!U:U,'体验表-带进度条'!A:A,"="&A11,'体验表-带进度条'!P:P,"="&B11)=1,17) -> 17 | E11: =IF(D11=17,1,) -> 1 | F11: =SUMIFS('体验表-带进度条'!V:V,'体验表-带进度条'!A:A,"="&A11,'体验表-带进度条'!P:P,"="&B11) -> 110
A12: ='体验表-带进度条'!AL9 -> 3 | B12: ='体验表-带进度条'!AM9 -> 2 | C12: ='体验表-带进度条'!AO9 -> 150 | D12: =IF(SUMIFS('体验表-带进度条'!U:U,'体验表-带进度条'!A:A,"="&A12,'体验表-带进度条'!P:P,"="&B12)=1,17) -> 17 | E12: =IF(D12=17,1,) -> 1 | F12: =SUMIFS('体验表-带进度条'!V:V,'体验表-带进度条'!A:A,"="&A12,'体验表-带进度条'!P:P,"="&B12) -> 220
A13: ='体验表-带进度条'!AL10 -> 3 | B13: ='体验表-带进度条'!AM10 -> 3 | C13: ='体验表-带进度条'!AO10 -> 300 | D13: =IF(SUMIFS('体验表-带进度条'!U:U,'体验表-带进度条'!A:A,"="&A13,'体验表-带进度条'!P:P,"="&B13)=1,17) -> 17 | E13: =IF(D13=17,1,) -> 1 | F13: =SUMIFS('体验表-带进度条'!V:V,'体验表-带进度条'!A:A,"="&A13,'体验表-带进度条'!P:P,"="&B13) -> 405
A14: ='体验表-带进度条'!AL11 -> 4 | B14: ='体验表-带进度条'!AM11 -> 1 | C14: ='体验表-带进度条'!AO11 -> 50 | D14: =IF(SUMIFS('体验表-带进度条'!U:U,'体验表-带进度条'!A:A,"="&A14,'体验表-带进度条'!P:P,"="&B14)=1,17) -> 17 | E14: =IF(D14=17,1,) -> 1 | F14: =SUMIFS('体验表-带进度条'!V:V,'体验表-带进度条'!A:A,"="&A14,'体验表-带进度条'!P:P,"="&B14) -> 110
A15: ='体验表-带进度条'!AL12 -> 4 | B15: ='体验表-带进度条'!AM12 -> 2 | C15: ='体验表-带进度条'!AO12 -> 150 | D15: =IF(SUMIFS('体验表-带进度条'!U:U,'体验表-带进度条'!A:A,"="&A15,'体验表-带进度条'!P:P,"="&B15)=1,17) -> 17 | E15: =IF(D15=17,1,) -> 1 | F15: =SUMIFS('体验表-带进度条'!V:V,'体验表-带进度条'!A:A,"="&A15,'体验表-带进度条'!P:P,"="&B15) -> 220
A16: ='体验表-带进度条'!AL13 -> 4 | B16: ='体验表-带进度条'!AM13 -> 3 | C16: ='体验表-带进度条'!AO13 -> 300 | D16: =IF(SUMIFS('体验表-带进度条'!U:U,'体验表-带进度条'!A:A,"="&A16,'体验表-带进度条'!P:P,"="&B16)=1,17) -> 17 | E16: =IF(D16=17,1,) -> 1 | F16: =SUMIFS('体验表-带进度条'!V:V,'体验表-带进度条'!A:A,"="&A16,'体验表-带进度条'!P:P,"="&B16) -> 405
... A37: ='体验表-带进度条'!AL34 -> 11 | B37: ='体验表-带进度条'!AM34 -> 3 | C37: ='体验表-带进度条'!AO34 -> 300 | D37: =IF(SUMIFS('体验表-带进度条'!U:U,'体验表-带进度条'!A:A,"="&A37,'体验表-带进度条'!P:P,"="&B37)=1,17) -> 17 | E37: =IF(D37=17,1,) -> 1 | F37: =SUMIFS('体验表-带进度条'!V:V,'体验表-带进度条'!A:A,"="&A37,'体验表-带进度条'!P:P,"="&B37) -> 405

Sheet 道具
A1: name | B1: _comm | C1: itemID
A2: string_lan | B2: string | C2: uint_key
A3: cs | B3: skip | C3: cs
A4: //名字 | B4: //注释 | C4: //物品的ID
A5: 新手礼包 | C5: 1
A6: 老手礼包 | C6: 2
A7: 登录礼包 | C7: 3
A8: #UIAvatar42 | B8: 默认头像框 | C8: 30088
A9: #UIAvatar43 | B9: 财富榜第1名 | C9: 30089
A10: #UIAvatar44 | B10: 财富榜第2名 | C10: 30090
A11: #UIAvatar45 | B11: 财富榜第3名 | C11: 30091
A12: #UIAvatar46 | B12: 财富榜第4-20名 | C12: 30092
A13: #UIAvatar47 | B13: 财富榜第21-50名 | C13: 30093
A14: #UIAvatar48 | B14: battlePass头像框 | C14: 30094
A15: #UIAvatar49 | B15: vip1头像框 | C15: 30101
A16: #UIAvatar50 | B16: vip2头像框 | C16: 30102
A17: #UIAvatar51 | B17: vip3头像框 | C17: 30103
A18: #UIAvatar52 | B18: vip4头像框 | C18: 30104
A19: #UIAvatar53 | B19: vip5头像框 | C19: 30105
... A45: #EXCELItemName16 | B45: 初级兑换券赛门票 | C45: 10005
A46: 50里拉话费赛门票 | C46: 10006
A47: #EXCELItemName6 | B47: 100钻石赛门票 | C47: 10007
A48: #EXCELItemName7 | B48: 500钻石赛门票 | C48: 10008
A49: #EXCELItemName8 | B49: 150钻石赛门票 | C49: 10009
A50: #EXCELItemName19 | B50: 新锦标赛门票 | C50: 10010
A51: #EXCELItemName10 | B51: 20里拉电话卡兑换券 | C51: 20002
A52: #EXCELItemName11 | B52: 25里拉电话卡兑换券 | C52: 20003
A53: #EXCELItemName13 | B53: 50里拉电话卡兑换券 | C53: 20005
A54: #EXCELItemName17 | B54: 电话卡兑换券碎片 | C54: 20022
A55: #PMarket10 | B55: 奖券 | C55: 20023
A56: #PLottery49 | B56: 夺宝券 | C56: 20101
A57: #UIAvatar19 | B57: 头像框 | C57: 30001
A58: #UIAvatar19 | B58: 头像框 | C58: 30002
... A150: #PItem39 | B150: 钥匙 | C150: 70020
B151: 开斋节累计充值礼包1 | C151: 70021
B152: 开斋节累计充值礼包2 | C152: 70022
B153: 开斋节累计充值礼包3 | C153: 70023
B154: 开斋节累计充值礼包4 | C154: 70024
B155: 开斋节累计充值礼包5 | C155: 70025
B156: 开斋特等奖 | C156: 70031
B157: 开斋1等奖 | C157: 70032
B158: 开斋2等奖 | C158: 70033
B159: 开斋3等奖 | C159: 70034
B160: 开斋4等奖 | C160: 70035
B161: 开斋5等奖 | C161: 70036
B162: 开斋6等奖 | C162: 70037
... B176: 存钱罐礼包14 | C176: 70051
A177: #PItem71 | B177: 斋月拉丝糖 | C177: 80001
A178: #PItem72 | B178: 古尔邦节冰淇淋 | C178: 80002
A179: #PItem73 | B179: pass收集物品 | C179: 80003
B180: 联赛积分加成 | C180: 90001
B181: 金色气泡 | C181: 90002
B182: 刮刮卡JACKPOT收集道具 | C182: 90003
A183: cake | B183: 蛋糕 | C183: 1001
A184: heart | B184: 心 | C184: 1002
A185: Roadster | B185: 跑车 | C185: 1003
A186: Houseboat | B186: 游艇 | C186: 1004
A187: Castle | B187: 城堡 | C187: 1005
A188: Necklace | B188: 项链 | C188: 130001
A189: Flower | B189: 玫瑰 | C189: 130002
A190: bombs | B190: 炸弹 | C190: 130003
A191: like | B191: 赞 | C191: 130004
A192: Punch | B192: 击拳 | C192: 130005
A193: Bucket | B193: 水桶 | C193: 130006
A194: Juicy 3 | B194: 果汁3 | C194: 130007
... A259: 6 Stars Pack | B259: 卡包fun卡 | C259: 100006
B260: 1星卡包 | C260: 100001
B261: 2星卡包 | C261: 100002
B262: 3星卡包 | C262: 100003
B263: 4星卡包 | C263: 100004
B264: 5星卡包 | C264: 100005
B265: 金币 | C265: 1
B266: 钻石 | C266: 2
B267: 道具 | C267: 3
B268: 美金 | C268: 9
B271: 99 | C271: gp_hunt_99
B272: 199 | C272: gp_hunt_199
B273: 299 | C273: gp_hunt_1
B274: 399 | C274: gp_hunt_2
B275: 499 | C275: gp_hunt_499
B276: 599 | C276: gp_hunt_599
B277: 699 | C277: gp_hunt_699
B278: 799 | C278: gp_hunt_3
B279: 899 | C279: gp_hunt_4
B280: 999 | C280: gp_hunt_999
B281: 1299 | C281: gp_hunt_5
B282: 1499 | C282: gp_hunt_6
... B320: 9999 | C320: iap_hunt_9999

Sheet 转换
A1: ='体验表-带进度条'!B1 -> 序列 | B1: ='体验表-带进度条'!E1 -> 0 | C1: ='体验表-带进度条'!F1 -> 档位膨胀 | D1: ='体验表-带进度条'!G1 -> 基础金币 | E1: ='体验表-带进度条'!H1 -> 合计金币 | F1: ='体验表-带进度条'!I1 -> 合计美金 | G1: ='体验表-带进度条'!J1 -> 优惠比例 | H1: ='体验表-带进度条'!K1 -> 奖励类型 | I1: ='体验表-带进度条'!L1 -> 奖励类型 1金币 2钻石 3道具 4卡包 9美金(查表) 17美金金币 | ... L1: ='体验表-带进度条'!O1 -> 档位美金 | M1: ='体验表-带进度条'!X1 -> 合计金币 | N1: ='体验表-带进度条'!AA1 -> 合计美金 | O1: ='体验表-带进度条'!AB1 -> 折扣 | Q1: 档位 | R1: 膨胀系数 | T1: VIP膨胀 | U1: 仅VIP膨胀
A2: ='体验表-带进度条'!B2 -> 1 | B2: ='体验表-带进度条'!E2 -> 0 | C2: ='体验表-带进度条'!F2 | D2: ='体验表-带进度条'!G2 -> 0 | E2: ='体验表-带进度条'!H2 -> 0 | F2: ='体验表-带进度条'!I2 -> 0 | G2: ='体验表-带进度条'!J2 -> 0 | H2: ='体验表-带进度条'!K2 -> 金币 | I2: ='体验表-带进度条'!L2 -> 1 | ... L2: ='体验表-带进度条'!O2 -> 0 | M2: ='体验表-带进度条'!X2 -> 0 | N2: ='体验表-带进度条'!AA2 -> 0 | O2: ='体验表-带进度条'!AB2 -> 0 | Q2: 99 | R2: 100 | T2: 0 | U2: 1000000
A3: ='体验表-带进度条'!B3 -> 2 | B3: ='体验表-带进度条'!E3 -> 2.99 | C3: ='体验表-带进度条'!F3 -> 109 | D3: ='体验表-带进度条'!G3 -> 3270000 | E3: ='体验表-带进度条'!H3 -> 3270000 | F3: ='体验表-带进度条'!I3 -> 2.99 | G3: ='体验表-带进度条'!J3 -> 0 | H3: ='体验表-带进度条'!K3 -> 金币 | I3: ='体验表-带进度条'!L3 -> 9 | ... L3: ='体验表-带进度条'!O3 -> 4.16895 | M3: ='体验表-带进度条'!X3 -> 4168950 | N3: ='体验表-带进度条'!AA3 -> 4.16895 | O3: ='体验表-带进度条'!AB3 -> 1.2749083 | Q3: 199 | R3: 100 | T3: 1 | U3: 1250000
A4: ='体验表-带进度条'!B4 -> 3 | B4: ='体验表-带进度条'!E4 -> 0 | C4: ='体验表-带进度条'!F4 | D4: ='体验表-带进度条'!G4 -> 0 | E4: ='体验表-带进度条'!H4 -> 0 | F4: ='体验表-带进度条'!I4 -> 0 | G4: ='体验表-带进度条'!J4 -> 0 | H4: ='体验表-带进度条'!K4 -> 记牌器1个 | I4: ='体验表-带进度条'!L4 -> 3 | ... L4: ='体验表-带进度条'!O4 -> 0 | M4: ='体验表-带进度条'!X4 -> 0 | N4: ='体验表-带进度条'!AA4 -> 0 | O4: ='体验表-带进度条'!AB4 -> 0 | Q4: 299 | R4: 109 | T4: 2 | U4: 1500000
A5: ='体验表-带进度条'!B5 -> 4 | B5: ='体验表-带进度条'!E5 -> 0 | C5: ='体验表-带进度条'!F5 | D5: ='体验表-带进度条'!G5 -> 0 | E5: ='体验表-带进度条'!H5 -> 0 | F5: ='体验表-带进度条'!I5 -> 0 | G5: ='体验表-带进度条'!J5 -> 0.1 | H5: ='体验表-带进度条'!K5 -> 金币 | I5: ='体验表-带进度条'!L5 -> 17 | ... L5: ='体验表-带进度条'!O5 -> 0 | M5: ='体验表-带进度条'!X5 -> 0 | N5: ='体验表-带进度条'!AA5 -> 0 | O5: ='体验表-带进度条'!AB5 -> 0 | Q5: 399 | R5: 114 | T5: 3 | U5: 1750000
A6: ='体验表-带进度条'!B6 -> 5 | B6: ='体验表-带进度条'!E6 -> 0 | C6: ='体验表-带进度条'!F6 | D6: ='体验表-带进度条'!G6 -> 0 | E6: ='体验表-带进度条'!H6 -> 0 | F6: ='体验表-带进度条'!I6 -> 0 | G6: ='体验表-带进度条'!J6 -> 0 | H6: ='体验表-带进度条'!K6 -> 卡包2星 | I6: ='体验表-带进度条'!L6 -> 4 | ... L6: ='体验表-带进度条'!O6 -> 0 | M6: ='体验表-带进度条'!X6 -> 0 | N6: ='体验表-带进度条'!AA6 -> 0 | O6: ='体验表-带进度条'!AB6 -> 0 | Q6: 499 | R6: 119 | T6: 4 | U6: 2000000
A7: ='体验表-带进度条'!B7 -> 6 | B7: ='体验表-带进度条'!E7 -> 0 | C7: ='体验表-带进度条'!F7 | D7: ='体验表-带进度条'!G7 -> 0 | E7: ='体验表-带进度条'!H7 -> 0 | F7: ='体验表-带进度条'!I7 -> 0 | G7: ='体验表-带进度条'!J7 -> 0 | H7: ='体验表-带进度条'!K7 -> 老虎机抽奖券 | I7: ='体验表-带进度条'!L7 -> 3 | ... L7: ='体验表-带进度条'!O7 -> 0 | M7: ='体验表-带进度条'!X7 -> 0 | N7: ='体验表-带进度条'!AA7 -> 0 | O7: ='体验表-带进度条'!AB7 -> 0 | Q7: 599 | R7: 119 | T7: 5 | U7: 2250000
A8: ='体验表-带进度条'!B8 -> 7 | B8: ='体验表-带进度条'!E8 -> 0 | C8: ='体验表-带进度条'!F8 | D8: ='体验表-带进度条'!G8 -> 0 | E8: ='体验表-带进度条'!H8 -> 0 | F8: ='体验表-带进度条'!I8 -> 0 | G8: ='体验表-带进度条'!J8 -> 0 | H8: ='体验表-带进度条'!K8 -> 大奖赛复活券 | I8: ='体验表-带进度条'!L8 -> 3 | ... L8: ='体验表-带进度条'!O8 -> 0 | M8: ='体验表-带进度条'!X8 -> 0 | N8: ='体验表-带进度条'!AA8 -> 0 | O8: ='体验表-带进度条'!AB8 -> 0 | Q8: 699 | R8: 124 | T8: 6 | U8: 2500000
A9: ='体验表-带进度条'!B9 -> 8 | B9: ='体验表-带进度条'!E9 -> 3.99 | C9: ='体验表-带进度条'!F9 -> 114 | D9: ='体验表-带进度条'!G9 -> 4560000 | E9: ='体验表-带进度条'!H9 -> 7830000 | F9: ='体验表-带进度条'!I9 -> 6.98 | G9: ='体验表-带进度条'!J9 -> 0.12 | H9: ='体验表-带进度条'!K9 -> 金币 | I9: ='体验表-带进度条'!L9 -> 9 | ... L9: ='体验表-带进度条'!O9 -> 4.73979 | M9: ='体验表-带进度条'!X9 -> 9987480 | N9: ='体验表-带进度条'!AA9 -> 9.98748 | O9: ='体验表-带进度条'!AB9 -> 1.2755402 | Q9: 799 | R9: 129 | T9: 7 | U9: 2500000
A10: ='体验表-带进度条'!B10 -> 9 | B10: ='体验表-带进度条'!E10 -> 0 | C10: ='体验表-带进度条'!F10 | D10: ='体验表-带进度条'!G10 -> 0 | E10: ='体验表-带进度条'!H10 -> 0 | F10: ='体验表-带进度条'!I10 -> 0 | G10: ='体验表-带进度条'!J10 -> 0 | H10: ='体验表-带进度条'!K10 -> 记牌器1个 | I10: ='体验表-带进度条'!L10 -> 3 | ... L10: ='体验表-带进度条'!O10 -> 0 | M10: ='体验表-带进度条'!X10 -> 0 | N10: ='体验表-带进度条'!AA10 -> 0 | O10: ='体验表-带进度条'!AB10 -> 0 | Q10: 899 | R10: 134 | T10: 8 | U10: 2500000
A11: ='体验表-带进度条'!B11 -> 10 | B11: ='体验表-带进度条'!E11 -> 0 | C11: ='体验表-带进度条'!F11 | D11: ='体验表-带进度条'!G11 -> 0 | E11: ='体验表-带进度条'!H11 -> 0 | F11: ='体验表-带进度条'!I11 -> 0 | G11: ='体验表-带进度条'!J11 -> 0.02 | H11: ='体验表-带进度条'!K11 -> 金币 | I11: ='体验表-带进度条'!L11 -> 17 | ... L11: ='体验表-带进度条'!O11 -> 0 | M11: ='体验表-带进度条'!X11 -> 0 | N11: ='体验表-带进度条'!AA11 -> 0 | O11: ='体验表-带进度条'!AB11 -> 0 | Q11: 999 | R11: 139 | T11: 9 | U11: 2500000
A12: ='体验表-带进度条'!B12 -> 11 | B12: ='体验表-带进度条'!E12 -> 0 | C12: ='体验表-带进度条'!F12 | D12: ='体验表-带进度条'!G12 -> 0 | E12: ='体验表-带进度条'!H12 -> 0 | F12: ='体验表-带进度条'!I12 -> 0 | G12: ='体验表-带进度条'!J12 -> 0 | H12: ='体验表-带进度条'!K12 -> 卡包3星 | I12: ='体验表-带进度条'!L12 -> 4 | ... L12: ='体验表-带进度条'!O12 -> 0 | M12: ='体验表-带进度条'!X12 -> 0 | N12: ='体验表-带进度条'!AA12 -> 0 | O12: ='体验表-带进度条'!AB12 -> 0 | Q12: 1099 | R12: 142 | T12: 10 | U12: 2500000
A13: ='体验表-带进度条'!B13 -> 12 | B13: ='体验表-带进度条'!E13 -> 0 | C13: ='体验表-带进度条'!F13 | D13: ='体验表-带进度条'!G13 -> 0 | E13: ='体验表-带进度条'!H13 -> 0 | F13: ='体验表-带进度条'!I13 -> 0 | G13: ='体验表-带进度条'!J13 -> 0 | H13: ='体验表-带进度条'!K13 -> 老虎机抽奖券 | I13: ='体验表-带进度条'!L13 -> 3 | ... L13: ='体验表-带进度条'!O13 -> 0 | M13: ='体验表-带进度条'!X13 -> 0 | N13: ='体验表-带进度条'!AA13 -> 0 | O13: ='体验表-带进度条'!AB13 -> 0 | Q13: 1199 | R13: 146 | T13: 11 | U13: 2500000
... A17: ='体验表-带进度条'!B17 -> 16 | B17: ='体验表-带进度条'!E17 -> 0 | C17: ='体验表-带进度条'!F17 | D17: ='体验表-带进度条'!G17 -> 0 | E17: ='体验表-带进度条'!H17 -> 0 | F17: ='体验表-带进度条'!I17 -> 0 | G17: ='体验表-带进度条'!J17 -> 0.05 | H17: ='体验表-带进度条'!K17 -> 金币 | I17: ='体验表-带进度条'!L17 -> 17 | ... L17: ='体验表-带进度条'!O17 -> 0 | M17: ='体验表-带进度条'!X17 -> 0 | N17: ='体验表-带进度条'!AA17 -> 0 | O17: ='体验表-带进度条'!AB17 -> 0 | Q17: 1799 | R17: 158 | T17: 15 | U17: 2500000
A18: ='体验表-带进度条'!B18 -> 17 | B18: ='体验表-带进度条'!E18 -> 0 | C18: ='体验表-带进度条'!F18 | D18: ='体验表-带进度条'!G18 -> 0 | E18: ='体验表-带进度条'!H18 -> 0 | F18: ='体验表-带进度条'!I18 -> 0 | G18: ='体验表-带进度条'!J18 -> 0 | H18: ='体验表-带进度条'!K18 -> 卡包4星 | I18: ='体验表-带进度条'!L18 -> 4 | ... L18: ='体验表-带进度条'!O18 -> 0 | M18: ='体验表-带进度条'!X18 -> 0 | N18: ='体验表-带进度条'!AA18 -> 0 | O18: ='体验表-带进度条'!AB18 -> 0 | Q18: 1999 | R18: 158
A19: ='体验表-带进度条'!B19 -> 18 | B19: ='体验表-带进度条'!E19 -> 0 | C19: ='体验表-带进度条'!F19 | D19: ='体验表-带进度条'!G19 -> 0 | E19: ='体验表-带进度条'!H19 -> 0 | F19: ='体验表-带进度条'!I19 -> 0 | G19: ='体验表-带进度条'!J19 -> 0 | H19: ='体验表-带进度条'!K19 -> 老虎机抽奖券 | I19: ='体验表-带进度条'!L19 -> 3 | ... L19: ='体验表-带进度条'!O19 -> 0 | M19: ='体验表-带进度条'!X19 -> 0 | N19: ='体验表-带进度条'!AA19 -> 0 | O19: ='体验表-带进度条'!AB19 -> 0 | Q19: 2499 | R19: 163
A20: ='体验表-带进度条'!B20 -> 19 | B20: ='体验表-带进度条'!E20 -> 0 | C20: ='体验表-带进度条'!F20 | D20: ='体验表-带进度条'!G20 -> 0 | E20: ='体验表-带进度条'!H20 -> 0 | F20: ='体验表-带进度条'!I20 -> 0 | G20: ='体验表-带进度条'!J20 -> 0 | H20: ='体验表-带进度条'!K20 -> 大奖赛复活券 | I20: ='体验表-带进度条'!L20 -> 3 | ... L20: ='体验表-带进度条'!O20 -> 0 | M20: ='体验表-带进度条'!X20 -> 0 | N20: ='体验表-带进度条'!AA20 -> 0 | O20: ='体验表-带进度条'!AB20 -> 0 | Q20: 2999 | R20: 163
A21: ='体验表-带进度条'!B21 -> 20 | B21: ='体验表-带进度条'!E21 -> 6.99 | C21: ='体验表-带进度条'!F21 -> 124 | D21: ='体验表-带进度条'!G21 -> 8680000 | E21: ='体验表-带进度条'!H21 -> 23650000 | F21: ='体验表-带进度条'!I21 -> 19.96 | G21: ='体验表-带进度条'!J21 -> 0.24 | H21: ='体验表-带进度条'!K21 -> 金币 | I21: ='体验表-带进度条'!L21 -> 9 | ... L21: ='体验表-带进度条'!O21 -> 9.39916 | M21: ='体验表-带进度条'!X21 -> 29133595 | N21: ='体验表-带进度条'!AA21 -> 29.133595 | O21: ='体验表-带进度条'!AB21 -> 1.2318645 | Q21: 3499 | R21: 168
A22: ='体验表-带进度条'!B22 -> 21 | B22: ='体验表-带进度条'!E22 -> 0 | C22: ='体验表-带进度条'!F22 | D22: ='体验表-带进度条'!G22 -> 0 | E22: ='体验表-带进度条'!H22 -> 0 | F22: ='体验表-带进度条'!I22 -> 0 | G22: ='体验表-带进度条'!J22 -> 0 | H22: ='体验表-带进度条'!K22 -> 记牌器1个 | I22: ='体验表-带进度条'!L22 -> 3 | ... L22: ='体验表-带进度条'!O22 -> 0 | M22: ='体验表-带进度条'!X22 -> 0 | N22: ='体验表-带进度条'!AA22 -> 0 | O22: ='体验表-带进度条'!AB22 -> 0 | Q22: 3999 | R22: 173
A23: ='体验表-带进度条'!B23 -> 22 | B23: ='体验表-带进度条'!E23 -> 0 | C23: ='体验表-带进度条'!F23 | D23: ='体验表-带进度条'!G23 -> 0 | E23: ='体验表-带进度条'!H23 -> 0 | F23: ='体验表-带进度条'!I23 -> 0 | G23: ='体验表-带进度条'!J23 -> 0.08 | H23: ='体验表-带进度条'!K23 -> 金币 | I23: ='体验表-带进度条'!L23 -> 17 | ... L23: ='体验表-带进度条'!O23 -> 0 | M23: ='体验表-带进度条'!X23 -> 0 | N23: ='体验表-带进度条'!AA23 -> 0 | O23: ='体验表-带进度条'!AB23 -> 0 | Q23: 4499 | R23: 178
A24: ='体验表-带进度条'!B24 -> 23 | B24: ='体验表-带进度条'!E24 -> 0 | C24: ='体验表-带进度条'!F24 | D24: ='体验表-带进度条'!G24 -> 0 | E24: ='体验表-带进度条'!H24 -> 0 | F24: ='体验表-带进度条'!I24 -> 0 | G24: ='体验表-带进度条'!J24 -> 0 | H24: ='体验表-带进度条'!K24 -> 卡包4星 | I24: ='体验表-带进度条'!L24 -> 4 | ... L24: ='体验表-带进度条'!O24 -> 0 | M24: ='体验表-带进度条'!X24 -> 0 | N24: ='体验表-带进度条'!AA24 -> 0 | O24: ='体验表-带进度条'!AB24 -> 0 | Q24: 4999 | R24: 178
A25: ='体验表-带进度条'!B25 -> 24 | B25: ='体验表-带进度条'!E25 -> 0 | C25: ='体验表-带进度条'!F25 | D25: ='体验表-带进度条'!G25 -> 0 | E25: ='体验表-带进度条'!H25 -> 0 | F25: ='体验表-带进度条'!I25 -> 0 | G25: ='体验表-带进度条'!J25 -> 0 | H25: ='体验表-带进度条'!K25 -> 老虎机抽奖券 | I25: ='体验表-带进度条'!L25 -> 3 | ... L25: ='体验表-带进度条'!O25 -> 0 | M25: ='体验表-带进度条'!X25 -> 0 | N25: ='体验表-带进度条'!AA25 -> 0 | O25: ='体验表-带进度条'!AB25 -> 0 | Q25: 5499 | R25: 178
A26: ='体验表-带进度条'!B26 -> 25 | B26: ='体验表-带进度条'!E26 -> 0 | C26: ='体验表-带进度条'!F26 | D26: ='体验表-带进度条'!G26 -> 0 | E26: ='体验表-带进度条'!H26 -> 0 | F26: ='体验表-带进度条'!I26 -> 0 | G26: ='体验表-带进度条'!J26 -> 0 | H26: ='体验表-带进度条'!K26 -> 大奖赛报名券 | I26: ='体验表-带进度条'!L26 -> 3 | ... L26: ='体验表-带进度条'!O26 -> 0 | M26: ='体验表-带进度条'!X26 -> 0 | N26: ='体验表-带进度条'!AA26 -> 0 | O26: ='体验表-带进度条'!AB26 -> 0 | Q26: 5999 | R26: 183
A27: ='体验表-带进度条'!B27 -> 26 | B27: ='体验表-带进度条'!E27 -> 7.99 | C27: ='体验表-带进度条'!F27 -> 129 | D27: ='体验表-带进度条'!G27 -> 10320000 | E27: ='体验表-带进度条'!H27 -> 33970000 | F27: ='体验表-带进度条'!I27 -> 27.95 | G27: ='体验表-带进度条'!J27 -> 0 | H27: ='体验表-带进度条'!K27 -> 金币 | I27: ='体验表-带进度条'!L27 -> 9 | ... L27: ='体验表-带进度条'!O27 -> 10.67958 | M27: ='体验表-带进度条'!X27 -> 39813175 | N27: ='体验表-带进度条'!AA27 -> 39.813175 | O27: ='体验表-带进度条'!AB27 -> 1.1720099 | Q27: 6999 | R27: 183
A28: ='体验表-带进度条'!B28 -> 27 | B28: ='体验表-带进度条'!E28 -> 0 | C28: ='体验表-带进度条'!F28 | D28: ='体验表-带进度条'!G28 -> 0 | E28: ='体验表-带进度条'!H28 -> 0 | F28: ='体验表-带进度条'!I28 -> 0 | G28: ='体验表-带进度条'!J28 -> 0 | H28: ='体验表-带进度条'!K28 -> 记牌器1个 | I28: ='体验表-带进度条'!L28 -> 3 | ... L28: ='体验表-带进度条'!O28 -> 0 | M28: ='体验表-带进度条'!X28 -> 0 | N28: ='体验表-带进度条'!AA28 -> 0 | O28: ='体验表-带进度条'!AB28 -> 0 | Q28: 7499 | R28: 188
A29: ='体验表-带进度条'!B29 -> 28 | B29: ='体验表-带进度条'!E29 -> 0 | C29: ='体验表-带进度条'!F29 | D29: ='体验表-带进度条'!G29 -> 0 | E29: ='体验表-带进度条'!H29 -> 0 | F29: ='体验表-带进度条'!I29 -> 0 | G29: ='体验表-带进度条'!J29 -> 0.04 | H29: ='体验表-带进度条'!K29 -> 金币 | I29: ='体验表-带进度条'!L29 -> 17 | ... L29: ='体验表-带进度条'!O29 -> 0 | M29: ='体验表-带进度条'!X29 -> 0 | N29: ='体验表-带进度条'!AA29 -> 0 | O29: ='体验表-带进度条'!AB29 -> 0 | Q29: 7999 | R29: 188
... A31: ='体验表-带进度条'!B31 -> 30 | B31: ='体验表-带进度条'!E31 -> 0 | C31: ='体验表-带进度条'!F31 | D31: ='体验表-带进度条'!G31 -> 0 | E31: ='体验表-带进度条'!H31 -> 0 | F31: ='体验表-带进度条'!I31 -> 0 | G31: ='体验表-带进度条'!J31 -> 0 | H31: ='体验表-带进度条'!K31 -> 老虎机抽奖券 | I31: ='体验表-带进度条'!L31 -> 3 | ... L31: ='体验表-带进度条'!O31 -> 0 | M31: ='体验表-带进度条'!X31 -> 0 | N31: ='体验表-带进度条'!AA31 -> 0 | O31: ='体验表-带进度条'!AB31 -> 0 | Q31: 9999 | R31: 200
A32: ='体验表-带进度条'!B32 -> 31 | B32: ='体验表-带进度条'!E32 -> 0 | C32: ='体验表-带进度条'!F32 | D32: ='体验表-带进度条'!G32 -> 0 | E32: ='体验表-带进度条'!H32 -> 0 | F32: ='体验表-带进度条'!I32 -> 0 | G32: ='体验表-带进度条'!J32 -> 0 | H32: ='体验表-带进度条'!K32 -> 大奖赛复活券 | I32: ='体验表-带进度条'!L32 -> 3 | ... L32: ='体验表-带进度条'!O32 -> 0 | M32: ='体验表-带进度条'!X32 -> 0 | N32: ='体验表-带进度条'!AA32 -> 0 | O32: ='体验表-带进度条'!AB32 -> 0
A33: ='体验表-带进度条'!B33 -> 32 | B33: ='体验表-带进度条'!E33 -> 8.99 | C33: ='体验表-带进度条'!F33 -> 134 | D33: ='体验表-带进度条'!G33 -> 12060000 | E33: ='体验表-带进度条'!H33 -> 46030000 | F33: ='体验表-带进度条'!I33 -> 36.94 | G33: ='体验表-带进度条'!J33 -> 0 | H33: ='体验表-带进度条'!K33 -> 金币 | I33: ='体验表-带进度条'!L33 -> 9 | ... L33: ='体验表-带进度条'!O33 -> 13.13874 | M33: ='体验表-带进度条'!X33 -> 52951915 | N33: ='体验表-带进度条'!AA33 -> 52.951915 | O33: ='体验表-带进度条'!AB33 -> 1.1503783
A34: ='体验表-带进度条'!B34 -> 33 | B34: ='体验表-带进度条'!E34 -> 0 | C34: ='体验表-带进度条'!F34 | D34: ='体验表-带进度条'!G34 -> 0 | E34: ='体验表-带进度条'!H34 -> 0 | F34: ='体验表-带进度条'!I34 -> 0 | G34: ='体验表-带进度条'!J34 -> 0 | H34: ='体验表-带进度条'!K34 -> 记牌器1个 | I34: ='体验表-带进度条'!L34 -> 3 | ... L34: ='体验表-带进度条'!O34 -> 0 | M34: ='体验表-带进度条'!X34 -> 0 | N34: ='体验表-带进度条'!AA34 -> 0 | O34: ='体验表-带进度条'!AB34 -> 0
A35: ='体验表-带进度条'!B35 -> 34 | B35: ='体验表-带进度条'!E35 -> 0 | C35: ='体验表-带进度条'!F35 | D35: ='体验表-带进度条'!G35 -> 0 | E35: ='体验表-带进度条'!H35 -> 0 | F35: ='体验表-带进度条'!I35 -> 0 | G35: ='体验表-带进度条'!J35 -> 0.12 | H35: ='体验表-带进度条'!K35 -> 金币 | I35: ='体验表-带进度条'!L35 -> 17 | ... L35: ='体验表-带进度条'!O35 -> 0 | M35: ='体验表-带进度条'!X35 -> 0 | N35: ='体验表-带进度条'!AA35 -> 0 | O35: ='体验表-带进度条'!AB35 -> 0
A36: ='体验表-带进度条'!B36 -> 35 | B36: ='体验表-带进度条'!E36 -> 0 | C36: ='体验表-带进度条'!F36 | D36: ='体验表-带进度条'!G36 -> 0 | E36: ='体验表-带进度条'!H36 -> 0 | F36: ='体验表-带进度条'!I36 -> 0 | G36: ='体验表-带进度条'!J36 -> 0 | H36: ='体验表-带进度条'!K36 -> 卡包5星 | I36: ='体验表-带进度条'!L36 -> 4 | ... L36: ='体验表-带进度条'!O36 -> 0 | M36: ='体验表-带进度条'!X36 -> 0 | N36: ='体验表-带进度条'!AA36 -> 0 | O36: ='体验表-带进度条'!AB36 -> 0
A37: ='体验表-带进度条'!B37 -> 36 | B37: ='体验表-带进度条'!E37 -> 0 | C37: ='体验表-带进度条'!F37 | D37: ='体验表-带进度条'!G37 -> 0 | E37: ='体验表-带进度条'!H37 -> 0 | F37: ='体验表-带进度条'!I37 -> 0 | G37: ='体验表-带进度条'!J37 -> 0 | H37: ='体验表-带进度条'!K37 -> 老虎机抽奖券 | I37: ='体验表-带进度条'!L37 -> 3 | ... L37: ='体验表-带进度条'!O37 -> 0 | M37: ='体验表-带进度条'!X37 -> 0 | N37: ='体验表-带进度条'!AA37 -> 0 | O37: ='体验表-带进度条'!AB37 -> 0
A38: ='体验表-带进度条'!B38 -> 37 | B38: ='体验表-带进度条'!E38 -> 0 | C38: ='体验表-带进度条'!F38 | D38: ='体验表-带进度条'!G38 -> 0 | E38: ='体验表-带进度条'!H38 -> 0 | F38: ='体验表-带进度条'!I38 -> 0 | G38: ='体验表-带进度条'!J38 -> 0 | H38: ='体验表-带进度条'!K38 -> 大奖赛报名券 | I38: ='体验表-带进度条'!L38 -> 3 | ... L38: ='体验表-带进度条'!O38 -> 0 | M38: ='体验表-带进度条'!X38 -> 0 | N38: ='体验表-带进度条'!AA38 -> 0 | O38: ='体验表-带进度条'!AB38 -> 0
A39: ='体验表-带进度条'!B39 -> 38 | B39: ='体验表-带进度条'!E39 -> 9.99 | C39: ='体验表-带进度条'!F39 -> 139 | D39: ='体验表-带进度条'!G39 -> 13900000 | E39: ='体验表-带进度条'!H39 -> 59930000 | F39: ='体验表-带进度条'!I39 -> 46.93 | G39: ='体验表-带进度条'!J39 -> 0.45 | H39: ='体验表-带进度条'!K39 -> 金币 | I39: ='体验表-带进度条'!L39 -> 9 | ... L39: ='体验表-带进度条'!O39 -> 14.97874 | M39: ='体验表-带进度条'!X39 -> 71975930 | N39: ='体验表-带进度条'!AA39 -> 71.97593 | O39: ='体验表-带进度条'!AB39 -> 1.201
A40: ='体验表-带进度条'!B40 -> 39 | B40: ='体验表-带进度条'!E40 -> 0 | C40: ='体验表-带进度条'!F40 | D40: ='体验表-带进度条'!G40 -> 0 | E40: ='体验表-带进度条'!H40 -> 0 | F40: ='体验表-带进度条'!I40 -> 0 | G40: ='体验表-带进度条'!J40 -> 0 | H40: ='体验表-带进度条'!K40 -> 记牌器1个 | I40: ='体验表-带进度条'!L40 -> 3 | ... L40: ='体验表-带进度条'!O40 -> 0 | M40: ='体验表-带进度条'!X40 -> 0 | N40: ='体验表-带进度条'!AA40 -> 0 | O40: ='体验表-带进度条'!AB40 -> 0
A41: ='体验表-带进度条'!B41 -> 40 | B41: ='体验表-带进度条'!E41 -> 0 | C41: ='体验表-带进度条'!F41 | D41: ='体验表-带进度条'!G41 -> 0 | E41: ='体验表-带进度条'!H41 -> 0 | F41: ='体验表-带进度条'!I41 -> 0 | G41: ='体验表-带进度条'!J41 -> 0.12 | H41: ='体验表-带进度条'!K41 -> 金币 | I41: ='体验表-带进度条'!L41 -> 17 | ... L41: ='体验表-带进度条'!O41 -> 0 | M41: ='体验表-带进度条'!X41 -> 0 | N41: ='体验表-带进度条'!AA41 -> 0 | O41: ='体验表-带进度条'!AB41 -> 0
A42: ='体验表-带进度条'!B42 -> 41 | B42: ='体验表-带进度条'!E42 -> 0 | C42: ='体验表-带进度条'!F42 | D42: ='体验表-带进度条'!G42 -> 0 | E42: ='体验表-带进度条'!H42 -> 0 | F42: ='体验表-带进度条'!I42 -> 0 | G42: ='体验表-带进度条'!J42 -> 0 | H42: ='体验表-带进度条'!K42 -> 卡包fun卡 | I42: ='体验表-带进度条'!L42 -> 4 | ... L42: ='体验表-带进度条'!O42 -> 0 | M42: ='体验表-带进度条'!X42 -> 0 | N42: ='体验表-带进度条'!AA42 -> 0 | O42: ='体验表-带进度条'!AB42 -> 0
A43: ='体验表-带进度条'!B43 -> 42 | B43: ='体验表-带进度条'!E43 -> 0 | C43: ='体验表-带进度条'!F43 | D43: ='体验表-带进度条'!G43 -> 0 | E43: ='体验表-带进度条'!H43 -> 0 | F43: ='体验表-带进度条'!I43 -> 0 | G43: ='体验表-带进度条'!J43 -> 0 | H43: ='体验表-带进度条'!K43 -> 老虎机抽奖券 | I43: ='体验表-带进度条'!L43 -> 3 | ... L43: ='体验表-带进度条'!O43 -> 0 | M43: ='体验表-带进度条'!X43 -> 0 | N43: ='体验表-带进度条'!AA43 -> 0 | O43: ='体验表-带进度条'!AB43 -> 0
... A474: ='体验表-带进度条'!B474 -> 43 | B474: ='体验表-带进度条'!E474 -> 0 | C474: ='体验表-带进度条'!F474 | D474: ='体验表-带进度条'!G474 -> 0 | E474: ='体验表-带进度条'!H474 -> 0 | F474: ='体验表-带进度条'!I474 -> 0 | G474: ='体验表-带进度条'!J474 -> 0 | H474: ='体验表-带进度条'!K474 -> 大奖赛复活券 | I474: ='体验表-带进度条'!L474 -> 3 | ... L474: ='体验表-带进度条'!O474 -> 0 | M474: ='体验表-带进度条'!X474 -> 0 | N474: ='体验表-带进度条'!AA474 -> 0 | O474: ='体验表-带进度条'!AB474 -> 0

Sheet 体验表-备份
A1: ='体验表-带进度条'!B1 -> 序列 | B1: ='体验表-带进度条'!E1 -> 0 | C1: ='体验表-带进度条'!F1 -> 档位膨胀 | D1: ='体验表-带进度条'!G1 -> 基础金币 | E1: ='体验表-带进度条'!H1 -> 合计金币 | F1: ='体验表-带进度条'!I1 -> 合计美金 | G1: ='体验表-带进度条'!J1 -> 优惠比例 | H1: ='体验表-带进度条'!K1 -> 奖励类型 | I1: ='体验表-带进度条'!L1 -> 奖励类型 1金币 2钻石 3道具 4卡包 9美金(查表) 17美金金币 | ... L1: ='体验表-带进度条'!O1 -> 档位美金 | M1: ='体验表-带进度条'!X1 -> 合计金币 | N1: ='体验表-带进度条'!AA1 -> 合计美金 | O1: ='体验表-带进度条'!AB1 -> 折扣 | Q1: ='体验表-带进度条'!AD1 -> 总计美金 | S1: 档位 | T1: 膨胀系数 | V1: VIP膨胀 | W1: 仅VIP膨胀
A2: ='体验表-带进度条'!B2 -> 1 | B2: ='体验表-带进度条'!E2 -> 0 | C2: ='体验表-带进度条'!F2 | D2: ='体验表-带进度条'!G2 -> 0 | E2: ='体验表-带进度条'!H2 -> 0 | F2: ='体验表-带进度条'!I2 -> 0 | G2: ='体验表-带进度条'!J2 -> 0 | H2: ='体验表-带进度条'!K2 -> 金币 | I2: ='体验表-带进度条'!L2 -> 1 | ... L2: ='体验表-带进度条'!O2 -> 0 | M2: ='体验表-带进度条'!X2 -> 0 | N2: ='体验表-带进度条'!AA2 -> 0 | O2: ='体验表-带进度条'!AB2 -> 0 | Q2: ='体验表-带进度条'!AD2 -> 46.93 | S2: 99 | T2: 100 | V2: 0 | W2: 1000000
A3: ='体验表-带进度条'!B3 -> 2 | B3: ='体验表-带进度条'!E3 -> 2.99 | C3: ='体验表-带进度条'!F3 -> 109 | D3: ='体验表-带进度条'!G3 -> 3270000 | E3: ='体验表-带进度条'!H3 -> 3270000 | F3: ='体验表-带进度条'!I3 -> 2.99 | G3: ='体验表-带进度条'!J3 -> 0 | H3: ='体验表-带进度条'!K3 -> 金币 | I3: ='体验表-带进度条'!L3 -> 9 | ... L3: ='体验表-带进度条'!O3 -> 4.16895 | M3: ='体验表-带进度条'!X3 -> 4168950 | N3: ='体验表-带进度条'!AA3 -> 4.16895 | O3: ='体验表-带进度条'!AB3 -> 1.2749083 | Q3: ='体验表-带进度条'!AD3 -> 总优惠比例 | S3: 199 | T3: 100 | V3: 1 | W3: 1250000
A4: ='体验表-带进度条'!B4 -> 3 | B4: ='体验表-带进度条'!E4 -> 0 | C4: ='体验表-带进度条'!F4 | D4: ='体验表-带进度条'!G4 -> 0 | E4: ='体验表-带进度条'!H4 -> 0 | F4: ='体验表-带进度条'!I4 -> 0 | G4: ='体验表-带进度条'!J4 -> 0 | H4: ='体验表-带进度条'!K4 -> 记牌器1个 | I4: ='体验表-带进度条'!L4 -> 3 | ... L4: ='体验表-带进度条'!O4 -> 0 | M4: ='体验表-带进度条'!X4 -> 0 | N4: ='体验表-带进度条'!AA4 -> 0 | O4: ='体验表-带进度条'!AB4 -> 0 | Q4: ='体验表-带进度条'!AD4 -> 1.15 | S4: 299 | T4: 109 | V4: 2 | W4: 1500000
A5: ='体验表-带进度条'!B5 -> 4 | B5: ='体验表-带进度条'!E5 -> 0 | C5: ='体验表-带进度条'!F5 | D5: ='体验表-带进度条'!G5 -> 0 | E5: ='体验表-带进度条'!H5 -> 0 | F5: ='体验表-带进度条'!I5 -> 0 | G5: ='体验表-带进度条'!J5 -> 0.1 | H5: ='体验表-带进度条'!K5 -> 金币 | I5: ='体验表-带进度条'!L5 -> 17 | ... L5: ='体验表-带进度条'!O5 -> 0 | M5: ='体验表-带进度条'!X5 -> 0 | N5: ='体验表-带进度条'!AA5 -> 0 | O5: ='体验表-带进度条'!AB5 -> 0 | Q5: ='体验表-带进度条'!AD5 -> 优惠金币 | S5: 399 | T5: 114 | V5: 3 | W5: 1750000
A6: ='体验表-带进度条'!B6 -> 5 | B6: ='体验表-带进度条'!E6 -> 0 | C6: ='体验表-带进度条'!F6 | D6: ='体验表-带进度条'!G6 -> 0 | E6: ='体验表-带进度条'!H6 -> 0 | F6: ='体验表-带进度条'!I6 -> 0 | G6: ='体验表-带进度条'!J6 -> 0 | H6: ='体验表-带进度条'!K6 -> 卡包2星 | I6: ='体验表-带进度条'!L6 -> 4 | ... L6: ='体验表-带进度条'!O6 -> 0 | M6: ='体验表-带进度条'!X6 -> 0 | N6: ='体验表-带进度条'!AA6 -> 0 | O6: ='体验表-带进度条'!AB6 -> 0 | Q6: ='体验表-带进度条'!AD6 -> 8989500 | S6: 499 | T6: 119 | V6: 4 | W6: 2000000
A7: ='体验表-带进度条'!B7 -> 6 | B7: ='体验表-带进度条'!E7 -> 0 | C7: ='体验表-带进度条'!F7 | D7: ='体验表-带进度条'!G7 -> 0 | E7: ='体验表-带进度条'!H7 -> 0 | F7: ='体验表-带进度条'!I7 -> 0 | G7: ='体验表-带进度条'!J7 -> 0 | H7: ='体验表-带进度条'!K7 -> 老虎机抽奖券 | I7: ='体验表-带进度条'!L7 -> 3 | ... L7: ='体验表-带进度条'!O7 -> 0 | M7: ='体验表-带进度条'!X7 -> 0 | N7: ='体验表-带进度条'!AA7 -> 0 | O7: ='体验表-带进度条'!AB7 -> 0 | Q7: ='体验表-带进度条'!AD7 -> 总优惠进度 | S7: 599 | T7: 119 | V7: 5 | W7: 2250000
A8: ='体验表-带进度条'!B8 -> 7 | B8: ='体验表-带进度条'!E8 -> 0 | C8: ='体验表-带进度条'!F8 | D8: ='体验表-带进度条'!G8 -> 0 | E8: ='体验表-带进度条'!H8 -> 0 | F8: ='体验表-带进度条'!I8 -> 0 | G8: ='体验表-带进度条'!J8 -> 0 | H8: ='体验表-带进度条'!K8 -> 大奖赛复活券 | I8: ='体验表-带进度条'!L8 -> 3 | ... L8: ='体验表-带进度条'!O8 -> 0 | M8: ='体验表-带进度条'!X8 -> 0 | N8: ='体验表-带进度条'!AA8 -> 0 | O8: ='体验表-带进度条'!AB8 -> 0 | Q8: ='体验表-带进度条'!AD8 -> 1.34 | S8: 699 | T8: 124 | V8: 6 | W8: 2500000
A9: ='体验表-带进度条'!B9 -> 8 | B9: ='体验表-带进度条'!E9 -> 3.99 | C9: ='体验表-带进度条'!F9 -> 114 | D9: ='体验表-带进度条'!G9 -> 4560000 | E9: ='体验表-带进度条'!H9 -> 7830000 | F9: ='体验表-带进度条'!I9 -> 6.98 | G9: ='体验表-带进度条'!J9 -> 0.12 | H9: ='体验表-带进度条'!K9 -> 金币 | I9: ='体验表-带进度条'!L9 -> 9 | ... L9: ='体验表-带进度条'!O9 -> 4.73979 | M9: ='体验表-带进度条'!X9 -> 9987480 | N9: ='体验表-带进度条'!AA9 -> 9.98748 | O9: ='体验表-带进度条'!AB9 -> 1.2755402 | S9: 799 | T9: 129 | V9: 7 | W9: 2500000
A10: ='体验表-带进度条'!B10 -> 9 | B10: ='体验表-带进度条'!E10 -> 0 | C10: ='体验表-带进度条'!F10 | D10: ='体验表-带进度条'!G10 -> 0 | E10: ='体验表-带进度条'!H10 -> 0 | F10: ='体验表-带进度条'!I10 -> 0 | G10: ='体验表-带进度条'!J10 -> 0 | H10: ='体验表-带进度条'!K10 -> 记牌器1个 | I10: ='体验表-带进度条'!L10 -> 3 | ... L10: ='体验表-带进度条'!O10 -> 0 | M10: ='体验表-带进度条'!X10 -> 0 | N10: ='体验表-带进度条'!AA10 -> 0 | O10: ='体验表-带进度条'!AB10 -> 0 | S10: 899 | T10: 134 | V10: 8 | W10: 2500000
A11: ='体验表-带进度条'!B11 -> 10 | B11: ='体验表-带进度条'!E11 -> 0 | C11: ='体验表-带进度条'!F11 | D11: ='体验表-带进度条'!G11 -> 0 | E11: ='体验表-带进度条'!H11 -> 0 | F11: ='体验表-带进度条'!I11 -> 0 | G11: ='体验表-带进度条'!J11 -> 0.02 | H11: ='体验表-带进度条'!K11 -> 金币 | I11: ='体验表-带进度条'!L11 -> 17 | ... L11: ='体验表-带进度条'!O11 -> 0 | M11: ='体验表-带进度条'!X11 -> 0 | N11: ='体验表-带进度条'!AA11 -> 0 | O11: ='体验表-带进度条'!AB11 -> 0 | S11: 999 | T11: 139 | V11: 9 | W11: 2500000
A12: ='体验表-带进度条'!B12 -> 11 | B12: ='体验表-带进度条'!E12 -> 0 | C12: ='体验表-带进度条'!F12 | D12: ='体验表-带进度条'!G12 -> 0 | E12: ='体验表-带进度条'!H12 -> 0 | F12: ='体验表-带进度条'!I12 -> 0 | G12: ='体验表-带进度条'!J12 -> 0 | H12: ='体验表-带进度条'!K12 -> 卡包3星 | I12: ='体验表-带进度条'!L12 -> 4 | ... L12: ='体验表-带进度条'!O12 -> 0 | M12: ='体验表-带进度条'!X12 -> 0 | N12: ='体验表-带进度条'!AA12 -> 0 | O12: ='体验表-带进度条'!AB12 -> 0 | S12: 1099 | T12: 142 | V12: 10 | W12: 2500000
A13: ='体验表-带进度条'!B13 -> 12 | B13: ='体验表-带进度条'!E13 -> 0 | C13: ='体验表-带进度条'!F13 | D13: ='体验表-带进度条'!G13 -> 0 | E13: ='体验表-带进度条'!H13 -> 0 | F13: ='体验表-带进度条'!I13 -> 0 | G13: ='体验表-带进度条'!J13 -> 0 | H13: ='体验表-带进度条'!K13 -> 老虎机抽奖券 | I13: ='体验表-带进度条'!L13 -> 3 | ... L13: ='体验表-带进度条'!O13 -> 0 | M13: ='体验表-带进度条'!X13 -> 0 | N13: ='体验表-带进度条'!AA13 -> 0 | O13: ='体验表-带进度条'!AB13 -> 0 | S13: 1199 | T13: 146 | V13: 11 | W13: 2500000
A14: ='体验表-带进度条'!B14 -> 13 | B14: ='体验表-带进度条'!E14 -> 0 | C14: ='体验表-带进度条'!F14 | D14: ='体验表-带进度条'!G14 -> 0 | E14: ='体验表-带进度条'!H14 -> 0 | F14: ='体验表-带进度条'!I14 -> 0 | G14: ='体验表-带进度条'!J14 -> 0 | H14: ='体验表-带进度条'!K14 -> 大奖赛报名券 | I14: ='体验表-带进度条'!L14 -> 3 | ... L14: ='体验表-带进度条'!O14 -> 0 | M14: ='体验表-带进度条'!X14 -> 0 | N14: ='体验表-带进度条'!AA14 -> 0 | O14: ='体验表-带进度条'!AB14 -> 0 | S14: 1299 | T14: 149 | V14: 12 | W14: 2500000
A15: ='体验表-带进度条'!B15 -> 14 | B15: ='体验表-带进度条'!E15 -> 5.99 | C15: ='体验表-带进度条'!F15 -> 119 | D15: ='体验表-带进度条'!G15 -> 7140000 | E15: ='体验表-带进度条'!H15 -> 14970000 | F15: ='体验表-带进度条'!I15 -> 12.97 | G15: ='体验表-带进度条'!J15 -> 0 | H15: ='体验表-带进度条'!K15 -> 金币 | I15: ='体验表-带进度条'!L15 -> 9 | ... L15: ='体验表-带进度条'!O15 -> 7.589475 | M15: ='体验表-带进度条'!X15 -> 17576955 | N15: ='体验表-带进度条'!AA15 -> 17.576955 | O15: ='体验表-带进度条'!AB15 -> 1.1741453 | S15: 1399 | T15: 151 | V15: 13 | W15: 2500000
A16: ='体验表-带进度条'!B16 -> 15 | B16: ='体验表-带进度条'!E16 -> 0 | C16: ='体验表-带进度条'!F16 | D16: ='体验表-带进度条'!G16 -> 0 | E16: ='体验表-带进度条'!H16 -> 0 | F16: ='体验表-带进度条'!I16 -> 0 | G16: ='体验表-带进度条'!J16 -> 0 | H16: ='体验表-带进度条'!K16 -> 记牌器1个 | I16: ='体验表-带进度条'!L16 -> 3 | ... L16: ='体验表-带进度条'!O16 -> 0 | M16: ='体验表-带进度条'!X16 -> 0 | N16: ='体验表-带进度条'!AA16 -> 0 | O16: ='体验表-带进度条'!AB16 -> 0 | S16: 1499 | T16: 154 | V16: 14 | W16: 2500000
A17: ='体验表-带进度条'!B17 -> 16 | B17: ='体验表-带进度条'!E17 -> 0 | C17: ='体验表-带进度条'!F17 | D17: ='体验表-带进度条'!G17 -> 0 | E17: ='体验表-带进度条'!H17 -> 0 | F17: ='体验表-带进度条'!I17 -> 0 | G17: ='体验表-带进度条'!J17 -> 0.05 | H17: ='体验表-带进度条'!K17 -> 金币 | I17: ='体验表-带进度条'!L17 -> 17 | ... L17: ='体验表-带进度条'!O17 -> 0 | M17: ='体验表-带进度条'!X17 -> 0 | N17: ='体验表-带进度条'!AA17 -> 0 | O17: ='体验表-带进度条'!AB17 -> 0 | S17: 1799 | T17: 158 | V17: 15 | W17: 2500000
A18: ='体验表-带进度条'!B18 -> 17 | B18: ='体验表-带进度条'!E18 -> 0 | C18: ='体验表-带进度条'!F18 | D18: ='体验表-带进度条'!G18 -> 0 | E18: ='体验表-带进度条'!H18 -> 0 | F18: ='体验表-带进度条'!I18 -> 0 | G18: ='体验表-带进度条'!J18 -> 0 | H18: ='体验表-带进度条'!K18 -> 卡包4星 | I18: ='体验表-带进度条'!L18 -> 4 | ... L18: ='体验表-带进度条'!O18 -> 0 | M18: ='体验表-带进度条'!X18 -> 0 | N18: ='体验表-带进度条'!AA18 -> 0 | O18: ='体验表-带进度条'!AB18 -> 0 | S18: 1999 | T18: 158
A19: ='体验表-带进度条'!B19 -> 18 | B19: ='体验表-带进度条'!E19 -> 0 | C19: ='体验表-带进度条'!F19 | D19: ='体验表-带进度条'!G19 -> 0 | E19: ='体验表-带进度条'!H19 -> 0 | F19: ='体验表-带进度条'!I19 -> 0 | G19: ='体验表-带进度条'!J19 -> 0 | H19: ='体验表-带进度条'!K19 -> 老虎机抽奖券 | I19: ='体验表-带进度条'!L19 -> 3 | ... L19: ='体验表-带进度条'!O19 -> 0 | M19: ='体验表-带进度条'!X19 -> 0 | N19: ='体验表-带进度条'!AA19 -> 0 | O19: ='体验表-带进度条'!AB19 -> 0 | S19: 2499 | T19: 163
A20: ='体验表-带进度条'!B20 -> 19 | B20: ='体验表-带进度条'!E20 -> 0 | C20: ='体验表-带进度条'!F20 | D20: ='体验表-带进度条'!G20 -> 0 | E20: ='体验表-带进度条'!H20 -> 0 | F20: ='体验表-带进度条'!I20 -> 0 | G20: ='体验表-带进度条'!J20 -> 0 | H20: ='体验表-带进度条'!K20 -> 大奖赛复活券 | I20: ='体验表-带进度条'!L20 -> 3 | ... L20: ='体验表-带进度条'!O20 -> 0 | M20: ='体验表-带进度条'!X20 -> 0 | N20: ='体验表-带进度条'!AA20 -> 0 | O20: ='体验表-带进度条'!AB20 -> 0 | S20: 2999 | T20: 163
A21: ='体验表-带进度条'!B21 -> 20 | B21: ='体验表-带进度条'!E21 -> 6.99 | C21: ='体验表-带进度条'!F21 -> 124 | D21: ='体验表-带进度条'!G21 -> 8680000 | E21: ='体验表-带进度条'!H21 -> 23650000 | F21: ='体验表-带进度条'!I21 -> 19.96 | G21: ='体验表-带进度条'!J21 -> 0.24 | H21: ='体验表-带进度条'!K21 -> 金币 | I21: ='体验表-带进度条'!L21 -> 9 | ... L21: ='体验表-带进度条'!O21 -> 9.39916 | M21: ='体验表-带进度条'!X21 -> 29133595 | N21: ='体验表-带进度条'!AA21 -> 29.133595 | O21: ='体验表-带进度条'!AB21 -> 1.2318645 | S21: 3499 | T21: 168
A22: ='体验表-带进度条'!B22 -> 21 | B22: ='体验表-带进度条'!E22 -> 0 | C22: ='体验表-带进度条'!F22 | D22: ='体验表-带进度条'!G22 -> 0 | E22: ='体验表-带进度条'!H22 -> 0 | F22: ='体验表-带进度条'!I22 -> 0 | G22: ='体验表-带进度条'!J22 -> 0 | H22: ='体验表-带进度条'!K22 -> 记牌器1个 | I22: ='体验表-带进度条'!L22 -> 3 | ... L22: ='体验表-带进度条'!O22 -> 0 | M22: ='体验表-带进度条'!X22 -> 0 | N22: ='体验表-带进度条'!AA22 -> 0 | O22: ='体验表-带进度条'!AB22 -> 0 | S22: 3999 | T22: 173
A23: ='体验表-带进度条'!B23 -> 22 | B23: ='体验表-带进度条'!E23 -> 0 | C23: ='体验表-带进度条'!F23 | D23: ='体验表-带进度条'!G23 -> 0 | E23: ='体验表-带进度条'!H23 -> 0 | F23: ='体验表-带进度条'!I23 -> 0 | G23: ='体验表-带进度条'!J23 -> 0.08 | H23: ='体验表-带进度条'!K23 -> 金币 | I23: ='体验表-带进度条'!L23 -> 17 | ... L23: ='体验表-带进度条'!O23 -> 0 | M23: ='体验表-带进度条'!X23 -> 0 | N23: ='体验表-带进度条'!AA23 -> 0 | O23: ='体验表-带进度条'!AB23 -> 0 | S23: 4499 | T23: 178
A24: ='体验表-带进度条'!B24 -> 23 | B24: ='体验表-带进度条'!E24 -> 0 | C24: ='体验表-带进度条'!F24 | D24: ='体验表-带进度条'!G24 -> 0 | E24: ='体验表-带进度条'!H24 -> 0 | F24: ='体验表-带进度条'!I24 -> 0 | G24: ='体验表-带进度条'!J24 -> 0 | H24: ='体验表-带进度条'!K24 -> 卡包4星 | I24: ='体验表-带进度条'!L24 -> 4 | ... L24: ='体验表-带进度条'!O24 -> 0 | M24: ='体验表-带进度条'!X24 -> 0 | N24: ='体验表-带进度条'!AA24 -> 0 | O24: ='体验表-带进度条'!AB24 -> 0 | S24: 4999 | T24: 178
A25: ='体验表-带进度条'!B25 -> 24 | B25: ='体验表-带进度条'!E25 -> 0 | C25: ='体验表-带进度条'!F25 | D25: ='体验表-带进度条'!G25 -> 0 | E25: ='体验表-带进度条'!H25 -> 0 | F25: ='体验表-带进度条'!I25 -> 0 | G25: ='体验表-带进度条'!J25 -> 0 | H25: ='体验表-带进度条'!K25 -> 老虎机抽奖券 | I25: ='体验表-带进度条'!L25 -> 3 | ... L25: ='体验表-带进度条'!O25 -> 0 | M25: ='体验表-带进度条'!X25 -> 0 | N25: ='体验表-带进度条'!AA25 -> 0 | O25: ='体验表-带进度条'!AB25 -> 0 | S25: 5499 | T25: 178
A26: ='体验表-带进度条'!B26 -> 25 | B26: ='体验表-带进度条'!E26 -> 0 | C26: ='体验表-带进度条'!F26 | D26: ='体验表-带进度条'!G26 -> 0 | E26: ='体验表-带进度条'!H26 -> 0 | F26: ='体验表-带进度条'!I26 -> 0 | G26: ='体验表-带进度条'!J26 -> 0 | H26: ='体验表-带进度条'!K26 -> 大奖赛报名券 | I26: ='体验表-带进度条'!L26 -> 3 | ... L26: ='体验表-带进度条'!O26 -> 0 | M26: ='体验表-带进度条'!X26 -> 0 | N26: ='体验表-带进度条'!AA26 -> 0 | O26: ='体验表-带进度条'!AB26 -> 0 | S26: 5999 | T26: 183
A27: ='体验表-带进度条'!B27 -> 26 | B27: ='体验表-带进度条'!E27 -> 7.99 | C27: ='体验表-带进度条'!F27 -> 129 | D27: ='体验表-带进度条'!G27 -> 10320000 | E27: ='体验表-带进度条'!H27 -> 33970000 | F27: ='体验表-带进度条'!I27 -> 27.95 | G27: ='体验表-带进度条'!J27 -> 0 | H27: ='体验表-带进度条'!K27 -> 金币 | I27: ='体验表-带进度条'!L27 -> 9 | ... L27: ='体验表-带进度条'!O27 -> 10.67958 | M27: ='体验表-带进度条'!X27 -> 39813175 | N27: ='体验表-带进度条'!AA27 -> 39.813175 | O27: ='体验表-带进度条'!AB27 -> 1.1720099 | S27: 6999 | T27: 183
A28: ='体验表-带进度条'!B28 -> 27 | B28: ='体验表-带进度条'!E28 -> 0 | C28: ='体验表-带进度条'!F28 | D28: ='体验表-带进度条'!G28 -> 0 | E28: ='体验表-带进度条'!H28 -> 0 | F28: ='体验表-带进度条'!I28 -> 0 | G28: ='体验表-带进度条'!J28 -> 0 | H28: ='体验表-带进度条'!K28 -> 记牌器1个 | I28: ='体验表-带进度条'!L28 -> 3 | ... L28: ='体验表-带进度条'!O28 -> 0 | M28: ='体验表-带进度条'!X28 -> 0 | N28: ='体验表-带进度条'!AA28 -> 0 | O28: ='体验表-带进度条'!AB28 -> 0 | S28: 7499 | T28: 188
A29: ='体验表-带进度条'!B29 -> 28 | B29: ='体验表-带进度条'!E29 -> 0 | C29: ='体验表-带进度条'!F29 | D29: ='体验表-带进度条'!G29 -> 0 | E29: ='体验表-带进度条'!H29 -> 0 | F29: ='体验表-带进度条'!I29 -> 0 | G29: ='体验表-带进度条'!J29 -> 0.04 | H29: ='体验表-带进度条'!K29 -> 金币 | I29: ='体验表-带进度条'!L29 -> 17 | ... L29: ='体验表-带进度条'!O29 -> 0 | M29: ='体验表-带进度条'!X29 -> 0 | N29: ='体验表-带进度条'!AA29 -> 0 | O29: ='体验表-带进度条'!AB29 -> 0 | S29: 7999 | T29: 188
... A31: ='体验表-带进度条'!B31 -> 30 | B31: ='体验表-带进度条'!E31 -> 0 | C31: ='体验表-带进度条'!F31 | D31: ='体验表-带进度条'!G31 -> 0 | E31: ='体验表-带进度条'!H31 -> 0 | F31: ='体验表-带进度条'!I31 -> 0 | G31: ='体验表-带进度条'!J31 -> 0 | H31: ='体验表-带进度条'!K31 -> 老虎机抽奖券 | I31: ='体验表-带进度条'!L31 -> 3 | ... L31: ='体验表-带进度条'!O31 -> 0 | M31: ='体验表-带进度条'!X31 -> 0 | N31: ='体验表-带进度条'!AA31 -> 0 | O31: ='体验表-带进度条'!AB31 -> 0 | S31: 9999 | T31: 200
A32: ='体验表-带进度条'!B32 -> 31 | B32: ='体验表-带进度条'!E32 -> 0 | C32: ='体验表-带进度条'!F32 | D32: ='体验表-带进度条'!G32 -> 0 | E32: ='体验表-带进度条'!H32 -> 0 | F32: ='体验表-带进度条'!I32 -> 0 | G32: ='体验表-带进度条'!J32 -> 0 | H32: ='体验表-带进度条'!K32 -> 大奖赛复活券 | I32: ='体验表-带进度条'!L32 -> 3 | ... L32: ='体验表-带进度条'!O32 -> 0 | M32: ='体验表-带进度条'!X32 -> 0 | N32: ='体验表-带进度条'!AA32 -> 0 | O32: ='体验表-带进度条'!AB32 -> 0
A33: ='体验表-带进度条'!B33 -> 32 | B33: ='体验表-带进度条'!E33 -> 8.99 | C33: ='体验表-带进度条'!F33 -> 134 | D33: ='体验表-带进度条'!G33 -> 12060000 | E33: ='体验表-带进度条'!H33 -> 46030000 | F33: ='体验表-带进度条'!I33 -> 36.94 | G33: ='体验表-带进度条'!J33 -> 0 | H33: ='体验表-带进度条'!K33 -> 金币 | I33: ='体验表-带进度条'!L33 -> 9 | ... L33: ='体验表-带进度条'!O33 -> 13.13874 | M33: ='体验表-带进度条'!X33 -> 52951915 | N33: ='体验表-带进度条'!AA33 -> 52.951915 | O33: ='体验表-带进度条'!AB33 -> 1.1503783
A34: ='体验表-带进度条'!B34 -> 33 | B34: ='体验表-带进度条'!E34 -> 0 | C34: ='体验表-带进度条'!F34 | D34: ='体验表-带进度条'!G34 -> 0 | E34: ='体验表-带进度条'!H34 -> 0 | F34: ='体验表-带进度条'!I34 -> 0 | G34: ='体验表-带进度条'!J34 -> 0 | H34: ='体验表-带进度条'!K34 -> 记牌器1个 | I34: ='体验表-带进度条'!L34 -> 3 | ... L34: ='体验表-带进度条'!O34 -> 0 | M34: ='体验表-带进度条'!X34 -> 0 | N34: ='体验表-带进度条'!AA34 -> 0 | O34: ='体验表-带进度条'!AB34 -> 0
A35: ='体验表-带进度条'!B35 -> 34 | B35: ='体验表-带进度条'!E35 -> 0 | C35: ='体验表-带进度条'!F35 | D35: ='体验表-带进度条'!G35 -> 0 | E35: ='体验表-带进度条'!H35 -> 0 | F35: ='体验表-带进度条'!I35 -> 0 | G35: ='体验表-带进度条'!J35 -> 0.12 | H35: ='体验表-带进度条'!K35 -> 金币 | I35: ='体验表-带进度条'!L35 -> 17 | ... L35: ='体验表-带进度条'!O35 -> 0 | M35: ='体验表-带进度条'!X35 -> 0 | N35: ='体验表-带进度条'!AA35 -> 0 | O35: ='体验表-带进度条'!AB35 -> 0
A36: ='体验表-带进度条'!B36 -> 35 | B36: ='体验表-带进度条'!E36 -> 0 | C36: ='体验表-带进度条'!F36 | D36: ='体验表-带进度条'!G36 -> 0 | E36: ='体验表-带进度条'!H36 -> 0 | F36: ='体验表-带进度条'!I36 -> 0 | G36: ='体验表-带进度条'!J36 -> 0 | H36: ='体验表-带进度条'!K36 -> 卡包5星 | I36: ='体验表-带进度条'!L36 -> 4 | ... L36: ='体验表-带进度条'!O36 -> 0 | M36: ='体验表-带进度条'!X36 -> 0 | N36: ='体验表-带进度条'!AA36 -> 0 | O36: ='体验表-带进度条'!AB36 -> 0
A37: ='体验表-带进度条'!B37 -> 36 | B37: ='体验表-带进度条'!E37 -> 0 | C37: ='体验表-带进度条'!F37 | D37: ='体验表-带进度条'!G37 -> 0 | E37: ='体验表-带进度条'!H37 -> 0 | F37: ='体验表-带进度条'!I37 -> 0 | G37: ='体验表-带进度条'!J37 -> 0 | H37: ='体验表-带进度条'!K37 -> 老虎机抽奖券 | I37: ='体验表-带进度条'!L37 -> 3 | ... L37: ='体验表-带进度条'!O37 -> 0 | M37: ='体验表-带进度条'!X37 -> 0 | N37: ='体验表-带进度条'!AA37 -> 0 | O37: ='体验表-带进度条'!AB37 -> 0
A38: ='体验表-带进度条'!B38 -> 37 | B38: ='体验表-带进度条'!E38 -> 0 | C38: ='体验表-带进度条'!F38 | D38: ='体验表-带进度条'!G38 -> 0 | E38: ='体验表-带进度条'!H38 -> 0 | F38: ='体验表-带进度条'!I38 -> 0 | G38: ='体验表-带进度条'!J38 -> 0 | H38: ='体验表-带进度条'!K38 -> 大奖赛报名券 | I38: ='体验表-带进度条'!L38 -> 3 | ... L38: ='体验表-带进度条'!O38 -> 0 | M38: ='体验表-带进度条'!X38 -> 0 | N38: ='体验表-带进度条'!AA38 -> 0 | O38: ='体验表-带进度条'!AB38 -> 0
A39: ='体验表-带进度条'!B39 -> 38 | B39: ='体验表-带进度条'!E39 -> 9.99 | C39: ='体验表-带进度条'!F39 -> 139 | D39: ='体验表-带进度条'!G39 -> 13900000 | E39: ='体验表-带进度条'!H39 -> 59930000 | F39: ='体验表-带进度条'!I39 -> 46.93 | G39: ='体验表-带进度条'!J39 -> 0.45 | H39: ='体验表-带进度条'!K39 -> 金币 | I39: ='体验表-带进度条'!L39 -> 9 | ... L39: ='体验表-带进度条'!O39 -> 14.97874 | M39: ='体验表-带进度条'!X39 -> 71975930 | N39: ='体验表-带进度条'!AA39 -> 71.97593 | O39: ='体验表-带进度条'!AB39 -> 1.201
A40: ='体验表-带进度条'!B40 -> 39 | B40: ='体验表-带进度条'!E40 -> 0 | C40: ='体验表-带进度条'!F40 | D40: ='体验表-带进度条'!G40 -> 0 | E40: ='体验表-带进度条'!H40 -> 0 | F40: ='体验表-带进度条'!I40 -> 0 | G40: ='体验表-带进度条'!J40 -> 0 | H40: ='体验表-带进度条'!K40 -> 记牌器1个 | I40: ='体验表-带进度条'!L40 -> 3 | ... L40: ='体验表-带进度条'!O40 -> 0 | M40: ='体验表-带进度条'!X40 -> 0 | N40: ='体验表-带进度条'!AA40 -> 0 | O40: ='体验表-带进度条'!AB40 -> 0
A41: ='体验表-带进度条'!B41 -> 40 | B41: ='体验表-带进度条'!E41 -> 0 | C41: ='体验表-带进度条'!F41 | D41: ='体验表-带进度条'!G41 -> 0 | E41: ='体验表-带进度条'!H41 -> 0 | F41: ='体验表-带进度条'!I41 -> 0 | G41: ='体验表-带进度条'!J41 -> 0.12 | H41: ='体验表-带进度条'!K41 -> 金币 | I41: ='体验表-带进度条'!L41 -> 17 | ... L41: ='体验表-带进度条'!O41 -> 0 | M41: ='体验表-带进度条'!X41 -> 0 | N41: ='体验表-带进度条'!AA41 -> 0 | O41: ='体验表-带进度条'!AB41 -> 0
A42: ='体验表-带进度条'!B42 -> 41 | B42: ='体验表-带进度条'!E42 -> 0 | C42: ='体验表-带进度条'!F42 | D42: ='体验表-带进度条'!G42 -> 0 | E42: ='体验表-带进度条'!H42 -> 0 | F42: ='体验表-带进度条'!I42 -> 0 | G42: ='体验表-带进度条'!J42 -> 0 | H42: ='体验表-带进度条'!K42 -> 卡包fun卡 | I42: ='体验表-带进度条'!L42 -> 4 | ... L42: ='体验表-带进度条'!O42 -> 0 | M42: ='体验表-带进度条'!X42 -> 0 | N42: ='体验表-带进度条'!AA42 -> 0 | O42: ='体验表-带进度条'!AB42 -> 0
A43: ='体验表-带进度条'!B43 -> 42 | B43: ='体验表-带进度条'!E43 -> 0 | C43: ='体验表-带进度条'!F43 | D43: ='体验表-带进度条'!G43 -> 0 | E43: ='体验表-带进度条'!H43 -> 0 | F43: ='体验表-带进度条'!I43 -> 0 | G43: ='体验表-带进度条'!J43 -> 0 | H43: ='体验表-带进度条'!K43 -> 老虎机抽奖券 | I43: ='体验表-带进度条'!L43 -> 3 | ... L43: ='体验表-带进度条'!O43 -> 0 | M43: ='体验表-带进度条'!X43 -> 0 | N43: ='体验表-带进度条'!AA43 -> 0 | O43: ='体验表-带进度条'!AB43 -> 0
A44: ='体验表-带进度条'!B44 -> 43 | B44: ='体验表-带进度条'!E44 -> 0 | C44: ='体验表-带进度条'!F44 | D44: ='体验表-带进度条'!G44 -> 0 | E44: ='体验表-带进度条'!H44 -> 0 | F44: ='体验表-带进度条'!I44 -> 0 | G44: ='体验表-带进度条'!J44 -> 0 | H44: ='体验表-带进度条'!K44 -> 大奖赛复活券 | I44: ='体验表-带进度条'!L44 -> 3 | ... L44: ='体验表-带进度条'!O44 -> 0 | M44: ='体验表-带进度条'!X44 -> 0 | N44: ='体验表-带进度条'!AA44 -> 0 | O44: ='体验表-带进度条'!AB44 -> 0

Sheet 体验表-带进度条
A1: 分组 | B1: 序列 | D1: exp | F1: 档位膨胀 | G1: 基础金币 | H1: 合计金币 | I1: 合计美金 | J1: 优惠比例 | K1: 奖励类型 | L1: 奖励类型 1金币 2钻石 3道具 4卡包 9美金(查表) 17美金金币 | M1: 数量 | N1: 档位金币 | O1: 档位美金 | P1: 进度序号 | Q1: 奖励类型 | R1: exp | S1: 关卡进度 | T1: 累计进度 | U1: 奖励类型1金币2钻石3道具4卡包9美金(查表)17美金金币 | V1: 数量 | W1: 金币 | X1: 合计金币 | AA1: 合计美金 | AB1: 折扣 | AD1: 总计美金 | AF1: 档位 | AG1: 膨胀系数 | AI1: VIP膨胀 | AJ1: 仅VIP膨胀 | AL1: 分组 | AM1: 阶段 | AN1: 积分 | AO1: 累计积分
A2: 1 | B2: 1 | F2: =IFERROR(VLOOKUP(ROUND((E2+0.01)*100,0),AF:AG,2,FALSE),"") | K2: 金币 | L2: 1 | M2: 5000 | R2: 20 | S2: {=_xlfn.IFNA(MATCH(SUMIFS(R:R,A:A,"="&A2,B:B,"<"&(B2+1)),_xlfn._xlws.FILTER(AO:AO,AL:AL=A2),1),1)} -> 1 | T2: =SUMIFS(R:R,A:A,"="&A2,B:B,"<"&(B2+1)) -> 20 | AD2: =SUM(E2:E44) -> 46.93 | AF2: 99 | AG2: 100 | AI2: 0 | AJ2: 1000000 | AL2: 1 | AM2: 1 | AN2: 50 | AO2: =SUMIFS(AN:AN,AL:AL,"="&AL2,AM:AM,"<="&AM2) -> 50
A3: 1 | B3: 2 | E3: 2.99 | F3: =IFERROR(VLOOKUP(ROUND(E3*100,0),AF:AG,2,FALSE),"") -> 109 | G3: =(E3+0.01)*F3*$AJ$2/100 -> 3270000 | H3: =SUM(G3) -> 3270000 | I3: =SUM(E3) -> 2.99 | K3: 金币 | L3: 9 | M3: =G3 -> 3270000 | N3: =SUMIF(K3:K8,"="&"金币",M3:M8) -> 4168950 | O3: =N3/$AJ$2 -> 4.16895 | R3: 10 | S3: {=_xlfn.IFNA(MATCH(SUMIFS(R:R,A:A,"="&A3,B:B,"<"&(B3+1)),_xlfn._xlws.FILTER(AO:AO,AL:AL=A3),1),1)} -> 1 | T3: =SUMIFS(R:R,A:A,"="&A3,B:B,"<"&(B3+1)) -> 30 | U3: =_xlfn.IFNA(VLOOKUP(Q3,道具!B:C,2,FALSE),"") | V3: =IF(U3=1,CEILING(W3*100/$AJ$2,5),IF(U3=2,J3*100,0)) -> 0 | W3: =IF(U3=1,J3*$AD$6,IF(U3=2,J3*$AJ$2,0)) -> 0 | X3: =SUM(N3)+SUM(W3) -> 4168950 | Y3: =SUM(O3) -> 4.16895 | Z3: =X3 -> 4168950 | AA3: =X3/$AJ$2 -> 4.16895 | AB3: =X3/H3 -> 1.2749083 | AD3: 总优惠比例 | AF3: 199 | AG3: 100 | AI3: 1 | AJ3: 1250000 | AL3: 1 | AM3: 2 | AN3: 100 | AO3: =SUMIFS(AN:AN,AL:AL,"="&AL3,AM:AM,"<="&AM3) -> 150
A4: 1 | B4: 3 | F4: =IFERROR(VLOOKUP(ROUND(E4*100,0),AF:AG,2,FALSE),"") | K4: 记牌器1个 | L4: 3 | M4: 1 | S4: {=_xlfn.IFNA(MATCH(SUMIFS(R:R,A:A,"="&A4,B:B,"<"&(B4+1)),_xlfn._xlws.FILTER(AO:AO,AL:AL=A4),1),1)} -> 1 | T4: =SUMIFS(R:R,A:A,"="&A4,B:B,"<"&(B4+1)) -> 30 | AD4: 1.15 | AF4: 299 | AG4: 109 | AI4: 2 | AJ4: 1500000 | AL4: 1 | AM4: 3 | AN4: 150 | AO4: =SUMIFS(AN:AN,AL:AL,"="&AL4,AM:AM,"<="&AM4) -> 300
A5: 1 | B5: 4 | F5: =IFERROR(VLOOKUP(ROUND(E5*100,0),AF:AG,2,FALSE),"") | J5: 0.1 | K5: 金币 | L5: 17 | M5: =J5*$AD$6 -> 898950 | S5: {=_xlfn.IFNA(MATCH(SUMIFS(R:R,A:A,"="&A5,B:B,"<"&(B5+1)),_xlfn._xlws.FILTER(AO:AO,AL:AL=A5),1),1)} -> 1 | T5: =SUMIFS(R:R,A:A,"="&A5,B:B,"<"&(B5+1)) -> 30 | AD5: 优惠金币 | AF5: 399 | AG5: 114 | AI5: 3 | AJ5: 1750000 | AL5: =AL2+1 -> 2 | AM5: 1 | AN5: 50 | AO5: =SUMIFS(AN:AN,AL:AL,"="&AL5,AM:AM,"<="&AM5) -> 50
A6: 1 | B6: 5 | F6: =IFERROR(VLOOKUP(ROUND(E6*100,0),AF:AG,2,FALSE),"") | K6: 卡包2星 | L6: 4 | M6: 1 | R6: 10 | S6: {=_xlfn.IFNA(MATCH(SUMIFS(R:R,A:A,"="&A6,B:B,"<"&(B6+1)),_xlfn._xlws.FILTER(AO:AO,AL:AL=A6),1),1)} -> 1 | T6: =SUMIFS(R:R,A:A,"="&A6,B:B,"<"&(B6+1)) -> 40 | AD6: =SUM(G2:G44)*(AD4-1) -> 8989500 | AF6: 499 | AG6: 119 | AI6: 4 | AJ6: 2000000 | AL6: =AL3+1 -> 2 | AM6: 2 | AN6: 100 | AO6: =SUMIFS(AN:AN,AL:AL,"="&AL6,AM:AM,"<="&AM6) -> 150
A7: 1 | B7: 6 | F7: =IFERROR(VLOOKUP(ROUND(E7*100,0),AF:AG,2,FALSE),"") | K7: 老虎机抽奖券 | L7: 3 | M7: 5 | S7: {=_xlfn.IFNA(MATCH(SUMIFS(R:R,A:A,"="&A7,B:B,"<"&(B7+1)),_xlfn._xlws.FILTER(AO:AO,AL:AL=A7),1),1)} -> 1 | T7: =SUMIFS(R:R,A:A,"="&A7,B:B,"<"&(B7+1)) -> 40 | AD7: 总优惠进度 | AF7: 599 | AG7: 119 | AI7: 5 | AJ7: 2250000 | AL7: =AL4+1 -> 2 | AM7: 3 | AN7: 150 | AO7: =SUMIFS(AN:AN,AL:AL,"="&AL7,AM:AM,"<="&AM7) -> 300
A8: 1 | B8: 7 | F8: =IFERROR(VLOOKUP(ROUND(E8*100,0),AF:AG,2,FALSE),"") | K8: 大奖赛复活券 | L8: 3 | M8: 1 | S8: {=_xlfn.IFNA(MATCH(SUMIFS(R:R,A:A,"="&A8,B:B,"<"&(B8+1)),_xlfn._xlws.FILTER(AO:AO,AL:AL=A8),1),1)} -> 1 | T8: =SUMIFS(R:R,A:A,"="&A8,B:B,"<"&(B8+1)) -> 40 | AD8: =SUMIF(U2:U44,"<>2",J2:J44)+SUMIF(U2:U44,"=2",J2:J44)*$AJ$2/SUMIFS(AD:AD,A:A,"="&A8,B:B,"=5") -> 1.34 | AF8: 699 | AG8: 124 | AI8: 6 | AJ8: 2500000 | AL8: =AL5+1 -> 3 | AM8: 1 | AN8: 50 | AO8: =SUMIFS(AN:AN,AL:AL,"="&AL8,AM:AM,"<="&AM8) -> 50
A9: 1 | B9: 8 | E9: 3.99 | F9: =IFERROR(VLOOKUP(ROUND(E9*100,0),AF:AG,2,FALSE),"") -> 114 | G9: =(E9+0.01)*F9*$AJ$2/100 -> 4560000 | H9: =SUM(G3:G9) -> 7830000 | I9: =SUM(E3:E9) -> 6.98 | J9: 0.12 | K9: 金币 | L9: 9 | M9: =G9 -> 4560000 | N9: =SUMIF(K9:K14,"="&"金币",M9:M14) -> 4739790 | O9: =N9/$AJ$2 -> 4.73979 | P9: 1 | Q9: 金币 | R9: 25 | S9: {=_xlfn.IFNA(MATCH(SUMIFS(R:R,A:A,"="&A9,B:B,"<"&(B9+1)),_xlfn._xlws.FILTER(AO:AO,AL:AL=A9),1),1)} -> 1 | T9: =SUMIFS(R:R,A:A,"="&A9,B:B,"<"&(B9+1)) -> 65 | U9: =_xlfn.IFNA(VLOOKUP(Q9,道具!B:C,2,FALSE),"") -> 1 | V9: =IF(U9=1,CEILING(W9*100/$AJ$2,5),IF(U9=2,J9*100,0)) -> 110 | W9: =IF(U9=1,J9*$AD$6,IF(U9=2,J9*$AJ$2,0)) -> 1078740 | X9: =SUM(N3:N9)+SUM(W3:W9) -> 9987480 | Y9: =SUM(O3:O9) -> 8.90874 | Z9: =SUM(W3:W9) -> 1078740 | AA9: =X9/$AJ$2 -> 9.98748 | AB9: =X9/H9 -> 1.2755402 | AF9: 799 | AG9: 129 | AI9: 7 | AJ9: 2500000 | AL9: =AL6+1 -> 3 | AM9: 2 | AN9: 100 | AO9: =SUMIFS(AN:AN,AL:AL,"="&AL9,AM:AM,"<="&AM9) -> 150
A10: 1 | B10: 9 | F10: =IFERROR(VLOOKUP(ROUND(E10*100,0),AF:AG,2,FALSE),"") | K10: 记牌器1个 | L10: 3 | M10: 2 | S10: {=_xlfn.IFNA(MATCH(SUMIFS(R:R,A:A,"="&A10,B:B,"<"&(B10+1)),_xlfn._xlws.FILTER(AO:AO,AL:AL=A10),1),1)} -> 1 | T10: =SUMIFS(R:R,A:A,"="&A10,B:B,"<"&(B10+1)) -> 65 | AF10: 899 | AG10: 134 | AI10: 8 | AJ10: 2500000 | AL10: =AL7+1 -> 3 | AM10: 3 | AN10: 150 | AO10: =SUMIFS(AN:AN,AL:AL,"="&AL10,AM:AM,"<="&AM10) -> 300
A11: 1 | B11: 10 | F11: =IFERROR(VLOOKUP(ROUND(E11*100,0),AF:AG,2,FALSE),"") | J11: 0.02 | K11: 金币 | L11: 17 | M11: =J11*$AD$6 -> 179790 | S11: {=_xlfn.IFNA(MATCH(SUMIFS(R:R,A:A,"="&A11,B:B,"<"&(B11+1)),_xlfn._xlws.FILTER(AO:AO,AL:AL=A11),1),1)} -> 1 | T11: =SUMIFS(R:R,A:A,"="&A11,B:B,"<"&(B11+1)) -> 65 | AF11: 999 | AG11: 139 | AI11: 9 | AJ11: 2500000 | AL11: =AL8+1 -> 4 | AM11: 1 | AN11: 50 | AO11: =SUMIFS(AN:AN,AL:AL,"="&AL11,AM:AM,"<="&AM11) -> 50
A12: 1 | B12: 11 | F12: =IFERROR(VLOOKUP(ROUND(E12*100,0),AF:AG,2,FALSE),"") | K12: 卡包3星 | L12: 4 | M12: 1 | S12: {=_xlfn.IFNA(MATCH(SUMIFS(R:R,A:A,"="&A12,B:B,"<"&(B12+1)),_xlfn._xlws.FILTER(AO:AO,AL:AL=A12),1),1)} -> 1 | T12: =SUMIFS(R:R,A:A,"="&A12,B:B,"<"&(B12+1)) -> 65 | AF12: 1099 | AG12: 142 | AI12: 10 | AJ12: 2500000 | AL12: =AL9+1 -> 4 | AM12: 2 | AN12: 100 | AO12: =SUMIFS(AN:AN,AL:AL,"="&AL12,AM:AM,"<="&AM12) -> 150
A13: 1 | B13: 12 | F13: =IFERROR(VLOOKUP(ROUND(E13*100,0),AF:AG,2,FALSE),"") | K13: 老虎机抽奖券 | L13: 3 | M13: 10 | S13: {=_xlfn.IFNA(MATCH(SUMIFS(R:R,A:A,"="&A13,B:B,"<"&(B13+1)),_xlfn._xlws.FILTER(AO:AO,AL:AL=A13),1),1)} -> 1 | T13: =SUMIFS(R:R,A:A,"="&A13,B:B,"<"&(B13+1)) -> 65 | AF13: 1199 | AG13: 146 | AI13: 11 | AJ13: 2500000 | AL13: =AL10+1 -> 4 | AM13: 3 | AN13: 150 | AO13: =SUMIFS(AN:AN,AL:AL,"="&AL13,AM:AM,"<="&AM13) -> 300
A14: 1 | B14: 13 | F14: =IFERROR(VLOOKUP(ROUND(E14*100,0),AF:AG,2,FALSE),"") | K14: 大奖赛报名券 | L14: 3 | M14: 1 | S14: {=_xlfn.IFNA(MATCH(SUMIFS(R:R,A:A,"="&A14,B:B,"<"&(B14+1)),_xlfn._xlws.FILTER(AO:AO,AL:AL=A14),1),1)} -> 1 | T14: =SUMIFS(R:R,A:A,"="&A14,B:B,"<"&(B14+1)) -> 65 | AF14: 1299 | AG14: 149 | AI14: 12 | AJ14: 2500000 | AL14: =AL11+1 -> 5 | AM14: 1 | AN14: 50 | AO14: =SUMIFS(AN:AN,AL:AL,"="&AL14,AM:AM,"<="&AM14) -> 50
A15: 1 | B15: 14 | E15: 5.99 | F15: =IFERROR(VLOOKUP(ROUND(E15*100,0),AF:AG,2,FALSE),"") -> 119 | G15: =(E15+0.01)*F15*$AJ$2/100 -> 7140000 | H15: =SUM(G3:G15) -> 14970000 | I15: =SUM(E3:E15) -> 12.97 | K15: 金币 | L15: 9 | M15: =G15 -> 7140000 | N15: =SUMIF(K15:K20,"="&"金币",M15:M20) -> 7589475 | O15: =N15/$AJ$2 -> 7.589475 | R15: 35 | S15: {=_xlfn.IFNA(MATCH(SUMIFS(R:R,A:A,"="&A15,B:B,"<"&(B15+1)),_xlfn._xlws.FILTER(AO:AO,AL:AL=A15),1),1)} -> 1 | T15: =SUMIFS(R:R,A:A,"="&A15,B:B,"<"&(B15+1)) -> 100 | U15: =_xlfn.IFNA(VLOOKUP(Q15,道具!B:C,2,FALSE),"") | W15: =IF(U15=1,J15*$AD$6,IF(U15=2,J15*$AJ$2,0)) -> 0 | X15: =SUM(N3:N15)+SUM(W3:W15) -> 17576955 | Y15: =SUM(O3:O15) -> 16.498215 | Z15: =SUM(W3:W15) -> 1078740 | AA15: =X15/$AJ$2 -> 17.576955 | AB15: =X15/H15 -> 1.1741453 | AF15: 1399 | AG15: 151 | AI15: 13 | AJ15: 2500000 | AL15: =AL12+1 -> 5 | AM15: 2 | AN15: 100 | AO15: =SUMIFS(AN:AN,AL:AL,"="&AL15,AM:AM,"<="&AM15) -> 150
A16: 1 | B16: 15 | F16: =IFERROR(VLOOKUP(ROUND(E16*100,0),AF:AG,2,FALSE),"") | K16: 记牌器1个 | L16: 3 | M16: 3 | S16: {=_xlfn.IFNA(MATCH(SUMIFS(R:R,A:A,"="&A16,B:B,"<"&(B16+1)),_xlfn._xlws.FILTER(AO:AO,AL:AL=A16),1),1)} -> 1 | T16: =SUMIFS(R:R,A:A,"="&A16,B:B,"<"&(B16+1)) -> 100 | AF16: 1499 | AG16: 154 | AI16: 14 | AJ16: 2500000 | AL16: =AL13+1 -> 5 | AM16: 3 | AN16: 150 | AO16: =SUMIFS(AN:AN,AL:AL,"="&AL16,AM:AM,"<="&AM16) -> 300
A17: 1 | B17: 16 | F17: =IFERROR(VLOOKUP(ROUND(E17*100,0),AF:AG,2,FALSE),"") | J17: 0.05 | K17: 金币 | L17: 17 | M17: =J17*$AD$6 -> 449475 | S17: {=_xlfn.IFNA(MATCH(SUMIFS(R:R,A:A,"="&A17,B:B,"<"&(B17+1)),_xlfn._xlws.FILTER(AO:AO,AL:AL=A17),1),1)} -> 1 | T17: =SUMIFS(R:R,A:A,"="&A17,B:B,"<"&(B17+1)) -> 100 | AF17: 1799 | AG17: 158 | AI17: 15 | AJ17: 2500000 | AL17: =AL14+1 -> 6 | AM17: 1 | AN17: 50 | AO17: =SUMIFS(AN:AN,AL:AL,"="&AL17,AM:AM,"<="&AM17) -> 50
A18: 1 | B18: 17 | F18: =IFERROR(VLOOKUP(ROUND(E18*100,0),AF:AG,2,FALSE),"") | K18: 卡包4星 | L18: 4 | M18: 1 | R18: 25 | S18: {=_xlfn.IFNA(MATCH(SUMIFS(R:R,A:A,"="&A18,B:B,"<"&(B18+1)),_xlfn._xlws.FILTER(AO:AO,AL:AL=A18),1),1)} -> 1 | T18: =SUMIFS(R:R,A:A,"="&A18,B:B,"<"&(B18+1)) -> 125 | AF18: 1999 | AG18: 158 | AL18: =AL15+1 -> 6 | AM18: 2 | AN18: 100 | AO18: =SUMIFS(AN:AN,AL:AL,"="&AL18,AM:AM,"<="&AM18) -> 150
A19: 1 | B19: 18 | F19: =IFERROR(VLOOKUP(ROUND(E19*100,0),AF:AG,2,FALSE),"") | K19: 老虎机抽奖券 | L19: 3 | M19: 15 | S19: {=_xlfn.IFNA(MATCH(SUMIFS(R:R,A:A,"="&A19,B:B,"<"&(B19+1)),_xlfn._xlws.FILTER(AO:AO,AL:AL=A19),1),1)} -> 1 | T19: =SUMIFS(R:R,A:A,"="&A19,B:B,"<"&(B19+1)) -> 125 | AF19: 2499 | AG19: 163 | AL19: =AL16+1 -> 6 | AM19: 3 | AN19: 150 | AO19: =SUMIFS(AN:AN,AL:AL,"="&AL19,AM:AM,"<="&AM19) -> 300
A20: 1 | B20: 19 | F20: =IFERROR(VLOOKUP(ROUND(E20*100,0),AF:AG,2,FALSE),"") | K20: 大奖赛复活券 | L20: 3 | M20: 1 | S20: {=_xlfn.IFNA(MATCH(SUMIFS(R:R,A:A,"="&A20,B:B,"<"&(B20+1)),_xlfn._xlws.FILTER(AO:AO,AL:AL=A20),1),1)} -> 1 | T20: =SUMIFS(R:R,A:A,"="&A20,B:B,"<"&(B20+1)) -> 125 | AF20: 2999 | AG20: 163 | AL20: =AL17+1 -> 7 | AM20: 1 | AN20: 50 | AO20: =SUMIFS(AN:AN,AL:AL,"="&AL20,AM:AM,"<="&AM20) -> 50
A21: 1 | B21: 20 | E21: 6.99 | F21: =IFERROR(VLOOKUP(ROUND(E21*100,0),AF:AG,2,FALSE),"") -> 124 | G21: =(E21+0.01)*F21*$AJ$2/100 -> 8680000 | H21: =SUM(G3:G21) -> 23650000 | I21: =SUM(E3:E21) -> 19.96 | J21: 0.24 | K21: 金币 | L21: 9 | M21: =G21 -> 8680000 | N21: =SUMIF(K21:K26,"="&"金币",M21:M26) -> 9399160 | O21: =N21/$AJ$2 -> 9.39916 | P21: 2 | Q21: 金币 | S21: {=_xlfn.IFNA(MATCH(SUMIFS(R:R,A:A,"="&A21,B:B,"<"&(B21+1)),_xlfn._xlws.FILTER(AO:AO,AL:AL=A21),1),1)} -> 1 | T21: =SUMIFS(R:R,A:A,"="&A21,B:B,"<"&(B21+1)) -> 125 | U21: =_xlfn.IFNA(VLOOKUP(Q21,道具!B:C,2,FALSE),"") -> 1 | V21: =IF(U21=1,CEILING(W21*100/$AJ$2,5),IF(U21=2,J21*100,0)) -> 220 | W21: =IF(U21=1,J21*$AD$6,IF(U21=2,J21*$AJ$2,0)) -> 2157480 | X21: =SUM(N3:N21)+SUM(W3:W21) -> 29133595 | Y21: =SUM(O3:O21) -> 25.897375 | Z21: =SUM(W3:W21) -> 3236220 | AA21: =X21/$AJ$2 -> 29.133595 | AB21: =X21/H21 -> 1.2318645 | AF21: 3499 | AG21: 168 | AL21: =AL18+1 -> 7 | AM21: 2 | AN21: 100 | AO21: =SUMIFS(AN:AN,AL:AL,"="&AL21,AM:AM,"<="&AM21) -> 150
A22: 1 | B22: 21 | F22: =IFERROR(VLOOKUP(ROUND(E22*100,0),AF:AG,2,FALSE),"") | K22: 记牌器1个 | L22: 3 | M22: 4 | S22: {=_xlfn.IFNA(MATCH(SUMIFS(R:R,A:A,"="&A22,B:B,"<"&(B22+1)),_xlfn._xlws.FILTER(AO:AO,AL:AL=A22),1),1)} -> 1 | T22: =SUMIFS(R:R,A:A,"="&A22,B:B,"<"&(B22+1)) -> 125 | AF22: 3999 | AG22: 173 | AL22: =AL19+1 -> 7 | AM22: 3 | AN22: 150 | AO22: =SUMIFS(AN:AN,AL:AL,"="&AL22,AM:AM,"<="&AM22) -> 300
A23: 1 | B23: 22 | F23: =IFERROR(VLOOKUP(ROUND(E23*100,0),AF:AG,2,FALSE),"") | J23: 0.08 | K23: 金币 | L23: 17 | M23: =J23*$AD$6 -> 719160 | S23: {=_xlfn.IFNA(MATCH(SUMIFS(R:R,A:A,"="&A23,B:B,"<"&(B23+1)),_xlfn._xlws.FILTER(AO:AO,AL:AL=A23),1),1)} -> 1 | T23: =SUMIFS(R:R,A:A,"="&A23,B:B,"<"&(B23+1)) -> 125 | AF23: 4499 | AG23: 178 | AL23: =AL20+1 -> 8 | AM23: 1 | AN23: 50 | AO23: =SUMIFS(AN:AN,AL:AL,"="&AL23,AM:AM,"<="&AM23) -> 50
A24: 1 | B24: 23 | F24: =IFERROR(VLOOKUP(ROUND(E24*100,0),AF:AG,2,FALSE),"") | K24: 卡包4星 | L24: 4 | M24: 1 | R24: 15 | S24: {=_xlfn.IFNA(MATCH(SUMIFS(R:R,A:A,"="&A24,B:B,"<"&(B24+1)),_xlfn._xlws.FILTER(AO:AO,AL:AL=A24),1),1)} -> 1 | T24: =SUMIFS(R:R,A:A,"="&A24,B:B,"<"&(B24+1)) -> 140 | AF24: 4999 | AG24: 178 | AL24: =AL21+1 -> 8 | AM24: 2 | AN24: 100 | AO24: =SUMIFS(AN:AN,AL:AL,"="&AL24,AM:AM,"<="&AM24) -> 150
A25: 1 | B25: 24 | F25: =IFERROR(VLOOKUP(ROUND(E25*100,0),AF:AG,2,FALSE),"") | K25: 老虎机抽奖券 | L25: 3 | M25: 20 | S25: {=_xlfn.IFNA(MATCH(SUMIFS(R:R,A:A,"="&A25,B:B,"<"&(B25+1)),_xlfn._xlws.FILTER(AO:AO,AL:AL=A25),1),1)} -> 1 | T25: =SUMIFS(R:R,A:A,"="&A25,B:B,"<"&(B25+1)) -> 140 | AF25: 5499 | AG25: 178 | AL25: =AL22+1 -> 8 | AM25: 3 | AN25: 150 | AO25: =SUMIFS(AN:AN,AL:AL,"="&AL25,AM:AM,"<="&AM25) -> 300
A26: 1 | B26: 25 | F26: =IFERROR(VLOOKUP(ROUND(E26*100,0),AF:AG,2,FALSE),"") | K26: 大奖赛报名券 | L26: 3 | M26: 1 | S26: {=_xlfn.IFNA(MATCH(SUMIFS(R:R,A:A,"="&A26,B:B,"<"&(B26+1)),_xlfn._xlws.FILTER(AO:AO,AL:AL=A26),1),1)} -> 1 | T26: =SUMIFS(R:R,A:A,"="&A26,B:B,"<"&(B26+1)) -> 140 | AF26: 5999 | AG26: 183 | AL26: =AL23+1 -> 9 | AM26: 1 | AN26: 50 | AO26: =SUMIFS(AN:AN,AL:AL,"="&AL26,AM:AM,"<="&AM26) -> 50
A27: 1 | B27: 26 | E27: 7.99 | F27: =IFERROR(VLOOKUP(ROUND(E27*100,0),AF:AG,2,FALSE),"") -> 129 | G27: =(E27+0.01)*F27*$AJ$2/100 -> 10320000 | H27: =SUM(G3:G27) -> 33970000 | I27: =SUM(E3:E27) -> 27.95 | K27: 金币 | L27: 9 | M27: =G27 -> 10320000 | N27: =SUMIF(K27:K32,"="&"金币",M27:M32) -> 10679580 | O27: =N27/$AJ$2 -> 10.67958 | R27: 10 | S27: {=_xlfn.IFNA(MATCH(SUMIFS(R:R,A:A,"="&A27,B:B,"<"&(B27+1)),_xlfn._xlws.FILTER(AO:AO,AL:AL=A27),1),1)} -> 2 | T27: =SUMIFS(R:R,A:A,"="&A27,B:B,"<"&(B27+1)) -> 150 | U27: =_xlfn.IFNA(VLOOKUP(Q27,道具!B:C,2,FALSE),"") | V27: =IF(U27=1,CEILING(W27*100/$AJ$2,5),IF(U27=2,J27*100,0)) -> 0 | W27: =IF(U27=1,J27*$AD$6,IF(U27=2,J27*$AJ$2,0)) -> 0 | X27: =SUM(N3:N27)+SUM(W3:W27) -> 39813175 | Y27: =SUM(O3:O27) -> 36.576955 | Z27: =SUM(W3:W27) -> 3236220 | AA27: =X27/$AJ$2 -> 39.813175 | AB27: =X27/H27 -> 1.1720099 | AF27: 6999 | AG27: 183 | AL27: =AL24+1 -> 9 | AM27: 2 | AN27: 100 | AO27: =SUMIFS(AN:AN,AL:AL,"="&AL27,AM:AM,"<="&AM27) -> 150
A28: 1 | B28: 27 | F28: =IFERROR(VLOOKUP(ROUND(E28*100,0),AF:AG,2,FALSE),"") | K28: 记牌器1个 | L28: 3 | M28: 5 | S28: {=_xlfn.IFNA(MATCH(SUMIFS(R:R,A:A,"="&A28,B:B,"<"&(B28+1)),_xlfn._xlws.FILTER(AO:AO,AL:AL=A28),1),1)} -> 2 | T28: =SUMIFS(R:R,A:A,"="&A28,B:B,"<"&(B28+1)) -> 150 | AF28: 7499 | AG28: 188 | AL28: =AL25+1 -> 9 | AM28: 3 | AN28: 150 | AO28: =SUMIFS(AN:AN,AL:AL,"="&AL28,AM:AM,"<="&AM28) -> 300
A29: 1 | B29: 28 | F29: =IFERROR(VLOOKUP(ROUND(E29*100,0),AF:AG,2,FALSE),"") | J29: 0.04 | K29: 金币 | L29: 17 | M29: =J29*$AD$6 -> 359580 | S29: {=_xlfn.IFNA(MATCH(SUMIFS(R:R,A:A,"="&A29,B:B,"<"&(B29+1)),_xlfn._xlws.FILTER(AO:AO,AL:AL=A29),1),1)} -> 2 | T29: =SUMIFS(R:R,A:A,"="&A29,B:B,"<"&(B29+1)) -> 150 | AF29: 7999 | AG29: 188 | AL29: =AL26+1 -> 10 | AM29: 1 | AN29: 50 | AO29: =SUMIFS(AN:AN,AL:AL,"="&AL29,AM:AM,"<="&AM29) -> 50
A30: 1 | B30: 29 | F30: =IFERROR(VLOOKUP(ROUND(E30*100,0),AF:AG,2,FALSE),"") | K30: 卡包5星 | L30: 4 | M30: 1 | R30: 25 | S30: {=_xlfn.IFNA(MATCH(SUMIFS(R:R,A:A,"="&A30,B:B,"<"&(B30+1)),_xlfn._xlws.FILTER(AO:AO,AL:AL=A30),1),1)} -> 2 | T30: =SUMIFS(R:R,A:A,"="&A30,B:B,"<"&(B30+1)) -> 175 | AF30: 8999 | AG30: 193 | AL30: =AL27+1 -> 10 | AM30: 2 | AN30: 100 | AO30: =SUMIFS(AN:AN,AL:AL,"="&AL30,AM:AM,"<="&AM30) -> 150
A31: 1 | B31: 30 | F31: =IFERROR(VLOOKUP(ROUND(E31*100,0),AF:AG,2,FALSE),"") | K31: 老虎机抽奖券 | L31: 3 | M31: 25 | S31: {=_xlfn.IFNA(MATCH(SUMIFS(R:R,A:A,"="&A31,B:B,"<"&(B31+1)),_xlfn._xlws.FILTER(AO:AO,AL:AL=A31),1),1)} -> 2 | T31: =SUMIFS(R:R,A:A,"="&A31,B:B,"<"&(B31+1)) -> 175 | AF31: 9999 | AG31: 200 | AL31: =AL28+1 -> 10 | AM31: 3 | AN31: 150 | AO31: =SUMIFS(AN:AN,AL:AL,"="&AL31,AM:AM,"<="&AM31) -> 300
A32: 1 | B32: 31 | F32: =IFERROR(VLOOKUP(ROUND(E32*100,0),AF:AG,2,FALSE),"") | K32: 大奖赛复活券 | L32: 3 | M32: 1 | S32: {=_xlfn.IFNA(MATCH(SUMIFS(R:R,A:A,"="&A32,B:B,"<"&(B32+1)),_xlfn._xlws.FILTER(AO:AO,AL:AL=A32),1),1)} -> 2 | T32: =SUMIFS(R:R,A:A,"="&A32,B:B,"<"&(B32+1)) -> 175 | AL32: =AL29+1 -> 11 | AM32: 1 | AN32: 50 | AO32: =SUMIFS(AN:AN,AL:AL,"="&AL32,AM:AM,"<="&AM32) -> 50
A33: 1 | B33: 32 | E33: 8.99 | F33: =IFERROR(VLOOKUP(ROUND(E33*100,0),AF:AG,2,FALSE),"") -> 134 | G33: =(E33+0.01)*F33*$AJ$2/100 -> 12060000 | H33: =SUM(G3:G33) -> 46030000 | I33: =SUM(E3:E33) -> 36.94 | K33: 金币 | L33: 9 | M33: =G33 -> 12060000 | N33: =SUMIF(K33:K38,"="&"金币",M33:M38) -> 13138740 | O33: =N33/$AJ$2 -> 13.13874 | R33: 25 | S33: {=_xlfn.IFNA(MATCH(SUMIFS(R:R,A:A,"="&A33,B:B,"<"&(B33+1)),_xlfn._xlws.FILTER(AO:AO,AL:AL=A33),1),1)} -> 2 | T33: =SUMIFS(R:R,A:A,"="&A33,B:B,"<"&(B33+1)) -> 200 | U33: =_xlfn.IFNA(VLOOKUP(Q33,道具!B:C,2,FALSE),"") | V33: =IF(U33=1,CEILING(W33*100/$AJ$2,5),IF(U33=2,J33*100,0)) -> 0 | W33: =IF(U33=1,J33*$AD$6,IF(U33=2,J33*$AJ$2,0)) -> 0 | X33: =SUM(N3:N33)+SUM(W3:W33) -> 52951915 | Y33: =SUM(O3:O33) -> 49.715695 | Z33: =X33 -> 52951915 | AA33: =X33/$AJ$2 -> 52.951915 | AB33: =X33/H33 -> 1.1503783 | AL33: =AL30+1 -> 11 | AM33: 2 | AN33: 100 | AO33: =SUMIFS(AN:AN,AL:AL,"="&AL33,AM:AM,"<="&AM33) -> 150
A34: 1 | B34: 33 | F34: =IFERROR(VLOOKUP(ROUND(E34*100,0),AF:AG,2,FALSE),"") | K34: 记牌器1个 | L34: 3 | M34: 6 | S34: {=_xlfn.IFNA(MATCH(SUMIFS(R:R,A:A,"="&A34,B:B,"<"&(B34+1)),_xlfn._xlws.FILTER(AO:AO,AL:AL=A34),1),1)} -> 2 | T34: =SUMIFS(R:R,A:A,"="&A34,B:B,"<"&(B34+1)) -> 200 | AL34: =AL31+1 -> 11 | AM34: 3 | AN34: 150 | AO34: =SUMIFS(AN:AN,AL:AL,"="&AL34,AM:AM,"<="&AM34) -> 300
A35: 1 | B35: 34 | F35: =IFERROR(VLOOKUP(ROUND(E35*100,0),AF:AG,2,FALSE),"") | J35: 0.12 | K35: 金币 | L35: 17 | M35: =J35*$AD$6 -> 1078740 | S35: {=_xlfn.IFNA(MATCH(SUMIFS(R:R,A:A,"="&A35,B:B,"<"&(B35+1)),_xlfn._xlws.FILTER(AO:AO,AL:AL=A35),1),1)} -> 2 | T35: =SUMIFS(R:R,A:A,"="&A35,B:B,"<"&(B35+1)) -> 200
A36: 1 | B36: 35 | F36: =IFERROR(VLOOKUP(ROUND(E36*100,0),AF:AG,2,FALSE),"") | K36: 卡包5星 | L36: 4 | M36: 1 | R36: 15 | S36: {=_xlfn.IFNA(MATCH(SUMIFS(R:R,A:A,"="&A36,B:B,"<"&(B36+1)),_xlfn._xlws.FILTER(AO:AO,AL:AL=A36),1),1)} -> 2 | T36: =SUMIFS(R:R,A:A,"="&A36,B:B,"<"&(B36+1)) -> 215
A37: 1 | B37: 36 | F37: =IFERROR(VLOOKUP(ROUND(E37*100,0),AF:AG,2,FALSE),"") | K37: 老虎机抽奖券 | L37: 3 | M37: 30 | S37: {=_xlfn.IFNA(MATCH(SUMIFS(R:R,A:A,"="&A37,B:B,"<"&(B37+1)),_xlfn._xlws.FILTER(AO:AO,AL:AL=A37),1),1)} -> 2 | T37: =SUMIFS(R:R,A:A,"="&A37,B:B,"<"&(B37+1)) -> 215
A38: 1 | B38: 37 | F38: =IFERROR(VLOOKUP(ROUND(E38*100,0),AF:AG,2,FALSE),"") | K38: 大奖赛报名券 | L38: 3 | M38: 1 | S38: {=_xlfn.IFNA(MATCH(SUMIFS(R:R,A:A,"="&A38,B:B,"<"&(B38+1)),_xlfn._xlws.FILTER(AO:AO,AL:AL=A38),1),1)} -> 2 | T38: =SUMIFS(R:R,A:A,"="&A38,B:B,"<"&(B38+1)) -> 215
A39: 1 | B39: 38 | E39: 9.99 | F39: =IFERROR(VLOOKUP(ROUND(E39*100,0),AF:AG,2,FALSE),"") -> 139 | G39: =(E39+0.01)*F39*$AJ$2/100 -> 13900000 | H39: =SUM(G3:G39) -> 59930000 | I39: =SUM(E3:E39) -> 46.93 | J39: 0.45 | K39: 金币 | L39: 9 | M39: =G39 -> 13900000 | N39: =SUMIF(K39:K44,"="&"金币",M39:M44) -> 14978740 | O39: =N39/$AJ$2 -> 14.97874 | P39: 3 | Q39: 金币 | R39: 35 | S39: {=_xlfn.IFNA(MATCH(SUMIFS(R:R,A:A,"="&A39,B:B,"<"&(B39+1)),_xlfn._xlws.FILTER(AO:AO,AL:AL=A39),1),1)} -> 2 | T39: =SUMIFS(R:R,A:A,"="&A39,B:B,"<"&(B39+1)) -> 250 | U39: =_xlfn.IFNA(VLOOKUP(Q39,道具!B:C,2,FALSE),"") -> 1 | V39: =IF(U39=1,CEILING(W39*100/$AJ$2,5),IF(U39=2,J39*100,0)) -> 405 | W39: =IF(U39=1,J39*$AD$6,IF(U39=2,J39*$AJ$2,0)) -> 4045275 | X39: =SUM(N3:N39)+SUM(W3:W39) -> 71975930 | Y39: =SUM(O3:O39) -> 64.694435 | Z39: =SUM(W3:W39) -> 7281495 | AA39: =X39/$AJ$2 -> 71.97593 | AB39: =X39/H39 -> 1.201
A40: 1 | B40: 39 | F40: =IFERROR(VLOOKUP(ROUND(E40*100,0),AF:AG,2,FALSE),"") | K40: 记牌器1个 | L40: 3 | M40: 7 | S40: {=_xlfn.IFNA(MATCH(SUMIFS(R:R,A:A,"="&A40,B:B,"<"&(B40+1)),_xlfn._xlws.FILTER(AO:AO,AL:AL=A40),1),1)} -> 2 | T40: =SUMIFS(R:R,A:A,"="&A40,B:B,"<"&(B40+1)) -> 250
A41: 1 | B41: 40 | F41: =IFERROR(VLOOKUP(ROUND(E41*100,0),AF:AG,2,FALSE),"") | J41: 0.12 | K41: 金币 | L41: 17 | M41: =J41*$AD$6 -> 1078740 | S41: {=_xlfn.IFNA(MATCH(SUMIFS(R:R,A:A,"="&A41,B:B,"<"&(B41+1)),_xlfn._xlws.FILTER(AO:AO,AL:AL=A41),1),1)} -> 2 | T41: =SUMIFS(R:R,A:A,"="&A41,B:B,"<"&(B41+1)) -> 250
A42: 1 | B42: 41 | F42: =IFERROR(VLOOKUP(ROUND(E42*100,0),AF:AG,2,FALSE),"") | K42: 卡包fun卡 | L42: 4 | M42: 1 | R42: 50 | S42: {=_xlfn.IFNA(MATCH(SUMIFS(R:R,A:A,"="&A42,B:B,"<"&(B42+1)),_xlfn._xlws.FILTER(AO:AO,AL:AL=A42),1),1)} -> 3 | T42: =SUMIFS(R:R,A:A,"="&A42,B:B,"<"&(B42+1)) -> 300
A43: 1 | B43: 42 | F43: =IFERROR(VLOOKUP(ROUND(E43*100,0),AF:AG,2,FALSE),"") | K43: 老虎机抽奖券 | L43: 3 | M43: 35 | S43: {=_xlfn.IFNA(MATCH(SUMIFS(R:R,A:A,"="&A43,B:B,"<"&(B43+1)),_xlfn._xlws.FILTER(AO:AO,AL:AL=A43),1),1)} -> 3 | T43: =SUMIFS(R:R,A:A,"="&A43,B:B,"<"&(B43+1)) -> 300
A44: 1 | B44: 43 | F44: =IFERROR(VLOOKUP(ROUND(E44*100,0),AF:AG,2,FALSE),"") | K44: 大奖赛复活券 | L44: 3 | M44: 1 | S44: {=_xlfn.IFNA(MATCH(SUMIFS(R:R,A:A,"="&A44,B:B,"<"&(B44+1)),_xlfn._xlws.FILTER(AO:AO,AL:AL=A44),1),1)} -> 3 | T44: =SUMIFS(R:R,A:A,"="&A44,B:B,"<"&(B44+1)) -> 300
A45: =A2+1 -> 2 | B45: 1 | F45: =IFERROR(VLOOKUP(ROUND(E45*100,0),AF:AG,2,FALSE),"") | J45: =J2 -> 0 | K45: 金币 | L45: 1 | M45: 5000 | P45: =P2 -> 0 | Q45: =Q2 -> 0 | R45: =R2 -> 20 | S45: {=_xlfn.IFNA(MATCH(SUMIFS(R:R,A:A,"="&A45,B:B,"<"&(B45+1)),_xlfn._xlws.FILTER(AO:AO,AL:AL=A45),1),1)} -> 1 | T45: =SUMIFS(R:R,A:A,"="&A45,B:B,"<"&(B45+1)) -> 20 | AD45: =SUM(E45:E87) -> 89.93
A46: =A3+1 -> 2 | B46: 2 | E46: 5.99 | F46: =IFERROR(VLOOKUP(ROUND(E46*100,0),AF:AG,2,FALSE),"") -> 119 | G46: =(E46+0.01)*F46*$AJ$2/100 -> 7140000 | H46: =SUM(G46) -> 7140000 | I46: =SUM(E46) -> 5.99 | J46: =J3 -> 0 | K46: 金币 | L46: 9 | M46: =G46 -> 7140000 | N46: =SUMIF(K46:K51,"="&"金币",M46:M51) -> 9148050 | O46: =N46/$AJ$2 -> 9.14805 | P46: =P3 -> 0 | Q46: =Q3 -> 0 | R46: =R3 -> 10 | S46: {=_xlfn.IFNA(MATCH(SUMIFS(R:R,A:A,"="&A46,B:B,"<"&(B46+1)),_xlfn._xlws.FILTER(AO:AO,AL:AL=A46),1),1)} -> 1 | T46: =SUMIFS(R:R,A:A,"="&A46,B:B,"<"&(B46+1)) -> 30 | U46: =_xlfn.IFNA(VLOOKUP(Q46,道具!B:C,2,FALSE),"") | V46: =IF(U46=1,CEILING(W46*100/$AJ$2,5),IF(U46=2,J46*100,0)) -> 0 | W46: =IF(U46=1,J46*$AD$6,IF(U46=2,J46*$AJ$2,0)) -> 0 | X46: =SUM(N46)+SUM(W46) -> 9148050 | Y46: =SUM(O46) -> 9.14805 | Z46: =SUM(W46) -> 0 | AA46: =X46/$AJ$2 -> 9.14805 | AB46: =X46/H46 -> 1.2812395 | AD46: 总优惠比例
A47: =A4+1 -> 2 | B47: 3 | F47: =IFERROR(VLOOKUP(ROUND(E47*100,0),AF:AG,2,FALSE),"") | J47: =J4 -> 0 | K47: 记牌器1个 | L47: 3 | M47: 1 | P47: =P4 -> 0 | Q47: =Q4 -> 0 | R47: =R4 -> 0 | S47: {=_xlfn.IFNA(MATCH(SUMIFS(R:R,A:A,"="&A47,B:B,"<"&(B47+1)),_xlfn._xlws.FILTER(AO:AO,AL:AL=A47),1),1)} -> 1 | T47: =SUMIFS(R:R,A:A,"="&A47,B:B,"<"&(B47+1)) -> 30 | AD47: 1.15
A48: =A5+1 -> 2 | B48: 4 | F48: =IFERROR(VLOOKUP(ROUND(E48*100,0),AF:AG,2,FALSE),"") | J48: =J5 -> 0.1 | K48: 金币 | L48: 17 | M48: =J48*$AD$49 -> 2008050 | P48: =P5 -> 0 | Q48: =Q5 -> 0 | R48: =R5 -> 0 | S48: {=_xlfn.IFNA(MATCH(SUMIFS(R:R,A:A,"="&A48,B:B,"<"&(B48+1)),_xlfn._xlws.FILTER(AO:AO,AL:AL=A48),1),1)} -> 1 | T48: =SUMIFS(R:R,A:A,"="&A48,B:B,"<"&(B48+1)) -> 30 | AD48: 优惠金币
A49: =A6+1 -> 2 | B49: 5 | F49: =IFERROR(VLOOKUP(ROUND(E49*100,0),AF:AG,2,FALSE),"") | J49: =J6 -> 0 | K49: 卡包2星 | L49: 4 | M49: 1 | P49: =P6 -> 0 | Q49: =Q6 -> 0 | R49: =R6 -> 10 | S49: {=_xlfn.IFNA(MATCH(SUMIFS(R:R,A:A,"="&A49,B:B,"<"&(B49+1)),_xlfn._xlws.FILTER(AO:AO,AL:AL=A49),1),1)} -> 1 | T49: =SUMIFS(R:R,A:A,"="&A49,B:B,"<"&(B49+1)) -> 40 | AD49: =SUM(G45:G87)*(AD47-1) -> 20080500
A50: =A7+1 -> 2 | B50: 6 | F50: =IFERROR(VLOOKUP(ROUND(E50*100,0),AF:AG,2,FALSE),"") | J50: =J7 -> 0 | K50: 老虎机抽奖券 | L50: 3 | M50: 5 | P50: =P7 -> 0 | Q50: =Q7 -> 0 | R50: =R7 -> 0 | S50: {=_xlfn.IFNA(MATCH(SUMIFS(R:R,A:A,"="&A50,B:B,"<"&(B50+1)),_xlfn._xlws.FILTER(AO:AO,AL:AL=A50),1),1)} -> 1 | T50: =SUMIFS(R:R,A:A,"="&A50,B:B,"<"&(B50+1)) -> 40 | AD50: 总优惠进度
A51: =A8+1 -> 2 | B51: 7 | F51: =IFERROR(VLOOKUP(ROUND(E51*100,0),AF:AG,2,FALSE),"") | J51: =J8 -> 0 | K51: 大奖赛复活券 | L51: 3 | M51: 1 | P51: =P8 -> 0 | Q51: =Q8 -> 0 | R51: =R8 -> 0 | S51: {=_xlfn.IFNA(MATCH(SUMIFS(R:R,A:A,"="&A51,B:B,"<"&(B51+1)),_xlfn._xlws.FILTER(AO:AO,AL:AL=A51),1),1)} -> 1 | T51: =SUMIFS(R:R,A:A,"="&A51,B:B,"<"&(B51+1)) -> 40 | AD51: =SUMIF(U45:U87,"<>2",J45:J87)+SUMIF(U45:U87,"=2",J45:J87)*$AJ$2/SUMIFS(AD:AD,A:A,"="&A51,B:B,"=5") -> 1.4
A52: =A9+1 -> 2 | B52: 8 | E52: 7.99 | F52: =IFERROR(VLOOKUP(ROUND(E52*100,0),AF:AG,2,FALSE),"") -> 129 | G52: =(E52+0.01)*F52*$AJ$2/100 -> 10320000 | H52: =SUM(G46:G52) -> 17460000 | I52: =SUM(E46:E52) -> 13.98 | J52: =J9 -> 0.12 | K52: 金币 | L52: 9 | M52: =G52 -> 10320000 | N52: =SUMIF(K52:K57,"="&"金币",M52:M57) -> 10721610 | O52: =N52/$AJ$2 -> 10.72161 | P52: =P9 -> 1 | Q52: =Q9 -> 金币 | R52: =R9 -> 25 | S52: {=_xlfn.IFNA(MATCH(SUMIFS(R:R,A:A,"="&A52,B:B,"<"&(B52+1)),_xlfn._xlws.FILTER(AO:AO,AL:AL=A52),1),1)} -> 1 | T52: =SUMIFS(R:R,A:A,"="&A52,B:B,"<"&(B52+1)) -> 65 | U52: =_xlfn.IFNA(VLOOKUP(Q52,道具!B:C,2,FALSE),"") -> 1 | V52: =IF(U52=1,CEILING(W52*100/$AJ$2,5),IF(U52=2,J52*100,0)) -> 110 | W52: =IF(U52=1,J52*$AD$6,IF(U52=2,J52*$AJ$2,0)) -> 1078740 | X52: =SUM(N46:N52)+SUM(W46:W52) -> 20948400 | Y52: =SUM(O46:O52) -> 19.86966 | Z52: =SUM(W46:W52) -> 1078740 | AA52: =X52/$AJ$2 -> 20.9484 | AB52: =X52/H52 -> 1.1997938
A53: =A10+1 -> 2 | B53: 9 | F53: =IFERROR(VLOOKUP(ROUND(E53*100,0),AF:AG,2,FALSE),"") | J53: =J10 -> 0 | K53: 记牌器1个 | L53: 3 | M53: 2 | P53: =P10 -> 0 | Q53: =Q10 -> 0 | R53: =R10 -> 0 | S53: {=_xlfn.IFNA(MATCH(SUMIFS(R:R,A:A,"="&A53,B:B,"<"&(B53+1)),_xlfn._xlws.FILTER(AO:AO,AL:AL=A53),1),1)} -> 1 | T53: =SUMIFS(R:R,A:A,"="&A53,B:B,"<"&(B53+1)) -> 65
A54: =A11+1 -> 2 | B54: 10 | F54: =IFERROR(VLOOKUP(ROUND(E54*100,0),AF:AG,2,FALSE),"") | J54: =J11 -> 0.02 | K54: 金币 | L54: 17 | M54: =J54*$AD$49 -> 401610 | P54: =P11 -> 0 | Q54: =Q11 -> 0 | R54: =R11 -> 0 | S54: {=_xlfn.IFNA(MATCH(SUMIFS(R:R,A:A,"="&A54,B:B,"<"&(B54+1)),_xlfn._xlws.FILTER(AO:AO,AL:AL=A54),1),1)} -> 1 | T54: =SUMIFS(R:R,A:A,"="&A54,B:B,"<"&(B54+1)) -> 65
A55: =A12+1 -> 2 | B55: 11 | F55: =IFERROR(VLOOKUP(ROUND(E55*100,0),AF:AG,2,FALSE),"") | J55: =J12 -> 0 | K55: 卡包3星 | L55: 4 | M55: 1 | P55: =P12 -> 0 | Q55: =Q12 -> 0 | R55: =R12 -> 0 | S55: {=_xlfn.IFNA(MATCH(SUMIFS(R:R,A:A,"="&A55,B:B,"<"&(B55+1)),_xlfn._xlws.FILTER(AO:AO,AL:AL=A55),1),1)} -> 1 | T55: =SUMIFS(R:R,A:A,"="&A55,B:B,"<"&(B55+1)) -> 65
A56: =A13+1 -> 2 | B56: 12 | F56: =IFERROR(VLOOKUP(ROUND(E56*100,0),AF:AG,2,FALSE),"") | J56: =J13 -> 0 | K56: 老虎机抽奖券 | L56: 3 | M56: 10 | P56: =P13 -> 0 | Q56: =Q13 -> 0 | R56: =R13 -> 0 | S56: {=_xlfn.IFNA(MATCH(SUMIFS(R:R,A:A,"="&A56,B:B,"<"&(B56+1)),_xlfn._xlws.FILTER(AO:AO,AL:AL=A56),1),1)} -> 1 | T56: =SUMIFS(R:R,A:A,"="&A56,B:B,"<"&(B56+1)) -> 65
A57: =A14+1 -> 2 | B57: 13 | F57: =IFERROR(VLOOKUP(ROUND(E57*100,0),AF:AG,2,FALSE),"") | J57: =J14 -> 0 | K57: 大奖赛报名券 | L57: 3 | M57: 1 | P57: =P14 -> 0 | Q57: =Q14 -> 0 | R57: =R14 -> 0 | S57: {=_xlfn.IFNA(MATCH(SUMIFS(R:R,A:A,"="&A57,B:B,"<"&(B57+1)),_xlfn._xlws.FILTER(AO:AO,AL:AL=A57),1),1)} -> 1 | T57: =SUMIFS(R:R,A:A,"="&A57,B:B,"<"&(B57+1)) -> 65
A58: =A15+1 -> 2 | B58: 14 | E58: 9.99 | F58: =IFERROR(VLOOKUP(ROUND(E58*100,0),AF:AG,2,FALSE),"") -> 139 | G58: =(E58+0.01)*F58*$AJ$2/100 -> 13900000 | H58: =SUM(G46:G58) -> 31360000 | I58: =SUM(E46:E58) -> 23.97 | J58: =J15 -> 0 | K58: 金币 | L58: 9 | M58: =G58 -> 13900000 | N58: =SUMIF(K58:K63,"="&"金币",M58:M63) -> 15908050 | O58: =N58/$AJ$2 -> 15.90805 | P58: =P15 -> 0 | Q58: =Q15 -> 0 | R58: =R15 -> 35 | S58: {=_xlfn.IFNA(MATCH(SUMIFS(R:R,A:A,"="&A58,B:B,"<"&(B58+1)),_xlfn._xlws.FILTER(AO:AO,AL:AL=A58),1),1)} -> 1 | T58: =SUMIFS(R:R,A:A,"="&A58,B:B,"<"&(B58+1)) -> 100 | U58: =_xlfn.IFNA(VLOOKUP(Q58,道具!B:C,2,FALSE),"") | W58: =IF(U58=1,J58*$AD$6,IF(U58=2,J58*$AJ$2,0)) -> 0 | X58: =SUM(N46:N58)+SUM(W46:W58) -> 36856450 | Y58: =SUM(O46:O58) -> 35.77771 | Z58: =SUM(W46:W58) -> 1078740 | AA58: =X58/$AJ$2 -> 36.85645 | AB58: =X58/H58 -> 1.1752695
A59: =A16+1 -> 2 | B59: 15 | F59: =IFERROR(VLOOKUP(ROUND(E59*100,0),AF:AG,2,FALSE),"") | J59: =J16 -> 0 | K59: 记牌器1个 | L59: 3 | M59: 3 | P59: =P16 -> 0 | Q59: =Q16 -> 0 | R59: =R16 -> 0 | S59: {=_xlfn.IFNA(MATCH(SUMIFS(R:R,A:A,"="&A59,B:B,"<"&(B59+1)),_xlfn._xlws.FILTER(AO:AO,AL:AL=A59),1),1)} -> 1 | T59: =SUMIFS(R:R,A:A,"="&A59,B:B,"<"&(B59+1)) -> 100
A60: =A17+1 -> 2 | B60: 16 | F60: =IFERROR(VLOOKUP(ROUND(E60*100,0),AF:AG,2,FALSE),"") | J60: 0.1 | K60: 金币 | L60: 17 | M60: =J60*$AD$49 -> 2008050 | P60: =P17 -> 0 | Q60: =Q17 -> 0 | R60: =R17 -> 0 | S60: {=_xlfn.IFNA(MATCH(SUMIFS(R:R,A:A,"="&A60,B:B,"<"&(B60+1)),_xlfn._xlws.FILTER(AO:AO,AL:AL=A60),1),1)} -> 1 | T60: =SUMIFS(R:R,A:A,"="&A60,B:B,"<"&(B60+1)) -> 100
A61: =A18+1 -> 2 | B61: 17 | F61: =IFERROR(VLOOKUP(ROUND(E61*100,0),AF:AG,2,FALSE),"") | J61: =J18 -> 0 | K61: 卡包4星 | L61: 4 | M61: 1 | P61: =P18 -> 0 | Q61: =Q18 -> 0 | R61: =R18 -> 25 | S61: {=_xlfn.IFNA(MATCH(SUMIFS(R:R,A:A,"="&A61,B:B,"<"&(B61+1)),_xlfn._xlws.FILTER(AO:AO,AL:AL=A61),1),1)} -> 1 | T61: =SUMIFS(R:R,A:A,"="&A61,B:B,"<"&(B61+1)) -> 125
A62: =A19+1 -> 2 | B62: 18 | F62: =IFERROR(VLOOKUP(ROUND(E62*100,0),AF:AG,2,FALSE),"") | J62: =J19 -> 0 | K62: 老虎机抽奖券 | L62: 3 | M62: 15 | P62: =P19 -> 0 | Q62: =Q19 -> 0 | R62: =R19 -> 0 | S62: {=_xlfn.IFNA(MATCH(SUMIFS(R:R,A:A,"="&A62,B:B,"<"&(B62+1)),_xlfn._xlws.FILTER(AO:AO,AL:AL=A62),1),1)} -> 1 | T62: =SUMIFS(R:R,A:A,"="&A62,B:B,"<"&(B62+1)) -> 125
A63: =A20+1 -> 2 | B63: 19 | F63: =IFERROR(VLOOKUP(ROUND(E63*100,0),AF:AG,2,FALSE),"") | J63: =J20 -> 0 | K63: 大奖赛复活券 | L63: 3 | M63: 1 | P63: =P20 -> 0 | Q63: =Q20 -> 0 | R63: =R20 -> 0 | S63: {=_xlfn.IFNA(MATCH(SUMIFS(R:R,A:A,"="&A63,B:B,"<"&(B63+1)),_xlfn._xlws.FILTER(AO:AO,AL:AL=A63),1),1)} -> 1 | T63: =SUMIFS(R:R,A:A,"="&A63,B:B,"<"&(B63+1)) -> 125
A64: =A21+1 -> 2 | B64: 20 | E64: 12.99 | F64: =IFERROR(VLOOKUP(ROUND(E64*100,0),AF:AG,2,FALSE),"") -> 149 | G64: =(E64+0.01)*F64*$AJ$2/100 -> 19370000 | H64: =SUM(G46:G64) -> 50730000 | I64: =SUM(E46:E64) -> 36.96 | J64: =J21 -> 0.24 | K64: 金币 | L64: 9 | M64: =G64 -> 19370000 | N64: =SUMIF(K64:K69,"="&"金币",M64:M69) -> 20976440 | O64: =N64/$AJ$2 -> 20.97644 | P64: =P21 -> 2 | Q64: =Q21 -> 金币 | R64: =R21 -> 0 | S64: {=_xlfn.IFNA(MATCH(SUMIFS(R:R,A:A,"="&A64,B:B,"<"&(B64+1)),_xlfn._xlws.FILTER(AO:AO,AL:AL=A64),1),1)} -> 1 | T64: =SUMIFS(R:R,A:A,"="&A64,B:B,"<"&(B64+1)) -> 125 | U64: =_xlfn.IFNA(VLOOKUP(Q64,道具!B:C,2,FALSE),"") -> 1 | V64: =IF(U64=1,CEILING(W64*100/$AJ$2,5),IF(U64=2,J64*100,0)) -> 220 | W64: =IF(U64=1,J64*$AD$6,IF(U64=2,J64*$AJ$2,0)) -> 2157480 | X64: =SUM(N46:N64)+SUM(W46:W64) -> 59990370 | Y64: =SUM(O46:O64) -> 56.75415 | Z64: =SUM(W46:W64) -> 3236220 | AA64: =X64/$AJ$2 -> 59.99037 | AB64: =X64/H64 -> 1.1825423
A65: =A22+1 -> 2 | B65: 21 | F65: =IFERROR(VLOOKUP(ROUND(E65*100,0),AF:AG,2,FALSE),"") | J65: =J22 -> 0 | K65: 记牌器1个 | L65: 3 | M65: 4 | P65: =P22 -> 0 | Q65: =Q22 -> 0 | R65: =R22 -> 0 | S65: {=_xlfn.IFNA(MATCH(SUMIFS(R:R,A:A,"="&A65,B:B,"<"&(B65+1)),_xlfn._xlws.FILTER(AO:AO,AL:AL=A65),1),1)} -> 1 | T65: =SUMIFS(R:R,A:A,"="&A65,B:B,"<"&(B65+1)) -> 125
A66: =A23+1 -> 2 | B66: 22 | F66: =IFERROR(VLOOKUP(ROUND(E66*100,0),AF:AG,2,FALSE),"") | J66: =J23 -> 0.08 | K66: 金币 | L66: 17 | M66: =J66*$AD$49 -> 1606440 | P66: =P23 -> 0 | Q66: =Q23 -> 0 | R66: =R23 -> 0 | S66: {=_xlfn.IFNA(MATCH(SUMIFS(R:R,A:A,"="&A66,B:B,"<"&(B66+1)),_xlfn._xlws.FILTER(AO:AO,AL:AL=A66),1),1)} -> 1 | T66: =SUMIFS(R:R,A:A,"="&A66,B:B,"<"&(B66+1)) -> 125
A67: =A24+1 -> 2 | B67: 23 | F67: =IFERROR(VLOOKUP(ROUND(E67*100,0),AF:AG,2,FALSE),"") | J67: =J24 -> 0 | K67: 卡包4星 | L67: 4 | M67: 1 | P67: =P24 -> 0 | Q67: =Q24 -> 0 | R67: =R24 -> 15 | S67: {=_xlfn.IFNA(MATCH(SUMIFS(R:R,A:A,"="&A67,B:B,"<"&(B67+1)),_xlfn._xlws.FILTER(AO:AO,AL:AL=A67),1),1)} -> 1 | T67: =SUMIFS(R:R,A:A,"="&A67,B:B,"<"&(B67+1)) -> 140
A68: =A25+1 -> 2 | B68: 24 | F68: =IFERROR(VLOOKUP(ROUND(E68*100,0),AF:AG,2,FALSE),"") | J68: =J25 -> 0 | K68: 老虎机抽奖券 | L68: 3 | M68: 20 | P68: =P25 -> 0 | Q68: =Q25 -> 0 | R68: =R25 -> 0 | S68: {=_xlfn.IFNA(MATCH(SUMIFS(R:R,A:A,"="&A68,B:B,"<"&(B68+1)),_xlfn._xlws.FILTER(AO:AO,AL:AL=A68),1),1)} -> 1 | T68: =SUMIFS(R:R,A:A,"="&A68,B:B,"<"&(B68+1)) -> 140
A69: =A26+1 -> 2 | B69: 25 | F69: =IFERROR(VLOOKUP(ROUND(E69*100,0),AF:AG,2,FALSE),"") | J69: =J26 -> 0 | K69: 大奖赛报名券 | L69: 3 | M69: 1 | P69: =P26 -> 0 | Q69: =Q26 -> 0 | R69: =R26 -> 0 | S69: {=_xlfn.IFNA(MATCH(SUMIFS(R:R,A:A,"="&A69,B:B,"<"&(B69+1)),_xlfn._xlws.FILTER(AO:AO,AL:AL=A69),1),1)} -> 1 | T69: =SUMIFS(R:R,A:A,"="&A69,B:B,"<"&(B69+1)) -> 140
A70: =A27+1 -> 2 | B70: 26 | E70: 14.99 | F70: =IFERROR(VLOOKUP(ROUND(E70*100,0),AF:AG,2,FALSE),"") -> 154 | G70: =(E70+0.01)*F70*$AJ$2/100 -> 23100000 | H70: =SUM(G46:G70) -> 73830000 | I70: =SUM(E46:E70) -> 51.95 | J70: =J27 -> 0 | K70: 金币 | L70: 9 | M70: =G70 -> 23100000 | N70: =SUMIF(K70:K75,"="&"金币",M70:M75) -> 24104025 | O70: =N70/$AJ$2 -> 24.104025 | P70: =P27 -> 0 | Q70: =Q27 -> 0 | R70: =R27 -> 10 | S70: {=_xlfn.IFNA(MATCH(SUMIFS(R:R,A:A,"="&A70,B:B,"<"&(B70+1)),_xlfn._xlws.FILTER(AO:AO,AL:AL=A70),1),1)} -> 2 | T70: =SUMIFS(R:R,A:A,"="&A70,B:B,"<"&(B70+1)) -> 150 | U70: =_xlfn.IFNA(VLOOKUP(Q70,道具!B:C,2,FALSE),"") | V70: =IF(U70=1,CEILING(W70*100/$AJ$2,5),IF(U70=2,J70*100,0)) -> 0 | W70: =IF(U70=1,J70*$AD$6,IF(U70=2,J70*$AJ$2,0)) -> 0 | X70: =SUM(N46:N70)+SUM(W46:W70) -> 84094395 | Y70: =SUM(O46:O70) -> 80.858175 | Z70: =SUM(W46:W70) -> 3236220 | AA70: =X70/$AJ$2 -> 84.094395 | AB70: =X70/H70 -> 1.1390274
A71: =A28+1 -> 2 | B71: 27 | F71: =IFERROR(VLOOKUP(ROUND(E71*100,0),AF:AG,2,FALSE),"") | J71: =J28 -> 0 | K71: 记牌器1个 | L71: 3 | M71: 5 | P71: =P28 -> 0 | Q71: =Q28 -> 0 | R71: =R28 -> 0 | S71: {=_xlfn.IFNA(MATCH(SUMIFS(R:R,A:A,"="&A71,B:B,"<"&(B71+1)),_xlfn._xlws.FILTER(AO:AO,AL:AL=A71),1),1)} -> 2 | T71: =SUMIFS(R:R,A:A,"="&A71,B:B,"<"&(B71+1)) -> 150
A72: =A29+1 -> 2 | B72: 28 | F72: =IFERROR(VLOOKUP(ROUND(E72*100,0),AF:AG,2,FALSE),"") | J72: 0.05 | K72: 金币 | L72: 17 | M72: =J72*$AD$49 -> 1004025 | P72: =P29 -> 0 | Q72: =Q29 -> 0 | R72: =R29 -> 0 | S72: {=_xlfn.IFNA(MATCH(SUMIFS(R:R,A:A,"="&A72,B:B,"<"&(B72+1)),_xlfn._xlws.FILTER(AO:AO,AL:AL=A72),1),1)} -> 2 | T72: =SUMIFS(R:R,A:A,"="&A72,B:B,"<"&(B72+1)) -> 150
A73: =A30+1 -> 2 | B73: 29 | F73: =IFERROR(VLOOKUP(ROUND(E73*100,0),AF:AG,2,FALSE),"") | J73: =J30 -> 0 | K73: 卡包5星 | L73: 4 | M73: 1 | P73: =P30 -> 0 | Q73: =Q30 -> 0 | R73: =R30 -> 25 | S73: {=_xlfn.IFNA(MATCH(SUMIFS(R:R,A:A,"="&A73,B:B,"<"&(B73+1)),_xlfn._xlws.FILTER(AO:AO,AL:AL=A73),1),1)} -> 2 | T73: =SUMIFS(R:R,A:A,"="&A73,B:B,"<"&(B73+1)) -> 175
A74: =A31+1 -> 2 | B74: 30 | F74: =IFERROR(VLOOKUP(ROUND(E74*100,0),AF:AG,2,FALSE),"") | J74: =J31 -> 0 | K74: 老虎机抽奖券 | L74: 3 | M74: 25 | P74: =P31 -> 0 | Q74: =Q31 -> 0 | R74: =R31 -> 0 | S74: {=_xlfn.IFNA(MATCH(SUMIFS(R:R,A:A,"="&A74,B:B,"<"&(B74+1)),_xlfn._xlws.FILTER(AO:AO,AL:AL=A74),1),1)} -> 2 | T74: =SUMIFS(R:R,A:A,"="&A74,B:B,"<"&(B74+1)) -> 175
A75: =A32+1 -> 2 | B75: 31 | F75: =IFERROR(VLOOKUP(ROUND(E75*100,0),AF:AG,2,FALSE),"") | J75: =J32 -> 0 | K75: 大奖赛复活券 | L75: 3 | M75: 1 | P75: =P32 -> 0 | Q75: =Q32 -> 0 | R75: =R32 -> 0 | S75: {=_xlfn.IFNA(MATCH(SUMIFS(R:R,A:A,"="&A75,B:B,"<"&(B75+1)),_xlfn._xlws.FILTER(AO:AO,AL:AL=A75),1),1)} -> 2 | T75: =SUMIFS(R:R,A:A,"="&A75,B:B,"<"&(B75+1)) -> 175
A76: =A33+1 -> 2 | B76: 32 | E76: 17.99 | F76: =IFERROR(VLOOKUP(ROUND(E76*100,0),AF:AG,2,FALSE),"") -> 158 | G76: =(E76+0.01)*F76*$AJ$2/100 -> 28440000 | H76: =SUM(G46:G76) -> 102270000 | I76: =SUM(E46:E76) -> 69.94 | J76: =J33 -> 0 | K76: 金币 | L76: 9 | M76: =G76 -> 28440000 | N76: =SUMIF(K76:K81,"="&"金币",M76:M81) -> 30849660 | O76: =N76/$AJ$2 -> 30.84966 | P76: =P33 -> 0 | Q76: =Q33 -> 0 | R76: =R33 -> 25 | S76: {=_xlfn.IFNA(MATCH(SUMIFS(R:R,A:A,"="&A76,B:B,"<"&(B76+1)),_xlfn._xlws.FILTER(AO:AO,AL:AL=A76),1),1)} -> 2 | T76: =SUMIFS(R:R,A:A,"="&A76,B:B,"<"&(B76+1)) -> 200 | U76: =_xlfn.IFNA(VLOOKUP(Q76,道具!B:C,2,FALSE),"") | V76: =IF(U76=1,CEILING(W76*100/$AJ$2,5),IF(U76=2,J76*100,0)) -> 0 | W76: =IF(U76=1,J76*$AD$6,IF(U76=2,J76*$AJ$2,0)) -> 0 | X76: =SUM(N46:N76)+SUM(W46:W76) -> 114944055 | Y76: =SUM(O46:O76) -> 111.70784 | Z76: =SUM(W46:W76) -> 3236220 | AA76: =X76/$AJ$2 -> 114.94406 | AB76: =X76/H76 -> 1.1239274
A77: =A34+1 -> 2 | B77: 33 | F77: =IFERROR(VLOOKUP(ROUND(E77*100,0),AF:AG,2,FALSE),"") | J77: =J34 -> 0 | K77: 记牌器1个 | L77: 3 | M77: 6 | P77: =P34 -> 0 | Q77: =Q34 -> 0 | R77: =R34 -> 0 | S77: {=_xlfn.IFNA(MATCH(SUMIFS(R:R,A:A,"="&A77,B:B,"<"&(B77+1)),_xlfn._xlws.FILTER(AO:AO,AL:AL=A77),1),1)} -> 2 | T77: =SUMIFS(R:R,A:A,"="&A77,B:B,"<"&(B77+1)) -> 200
A78: =A35+1 -> 2 | B78: 34 | F78: =IFERROR(VLOOKUP(ROUND(E78*100,0),AF:AG,2,FALSE),"") | J78: =J35 -> 0.12 | K78: 金币 | L78: 17 | M78: =J78*$AD$49 -> 2409660 | P78: =P35 -> 0 | Q78: =Q35 -> 0 | R78: =R35 -> 0 | S78: {=_xlfn.IFNA(MATCH(SUMIFS(R:R,A:A,"="&A78,B:B,"<"&(B78+1)),_xlfn._xlws.FILTER(AO:AO,AL:AL=A78),1),1)} -> 2 | T78: =SUMIFS(R:R,A:A,"="&A78,B:B,"<"&(B78+1)) -> 200
A79: =A36+1 -> 2 | B79: 35 | F79: =IFERROR(VLOOKUP(ROUND(E79*100,0),AF:AG,2,FALSE),"") | J79: =J36 -> 0 | K79: 卡包5星 | L79: 4 | M79: 1 | P79: =P36 -> 0 | Q79: =Q36 -> 0 | R79: =R36 -> 15 | S79: {=_xlfn.IFNA(MATCH(SUMIFS(R:R,A:A,"="&A79,B:B,"<"&(B79+1)),_xlfn._xlws.FILTER(AO:AO,AL:AL=A79),1),1)} -> 2 | T79: =SUMIFS(R:R,A:A,"="&A79,B:B,"<"&(B79+1)) -> 215
A80: =A37+1 -> 2 | B80: 36 | F80: =IFERROR(VLOOKUP(ROUND(E80*100,0),AF:AG,2,FALSE),"") | J80: =J37 -> 0 | K80: 老虎机抽奖券 | L80: 3 | M80: 30 | P80: =P37 -> 0 | Q80: =Q37 -> 0 | R80: =R37 -> 0 | S80: {=_xlfn.IFNA(MATCH(SUMIFS(R:R,A:A,"="&A80,B:B,"<"&(B80+1)),_xlfn._xlws.FILTER(AO:AO,AL:AL=A80),1),1)} -> 2 | T80: =SUMIFS(R:R,A:A,"="&A80,B:B,"<"&(B80+1)) -> 215
A81: =A38+1 -> 2 | B81: 37 | F81: =IFERROR(VLOOKUP(ROUND(E81*100,0),AF:AG,2,FALSE),"") | J81: =J38 -> 0 | K81: 大奖赛报名券 | L81: 3 | M81: 1 | P81: =P38 -> 0 | Q81: =Q38 -> 0 | R81: =R38 -> 0 | S81: {=_xlfn.IFNA(MATCH(SUMIFS(R:R,A:A,"="&A81,B:B,"<"&(B81+1)),_xlfn._xlws.FILTER(AO:AO,AL:AL=A81),1),1)} -> 2 | T81: =SUMIFS(R:R,A:A,"="&A81,B:B,"<"&(B81+1)) -> 215
A82: =A39+1 -> 2 | B82: 38 | E82: 19.99 | F82: =IFERROR(VLOOKUP(ROUND(E82*100,0),AF:AG,2,FALSE),"") -> 158 | G82: =(E82+0.01)*F82*$AJ$2/100 -> 31600000 | H82: =SUM(G46:G82) -> 133870000 | I82: =SUM(E46:E82) -> 89.93 | J82: =J39 -> 0.45 | K82: 金币 | L82: 9 | M82: =G82 -> 31600000 | N82: =SUMIF(K82:K87,"="&"金币",M82:M87) -> 34009660 | O82: =N82/$AJ$2 -> 34.00966 | P82: =P39 -> 3 | Q82: =Q39 -> 金币 | R82: =R39 -> 35 | S82: {=_xlfn.IFNA(MATCH(SUMIFS(R:R,A:A,"="&A82,B:B,"<"&(B82+1)),_xlfn._xlws.FILTER(AO:AO,AL:AL=A82),1),1)} -> 2 | T82: =SUMIFS(R:R,A:A,"="&A82,B:B,"<"&(B82+1)) -> 250 | U82: =_xlfn.IFNA(VLOOKUP(Q82,道具!B:C,2,FALSE),"") -> 1 | V82: =IF(U82=1,CEILING(W82*100/$AJ$2,5),IF(U82=2,J82*100,0)) -> 405 | W82: =IF(U82=1,J82*$AD$6,IF(U82=2,J82*$AJ$2,0)) -> 4045275 | X82: =SUM(N46:N82)+SUM(W46:W82) -> 152998990 | Y82: =SUM(O46:O82) -> 145.7175 | Z82: =SUM(W46:W82) -> 7281495 | AA82: =X82/$AJ$2 -> 152.99899 | AB82: =X82/H82 -> 1.1428923
A83: =A40+1 -> 2 | B83: 39 | F83: =IFERROR(VLOOKUP(ROUND(E83*100,0),AF:AG,2,FALSE),"") | J83: =J40 -> 0 | K83: 记牌器1个 | L83: 3 | M83: 7 | P83: =P40 -> 0 | Q83: =Q40 -> 0 | R83: =R40 -> 0 | S83: {=_xlfn.IFNA(MATCH(SUMIFS(R:R,A:A,"="&A83,B:B,"<"&(B83+1)),_xlfn._xlws.FILTER(AO:AO,AL:AL=A83),1),1)} -> 2 | T83: =SUMIFS(R:R,A:A,"="&A83,B:B,"<"&(B83+1)) -> 250
A84: =A41+1 -> 2 | B84: 40 | F84: =IFERROR(VLOOKUP(ROUND(E84*100,0),AF:AG,2,FALSE),"") | J84: =J41 -> 0.12 | K84: 金币 | L84: 17 | M84: =J84*$AD$49 -> 2409660 | P84: =P41 -> 0 | Q84: =Q41 -> 0 | R84: =R41 -> 0 | S84: {=_xlfn.IFNA(MATCH(SUMIFS(R:R,A:A,"="&A84,B:B,"<"&(B84+1)),_xlfn._xlws.FILTER(AO:AO,AL:AL=A84),1),1)} -> 2 | T84: =SUMIFS(R:R,A:A,"="&A84,B:B,"<"&(B84+1)) -> 250
A85: =A42+1 -> 2 | B85: 41 | F85: =IFERROR(VLOOKUP(ROUND(E85*100,0),AF:AG,2,FALSE),"") | J85: =J42 -> 0 | K85: 卡包fun卡 | L85: 4 | M85: 1 | P85: =P42 -> 0 | Q85: =Q42 -> 0 | R85: =R42 -> 50 | S85: {=_xlfn.IFNA(MATCH(SUMIFS(R:R,A:A,"="&A85,B:B,"<"&(B85+1)),_xlfn._xlws.FILTER(AO:AO,AL:AL=A85),1),1)} -> 3 | T85: =SUMIFS(R:R,A:A,"="&A85,B:B,"<"&(B85+1)) -> 300
A86: =A43+1 -> 2 | B86: 42 | F86: =IFERROR(VLOOKUP(ROUND(E86*100,0),AF:AG,2,FALSE),"") | J86: =J43 -> 0 | K86: 老虎机抽奖券 | L86: 3 | M86: 35 | P86: =P43 -> 0 | Q86: =Q43 -> 0 | R86: =R43 -> 0 | S86: {=_xlfn.IFNA(MATCH(SUMIFS(R:R,A:A,"="&A86,B:B,"<"&(B86+1)),_xlfn._xlws.FILTER(AO:AO,AL:AL=A86),1),1)} -> 3 | T86: =SUMIFS(R:R,A:A,"="&A86,B:B,"<"&(B86+1)) -> 300
A87: =A44+1 -> 2 | B87: 43 | F87: =IFERROR(VLOOKUP(ROUND(E87*100,0),AF:AG,2,FALSE),"") | J87: =J44 -> 0 | K87: 大奖赛复活券 | L87: 3 | M87: 1 | P87: =P44 -> 0 | Q87: =Q44 -> 0 | R87: =R44 -> 0 | S87: {=_xlfn.IFNA(MATCH(SUMIFS(R:R,A:A,"="&A87,B:B,"<"&(B87+1)),_xlfn._xlws.FILTER(AO:AO,AL:AL=A87),1),1)} -> 3 | T87: =SUMIFS(R:R,A:A,"="&A87,B:B,"<"&(B87+1)) -> 300
A88: =A45+1 -> 3 | B88: 1 | F88: =IFERROR(VLOOKUP(ROUND(E88*100,0),AF:AG,2,FALSE),"") | J88: =J45 -> 0 | K88: 金币 | L88: 1 | M88: 5000 | P88: =P45 -> 0 | Q88: =Q45 -> 0 | R88: =R45 -> 20 | S88: {=_xlfn.IFNA(MATCH(SUMIFS(R:R,A:A,"="&A88,B:B,"<"&(B88+1)),_xlfn._xlws.FILTER(AO:AO,AL:AL=A88),1),1)} -> 1 | T88: =SUMIFS(R:R,A:A,"="&A88,B:B,"<"&(B88+1)) -> 20 | AD88: =SUM(E88:E130) -> 89.93
A89: =A46+1 -> 3 | B89: 2 | E89: 5.99 | F89: =IFERROR(VLOOKUP(ROUND(E89*100,0),AF:AG,2,FALSE),"") -> 119 | G89: =(E89+0.01)*F89*$AJ$2/100 -> 7140000 | H89: =SUM(G89) -> 7140000 | I89: =SUM(E89) -> 5.99 | J89: =J46 -> 0 | K89: 金币 | L89: 9 | M89: =G89 -> 7140000 | N89: =SUMIF(K89:K94,"="&"金币",M89:M94) -> 9148050 | O89: =N89/$AJ$2 -> 9.14805 | P89: =P46 -> 0 | Q89: =Q46 -> 0 | R89: =R46 -> 10 | S89: {=_xlfn.IFNA(MATCH(SUMIFS(R:R,A:A,"="&A89,B:B,"<"&(B89+1)),_xlfn._xlws.FILTER(AO:AO,AL:AL=A89),1),1)} -> 1 | T89: =SUMIFS(R:R,A:A,"="&A89,B:B,"<"&(B89+1)) -> 30 | U89: =_xlfn.IFNA(VLOOKUP(Q89,道具!B:C,2,FALSE),"") | V89: =IF(U89=1,CEILING(W89*100/$AJ$2,5),IF(U89=2,J89*100,0)) -> 0 | W89: =IF(U89=1,J89*$AD$6,IF(U89=2,J89*$AJ$2,0)) -> 0 | X89: =SUM(N89)+SUM(W89) -> 9148050 | Y89: =SUM(O89) -> 9.14805 | Z89: =SUM(W89) -> 0 | AA89: =X89/$AJ$2 -> 9.14805 | AB89: =X89/H89 -> 1.2812395 | AD89: 总优惠比例
A90: =A47+1 -> 3 | B90: 3 | F90: =IFERROR(VLOOKUP(ROUND(E90*100,0),AF:AG,2,FALSE),"") | J90: =J47 -> 0 | K90: 记牌器1个 | L90: 3 | M90: 1 | P90: =P47 -> 0 | Q90: =Q47 -> 0 | R90: =R47 -> 0 | S90: {=_xlfn.IFNA(MATCH(SUMIFS(R:R,A:A,"="&A90,B:B,"<"&(B90+1)),_xlfn._xlws.FILTER(AO:AO,AL:AL=A90),1),1)} -> 1 | T90: =SUMIFS(R:R,A:A,"="&A90,B:B,"<"&(B90+1)) -> 30 | AD90: 1.15
A91: =A48+1 -> 3 | B91: 4 | F91: =IFERROR(VLOOKUP(ROUND(E91*100,0),AF:AG,2,FALSE),"") | J91: =J48 -> 0.1 | K91: 金币 | L91: 17 | M91: =J91*$AD$92 -> 2008050 | P91: =P48 -> 0 | Q91: =Q48 -> 0 | R91: =R48 -> 0 | S91: {=_xlfn.IFNA(MATCH(SUMIFS(R:R,A:A,"="&A91,B:B,"<"&(B91+1)),_xlfn._xlws.FILTER(AO:AO,AL:AL=A91),1),1)} -> 1 | T91: =SUMIFS(R:R,A:A,"="&A91,B:B,"<"&(B91+1)) -> 30 | AD91: 优惠金币
A92: =A49+1 -> 3 | B92: 5 | F92: =IFERROR(VLOOKUP(ROUND(E92*100,0),AF:AG,2,FALSE),"") | J92: =J49 -> 0 | K92: 卡包2星 | L92: 4 | M92: 1 | P92: =P49 -> 0 | Q92: =Q49 -> 0 | R92: =R49 -> 10 | S92: {=_xlfn.IFNA(MATCH(SUMIFS(R:R,A:A,"="&A92,B:B,"<"&(B92+1)),_xlfn._xlws.FILTER(AO:AO,AL:AL=A92),1),1)} -> 1 | T92: =SUMIFS(R:R,A:A,"="&A92,B:B,"<"&(B92+1)) -> 40 | AD92: =SUM(G88:G130)*(AD90-1) -> 20080500
A93: =A50+1 -> 3 | B93: 6 | F93: =IFERROR(VLOOKUP(ROUND(E93*100,0),AF:AG,2,FALSE),"") | J93: =J50 -> 0 | K93: 老虎机抽奖券 | L93: 3 | M93: 5 | P93: =P50 -> 0 | Q93: =Q50 -> 0 | R93: =R50 -> 0 | S93: {=_xlfn.IFNA(MATCH(SUMIFS(R:R,A:A,"="&A93,B:B,"<"&(B93+1)),_xlfn._xlws.FILTER(AO:AO,AL:AL=A93),1),1)} -> 1 | T93: =SUMIFS(R:R,A:A,"="&A93,B:B,"<"&(B93+1)) -> 40 | AD93: 总优惠进度
A94: =A51+1 -> 3 | B94: 7 | F94: =IFERROR(VLOOKUP(ROUND(E94*100,0),AF:AG,2,FALSE),"") | J94: =J51 -> 0 | K94: 大奖赛复活券 | L94: 3 | M94: 1 | P94: =P51 -> 0 | Q94: =Q51 -> 0 | R94: =R51 -> 0 | S94: {=_xlfn.IFNA(MATCH(SUMIFS(R:R,A:A,"="&A94,B:B,"<"&(B94+1)),_xlfn._xlws.FILTER(AO:AO,AL:AL=A94),1),1)} -> 1 | T94: =SUMIFS(R:R,A:A,"="&A94,B:B,"<"&(B94+1)) -> 40 | AD94: =SUMIF(U88:U130,"<>2",J88:J130)+SUMIF(U88:U130,"=2",J88:J130)*$AJ$2/SUMIFS(AD:AD,A:A,"="&A94,B:B,"=5") -> 1.4
A95: =A52+1 -> 3 | B95: 8 | E95: 7.99 | F95: =IFERROR(VLOOKUP(ROUND(E95*100,0),AF:AG,2,FALSE),"") -> 129 | G95: =(E95+0.01)*F95*$AJ$2/100 -> 10320000 | H95: =SUM(G89:G95) -> 17460000 | I95: =SUM(E89:E95) -> 13.98 | J95: =J52 -> 0.12 | K95: 金币 | L95: 9 | M95: =G95 -> 10320000 | N95: =SUMIF(K95:K100,"="&"金币",M95:M100) -> 10721610 | O95: =N95/$AJ$2 -> 10.72161 | P95: =P52 -> 1 | Q95: =Q52 -> 金币 | R95: =R52 -> 25 | S95: {=_xlfn.IFNA(MATCH(SUMIFS(R:R,A:A,"="&A95,B:B,"<"&(B95+1)),_xlfn._xlws.FILTER(AO:AO,AL:AL=A95),1),1)} -> 1 | T95: =SUMIFS(R:R,A:A,"="&A95,B:B,"<"&(B95+1)) -> 65 | U95: =_xlfn.IFNA(VLOOKUP(Q95,道具!B:C,2,FALSE),"") -> 1 | V95: =IF(U95=1,CEILING(W95*100/$AJ$2,5),IF(U95=2,J95*100,0)) -> 110 | W95: =IF(U95=1,J95*$AD$6,IF(U95=2,J95*$AJ$2,0)) -> 1078740 | X95: =SUM(N89:N95)+SUM(W89:W95) -> 20948400 | Y95: =SUM(O89:O95) -> 19.86966 | Z95: =SUM(W89:W95) -> 1078740 | AA95: =X95/$AJ$2 -> 20.9484 | AB95: =X95/H95 -> 1.1997938
A96: =A53+1 -> 3 | B96: 9 | F96: =IFERROR(VLOOKUP(ROUND(E96*100,0),AF:AG,2,FALSE),"") | J96: =J53 -> 0 | K96: 记牌器1个 | L96: 3 | M96: 2 | P96: =P53 -> 0 | Q96: =Q53 -> 0 | R96: =R53 -> 0 | S96: {=_xlfn.IFNA(MATCH(SUMIFS(R:R,A:A,"="&A96,B:B,"<"&(B96+1)),_xlfn._xlws.FILTER(AO:AO,AL:AL=A96),1),1)} -> 1 | T96: =SUMIFS(R:R,A:A,"="&A96,B:B,"<"&(B96+1)) -> 65
A97: =A54+1 -> 3 | B97: 10 | F97: =IFERROR(VLOOKUP(ROUND(E97*100,0),AF:AG,2,FALSE),"") | J97: =J54 -> 0.02 | K97: 金币 | L97: 17 | M97: =J97*$AD$92 -> 401610 | P97: =P54 -> 0 | Q97: =Q54 -> 0 | R97: =R54 -> 0 | S97: {=_xlfn.IFNA(MATCH(SUMIFS(R:R,A:A,"="&A97,B:B,"<"&(B97+1)),_xlfn._xlws.FILTER(AO:AO,AL:AL=A97),1),1)} -> 1 | T97: =SUMIFS(R:R,A:A,"="&A97,B:B,"<"&(B97+1)) -> 65
A98: =A55+1 -> 3 | B98: 11 | F98: =IFERROR(VLOOKUP(ROUND(E98*100,0),AF:AG,2,FALSE),"") | J98: =J55 -> 0 | K98: 卡包3星 | L98: 4 | M98: 1 | P98: =P55 -> 0 | Q98: =Q55 -> 0 | R98: =R55 -> 0 | S98: {=_xlfn.IFNA(MATCH(SUMIFS(R:R,A:A,"="&A98,B:B,"<"&(B98+1)),_xlfn._xlws.FILTER(AO:AO,AL:AL=A98),1),1)} -> 1 | T98: =SUMIFS(R:R,A:A,"="&A98,B:B,"<"&(B98+1)) -> 65
A99: =A56+1 -> 3 | B99: 12 | F99: =IFERROR(VLOOKUP(ROUND(E99*100,0),AF:AG,2,FALSE),"") | J99: =J56 -> 0 | K99: 老虎机抽奖券 | L99: 3 | M99: 10 | P99: =P56 -> 0 | Q99: =Q56 -> 0 | R99: =R56 -> 0 | S99: {=_xlfn.IFNA(MATCH(SUMIFS(R:R,A:A,"="&A99,B:B,"<"&(B99+1)),_xlfn._xlws.FILTER(AO:AO,AL:AL=A99),1),1)} -> 1 | T99: =SUMIFS(R:R,A:A,"="&A99,B:B,"<"&(B99+1)) -> 65
A100: =A57+1 -> 3 | B100: 13 | F100: =IFERROR(VLOOKUP(ROUND(E100*100,0),AF:AG,2,FALSE),"") | J100: =J57 -> 0 | K100: 大奖赛报名券 | L100: 3 | M100: 1 | P100: =P57 -> 0 | Q100: =Q57 -> 0 | R100: =R57 -> 0 | S100: {=_xlfn.IFNA(MATCH(SUMIFS(R:R,A:A,"="&A100,B:B,"<"&(B100+1)),_xlfn._xlws.FILTER(AO:AO,AL:AL=A100),1),1)} -> 1 | T100: =SUMIFS(R:R,A:A,"="&A100,B:B,"<"&(B100+1)) -> 65
...

Sheet 体验表-12.11
A1: 分组 | B1: 序列 | D1: 档位膨胀 | E1: 基础金币 | F1: 合计金币 | G1: 合计美金 | H1: 优惠比例 | I1: 奖励类型 | J1: 奖励类型 1金币 2钻石 3道具 4卡包 9美金(查表) 17美金金币 | K1: 数量 | L1: 档位金币 | M1: 档位美金 | N1: 合计金币 | O1: 合计美金 | P1: 折扣 | R1: 总计美金 | T1: 档位 | U1: 膨胀系数 | W1: VIP膨胀 | X1: 仅VIP膨胀
A2: 1 | B2: 1 | D2: =IFERROR(VLOOKUP(ROUND((C2+0.01)*100,0),T:U,2,FALSE),"") | I2: 金币 | J2: 1 | K2: 5000 | R2: =SUM(C2:C44) -> 46.93 | T2: 99 | U2: 100 | W2: 0 | X2: 1000000
A3: 1 | B3: 2 | C3: 2.99 | D3: =IFERROR(VLOOKUP(ROUND(C3*100,0),T:U,2,FALSE),"") -> 109 | E3: =(C3+0.01)*D3*$X$2/100 -> 3270000 | F3: =SUM(E3) -> 3270000 | G3: =SUM(C3) -> 2.99 | I3: 金币 | J3: 9 | K3: =E3 -> 3270000 | L3: =SUMIF(I3:I8,"="&"金币",K3:K8) -> 4168950 | M3: =L3/$X$2 -> 4.16895 | N3: =SUM(L3) -> 4168950 | O3: =SUM(M3) -> 4.16895 | P3: =N3/F3 -> 1.2749083 | R3: 总优惠比例 | T3: 199 | U3: 100 | W3: 1 | X3: 1250000
A4: 1 | B4: 3 | D4: =IFERROR(VLOOKUP(ROUND(C4*100,0),T:U,2,FALSE),"") | I4: 记牌器1个 | J4: 3 | K4: 1 | R4: 1.15 | T4: 299 | U4: 109 | W4: 2 | X4: 1500000
A5: 1 | B5: 4 | D5: =IFERROR(VLOOKUP(ROUND(C5*100,0),T:U,2,FALSE),"") | H5: 0.1 | I5: 金币 | J5: 17 | K5: =H5*$R$6 -> 898950 | R5: 优惠金币 | T5: 399 | U5: 114 | W5: 3 | X5: 1750000
A6: 1 | B6: 5 | D6: =IFERROR(VLOOKUP(ROUND(C6*100,0),T:U,2,FALSE),"") | I6: 卡包2星 | J6: 4 | K6: 1 | R6: =SUM(E2:E44)*(R4-1) -> 8989500 | T6: 499 | U6: 119 | W6: 4 | X6: 2000000
A7: 1 | B7: 6 | D7: =IFERROR(VLOOKUP(ROUND(C7*100,0),T:U,2,FALSE),"") | I7: 老虎机抽奖券 | J7: 3 | K7: 5 | R7: 总优惠进度 | T7: 599 | U7: 119 | W7: 5 | X7: 2250000
A8: 1 | B8: 7 | D8: =IFERROR(VLOOKUP(ROUND(C8*100,0),T:U,2,FALSE),"") | I8: 大奖赛复活券 | J8: 3 | K8: 1 | R8: =SUM(H2:H44) -> 1 | T8: 699 | U8: 124 | W8: 6 | X8: 2500000
A9: 1 | B9: 8 | C9: 3.99 | D9: =IFERROR(VLOOKUP(ROUND(C9*100,0),T:U,2,FALSE),"") -> 114 | E9: =(C9+0.01)*D9*$X$2/100 -> 4560000 | F9: =SUM(E3:E9) -> 7830000 | G9: =SUM(C3:C9) -> 6.98 | I9: 金币 | J9: 9 | K9: =E9 -> 4560000 | L9: =SUMIF(I9:I14,"="&"金币",K9:K14) -> 5458950 | M9: =L9/$X$2 -> 5.45895 | N9: =SUM(L3:L9) -> 9627900 | O9: =SUM(M3:M9) -> 9.6279 | P9: =N9/F9 -> 1.2296169 | T9: 799 | U9: 129 | W9: 7 | X9: 2500000
A10: 1 | B10: 9 | D10: =IFERROR(VLOOKUP(ROUND(C10*100,0),T:U,2,FALSE),"") | I10: 记牌器1个 | J10: 3 | K10: 2 | T10: 899 | U10: 134 | W10: 8 | X10: 2500000
A11: 1 | B11: 10 | D11: =IFERROR(VLOOKUP(ROUND(C11*100,0),T:U,2,FALSE),"") | H11: 0.1 | I11: 金币 | J11: 17 | K11: =H11*$R$6 -> 898950 | T11: 999 | U11: 139 | W11: 9 | X11: 2500000
A12: 1 | B12: 11 | D12: =IFERROR(VLOOKUP(ROUND(C12*100,0),T:U,2,FALSE),"") | I12: 卡包3星 | J12: 4 | K12: 1 | T12: 1099 | U12: 142 | W12: 10 | X12: 2500000
A13: 1 | B13: 12 | D13: =IFERROR(VLOOKUP(ROUND(C13*100,0),T:U,2,FALSE),"") | I13: 老虎机抽奖券 | J13: 3 | K13: 10 | T13: 1199 | U13: 146 | W13: 11 | X13: 2500000
A14: 1 | B14: 13 | D14: =IFERROR(VLOOKUP(ROUND(C14*100,0),T:U,2,FALSE),"") | I14: 大奖赛报名券 | J14: 3 | K14: 1 | T14: 1299 | U14: 149 | W14: 12 | X14: 2500000
A15: 1 | B15: 14 | C15: 5.99 | D15: =IFERROR(VLOOKUP(ROUND(C15*100,0),T:U,2,FALSE),"") -> 119 | E15: =(C15+0.01)*D15*$X$2/100 -> 7140000 | F15: =SUM(E3:E15) -> 14970000 | G15: =SUM(C3:C15) -> 12.97 | I15: 金币 | J15: 9 | K15: =E15 -> 7140000 | L15: =SUMIF(I15:I20,"="&"金币",K15:K20) -> 8038950 | M15: =L15/$X$2 -> 8.03895 | N15: =SUM(L3:L15) -> 17666850 | O15: =SUM(M3:M15) -> 17.66685 | P15: =N15/F15 -> 1.1801503 | T15: 1399 | U15: 151 | W15: 13 | X15: 2500000
A16: 1 | B16: 15 | D16: =IFERROR(VLOOKUP(ROUND(C16*100,0),T:U,2,FALSE),"") | I16: 记牌器1个 | J16: 3 | K16: 3 | T16: 1499 | U16: 154 | W16: 14 | X16: 2500000
A17: 1 | B17: 16 | D17: =IFERROR(VLOOKUP(ROUND(C17*100,0),T:U,2,FALSE),"") | H17: 0.1 | I17: 金币 | J17: 17 | K17: =H17*$R$6 -> 898950 | T17: 1799 | U17: 158 | W17: 15 | X17: 2500000
A18: 1 | B18: 17 | D18: =IFERROR(VLOOKUP(ROUND(C18*100,0),T:U,2,FALSE),"") | I18: 卡包4星 | J18: 4 | K18: 1 | T18: 1999 | U18: 158
A19: 1 | B19: 18 | D19: =IFERROR(VLOOKUP(ROUND(C19*100,0),T:U,2,FALSE),"") | I19: 老虎机抽奖券 | J19: 3 | K19: 15 | T19: 2499 | U19: 163
A20: 1 | B20: 19 | D20: =IFERROR(VLOOKUP(ROUND(C20*100,0),T:U,2,FALSE),"") | I20: 大奖赛复活券 | J20: 3 | K20: 1 | T20: 2999 | U20: 163
A21: 1 | B21: 20 | C21: 6.99 | D21: =IFERROR(VLOOKUP(ROUND(C21*100,0),T:U,2,FALSE),"") -> 124 | E21: =(C21+0.01)*D21*$X$2/100 -> 8680000 | F21: =SUM(E3:E21) -> 23650000 | G21: =SUM(C3:C21) -> 19.96 | I21: 金币 | J21: 9 | K21: =E21 -> 8680000 | L21: =SUMIF(I21:I26,"="&"金币",K21:K26) -> 10028425 | M21: =L21/$X$2 -> 10.028425 | N21: =SUM(L3:L21) -> 27695275 | O21: =SUM(M3:M21) -> 27.695275 | P21: =N21/F21 -> 1.1710476 | T21: 3499 | U21: 168
A22: 1 | B22: 21 | D22: =IFERROR(VLOOKUP(ROUND(C22*100,0),T:U,2,FALSE),"") | I22: 记牌器1个 | J22: 3 | K22: 4 | T22: 3999 | U22: 173
A23: 1 | B23: 22 | D23: =IFERROR(VLOOKUP(ROUND(C23*100,0),T:U,2,FALSE),"") | H23: 0.15 | I23: 金币 | J23: 17 | K23: =H23*$R$6 -> 1348425 | T23: 4499 | U23: 178
A24: 1 | B24: 23 | D24: =IFERROR(VLOOKUP(ROUND(C24*100,0),T:U,2,FALSE),"") | I24: 卡包4星 | J24: 4 | K24: 1 | T24: 4999 | U24: 178
A25: 1 | B25: 24 | D25: =IFERROR(VLOOKUP(ROUND(C25*100,0),T:U,2,FALSE),"") | I25: 老虎机抽奖券 | J25: 3 | K25: 20 | T25: 5499 | U25: 178
A26: 1 | B26: 25 | D26: =IFERROR(VLOOKUP(ROUND(C26*100,0),T:U,2,FALSE),"") | I26: 大奖赛报名券 | J26: 3 | K26: 1 | T26: 5999 | U26: 183
A27: 1 | B27: 26 | C27: 7.99 | D27: =IFERROR(VLOOKUP(ROUND(C27*100,0),T:U,2,FALSE),"") -> 129 | E27: =(C27+0.01)*D27*$X$2/100 -> 10320000 | F27: =SUM(E3:E27) -> 33970000 | G27: =SUM(C3:C27) -> 27.95 | I27: 金币 | J27: 9 | K27: =E27 -> 10320000 | L27: =SUMIF(I27:I32,"="&"金币",K27:K32) -> 11668425 | M27: =L27/$X$2 -> 11.668425 | N27: =SUM(L3:L27) -> 39363700 | O27: =SUM(M3:M27) -> 39.3637 | P27: =N27/F27 -> 1.1587783 | T27: 6999 | U27: 183
A28: 1 | B28: 27 | D28: =IFERROR(VLOOKUP(ROUND(C28*100,0),T:U,2,FALSE),"") | I28: 记牌器1个 | J28: 3 | K28: 5 | T28: 7499 | U28: 188
A29: 1 | B29: 28 | D29: =IFERROR(VLOOKUP(ROUND(C29*100,0),T:U,2,FALSE),"") | H29: 0.15 | I29: 金币 | J29: 17 | K29: =H29*$R$6 -> 1348425 | T29: 7999 | U29: 188
A30: 1 | B30: 29 | D30: =IFERROR(VLOOKUP(ROUND(C30*100,0),T:U,2,FALSE),"") | I30: 卡包5星 | J30: 4 | K30: 1 | T30: 8999 | U30: 193
A31: 1 | B31: 30 | D31: =IFERROR(VLOOKUP(ROUND(C31*100,0),T:U,2,FALSE),"") | I31: 老虎机抽奖券 | J31: 3 | K31: 25 | T31: 9999 | U31: 200
A32: 1 | B32: 31 | D32: =IFERROR(VLOOKUP(ROUND(C32*100,0),T:U,2,FALSE),"") | I32: 大奖赛复活券 | J32: 3 | K32: 1
A33: 1 | B33: 32 | C33: 8.99 | D33: =IFERROR(VLOOKUP(ROUND(C33*100,0),T:U,2,FALSE),"") -> 134 | E33: =(C33+0.01)*D33*$X$2/100 -> 12060000 | F33: =SUM(E3:E33) -> 46030000 | G33: =SUM(C3:C33) -> 36.94 | I33: 金币 | J33: 9 | K33: =E33 -> 12060000 | L33: =SUMIF(I33:I38,"="&"金币",K33:K38) -> 13408425 | M33: =L33/$X$2 -> 13.408425 | N33: =SUM(L3:L33) -> 52772125 | O33: =SUM(M3:M33) -> 52.772125 | P33: =N33/F33 -> 1.1464724
A34: 1 | B34: 33 | D34: =IFERROR(VLOOKUP(ROUND(C34*100,0),T:U,2,FALSE),"") | I34: 记牌器1个 | J34: 3 | K34: 6
A35: 1 | B35: 34 | D35: =IFERROR(VLOOKUP(ROUND(C35*100,0),T:U,2,FALSE),"") | H35: 0.15 | I35: 金币 | J35: 17 | K35: =H35*$R$6 -> 1348425
A36: 1 | B36: 35 | D36: =IFERROR(VLOOKUP(ROUND(C36*100,0),T:U,2,FALSE),"") | I36: 卡包5星 | J36: 4 | K36: 1
A37: 1 | B37: 36 | D37: =IFERROR(VLOOKUP(ROUND(C37*100,0),T:U,2,FALSE),"") | I37: 老虎机抽奖券 | J37: 3 | K37: 30
A38: 1 | B38: 37 | D38: =IFERROR(VLOOKUP(ROUND(C38*100,0),T:U,2,FALSE),"") | I38: 大奖赛报名券 | J38: 3 | K38: 1
A39: 1 | B39: 38 | C39: 9.99 | D39: =IFERROR(VLOOKUP(ROUND(C39*100,0),T:U,2,FALSE),"") -> 139 | E39: =(C39+0.01)*D39*$X$2/100 -> 13900000 | F39: =SUM(E3:E39) -> 59930000 | G39: =SUM(C3:C39) -> 46.93 | I39: 金币 | J39: 9 | K39: =E39 -> 13900000 | L39: =SUMIF(I39:I44,"="&"金币",K39:K44) -> 16147375 | M39: =L39/$X$2 -> 16.147375 | N39: =SUM(L3:L39) -> 68919500 | O39: =SUM(M3:M39) -> 68.9195 | P39: =N39/F39 -> 1.15
A40: 1 | B40: 39 | D40: =IFERROR(VLOOKUP(ROUND(C40*100,0),T:U,2,FALSE),"") | I40: 记牌器1个 | J40: 3 | K40: 7
A41: 1 | B41: 40 | D41: =IFERROR(VLOOKUP(ROUND(C41*100,0),T:U,2,FALSE),"") | H41: 0.25 | I41: 金币 | J41: 17 | K41: =H41*$R$6 -> 2247375
A42: 1 | B42: 41 | D42: =IFERROR(VLOOKUP(ROUND(C42*100,0),T:U,2,FALSE),"") | I42: 卡包fun卡 | J42: 4 | K42: 1
A43: 1 | B43: 42 | D43: =IFERROR(VLOOKUP(ROUND(C43*100,0),T:U,2,FALSE),"") | I43: 老虎机抽奖券 | J43: 3 | K43: 35
A44: 1 | B44: 43 | D44: =IFERROR(VLOOKUP(ROUND(C44*100,0),T:U,2,FALSE),"") | I44: 大奖赛复活券 | J44: 3 | K44: 1
A45: =A2+1 -> 2 | B45: 1 | D45: =IFERROR(VLOOKUP(ROUND(C45*100,0),T:U,2,FALSE),"") | I45: 金币 | J45: 1 | K45: 5000 | R45: =SUM(C45:C87) -> 89.93
A46: =A3+1 -> 2 | B46: 2 | C46: 5.99 | D46: =IFERROR(VLOOKUP(ROUND(C46*100,0),T:U,2,FALSE),"") -> 119 | E46: =(C46+0.01)*D46*$X$2/100 -> 7140000 | F46: =SUM(E46) -> 7140000 | G46: =SUM(C46) -> 5.99 | I46: 金币 | J46: 9 | K46: =E46 -> 7140000 | L46: =SUMIF(I46:I51,"="&"金币",K46:K51) -> 8746440 | M46: =L46/$X$2 -> 8.74644 | N46: =SUM(L46) -> 8746440 | O46: =SUM(M46) -> 8.74644 | P46: =N46/F46 -> 1.2249916 | R46: 总优惠比例
A47: =A4+1 -> 2 | B47: 3 | D47: =IFERROR(VLOOKUP(ROUND(C47*100,0),T:U,2,FALSE),"") | I47: 记牌器1个 | J47: 3 | K47: 1 | R47: 1.15
A48: =A5+1 -> 2 | B48: 4 | D48: =IFERROR(VLOOKUP(ROUND(C48*100,0),T:U,2,FALSE),"") | H48: 0.08 | I48: 金币 | J48: 17 | K48: =H48*$R$49 -> 1606440 | R48: 优惠金币
A49: =A6+1 -> 2 | B49: 5 | D49: =IFERROR(VLOOKUP(ROUND(C49*100,0),T:U,2,FALSE),"") | I49: 卡包2星 | J49: 4 | K49: 1 | R49: =SUM(E45:E87)*(R47-1) -> 20080500
A50: =A7+1 -> 2 | B50: 6 | D50: =IFERROR(VLOOKUP(ROUND(C50*100,0),T:U,2,FALSE),"") | I50: 老虎机抽奖券 | J50: 3 | K50: 5 | R50: 总优惠进度
A51: =A8+1 -> 2 | B51: 7 | D51: =IFERROR(VLOOKUP(ROUND(C51*100,0),T:U,2,FALSE),"") | I51: 大奖赛复活券 | J51: 3 | K51: 1 | R51: =SUM(H45:H87) -> 1
A52: =A9+1 -> 2 | B52: 8 | C52: 7.99 | D52: =IFERROR(VLOOKUP(ROUND(C52*100,0),T:U,2,FALSE),"") -> 129 | E52: =(C52+0.01)*D52*$X$2/100 -> 10320000 | F52: =SUM(E46:E52) -> 17460000 | G52: =SUM(C46:C52) -> 13.98 | I52: 金币 | J52: 9 | K52: =E52 -> 10320000 | L52: =SUMIF(I52:I57,"="&"金币",K52:K57) -> 12328050 | M52: =L52/$X$2 -> 12.32805 | N52: =SUM(L46:L52) -> 21074490 | O52: =SUM(M46:M52) -> 21.07449 | P52: =N52/F52 -> 1.2070155
A53: =A10+1 -> 2 | B53: 9 | D53: =IFERROR(VLOOKUP(ROUND(C53*100,0),T:U,2,FALSE),"") | I53: 记牌器1个 | J53: 3 | K53: 2
A54: =A11+1 -> 2 | B54: 10 | D54: =IFERROR(VLOOKUP(ROUND(C54*100,0),T:U,2,FALSE),"") | H54: 0.1 | I54: 金币 | J54: 17 | K54: =H54*$R$49 -> 2008050
A55: =A12+1 -> 2 | B55: 11 | D55: =IFERROR(VLOOKUP(ROUND(C55*100,0),T:U,2,FALSE),"") | I55: 卡包3星 | J55: 4 | K55: 1
A56: =A13+1 -> 2 | B56: 12 | D56: =IFERROR(VLOOKUP(ROUND(C56*100,0),T:U,2,FALSE),"") | I56: 老虎机抽奖券 | J56: 3 | K56: 10
A57: =A14+1 -> 2 | B57: 13 | D57: =IFERROR(VLOOKUP(ROUND(C57*100,0),T:U,2,FALSE),"") | I57: 大奖赛报名券 | J57: 3 | K57: 1
A58: =A15+1 -> 2 | B58: 14 | C58: 9.99 | D58: =IFERROR(VLOOKUP(ROUND(C58*100,0),T:U,2,FALSE),"") -> 139 | E58: =(C58+0.01)*D58*$X$2/100 -> 13900000 | F58: =SUM(E46:E58) -> 31360000 | G58: =SUM(C46:C58) -> 23.97 | I58: 金币 | J58: 9 | K58: =E58 -> 13900000 | L58: =SUMIF(I58:I63,"="&"金币",K58:K63) -> 16309660 | M58: =L58/$X$2 -> 16.30966 | N58: =SUM(L46:L58) -> 37384150 | O58: =SUM(M46:M58) -> 37.38415 | P58: =N58/F58 -> 1.1920966
A59: =A16+1 -> 2 | B59: 15 | D59: =IFERROR(VLOOKUP(ROUND(C59*100,0),T:U,2,FALSE),"") | I59: 记牌器1个 | J59: 3 | K59: 3
A60: =A17+1 -> 2 | B60: 16 | D60: =IFERROR(VLOOKUP(ROUND(C60*100,0),T:U,2,FALSE),"") | H60: 0.12 | I60: 金币 | J60: 17 | K60: =H60*$R$49 -> 2409660
A61: =A18+1 -> 2 | B61: 17 | D61: =IFERROR(VLOOKUP(ROUND(C61*100,0),T:U,2,FALSE),"") | I61: 卡包4星 | J61: 4 | K61: 1
A62: =A19+1 -> 2 | B62: 18 | D62: =IFERROR(VLOOKUP(ROUND(C62*100,0),T:U,2,FALSE),"") | I62: 老虎机抽奖券 | J62: 3 | K62: 15
A63: =A20+1 -> 2 | B63: 19 | D63: =IFERROR(VLOOKUP(ROUND(C63*100,0),T:U,2,FALSE),"") | I63: 大奖赛复活券 | J63: 3 | K63: 1
A64: =A21+1 -> 2 | B64: 20 | C64: 12.99 | D64: =IFERROR(VLOOKUP(ROUND(C64*100,0),T:U,2,FALSE),"") -> 149 | E64: =(C64+0.01)*D64*$X$2/100 -> 19370000 | F64: =SUM(E46:E64) -> 50730000 | G64: =SUM(C46:C64) -> 36.96 | I64: 金币 | J64: 9 | K64: =E64 -> 19370000 | L64: =SUMIF(I64:I69,"="&"金币",K64:K69) -> 22181270 | M64: =L64/$X$2 -> 22.18127 | N64: =SUM(L46:L64) -> 59565420 | O64: =SUM(M46:M64) -> 59.56542 | P64: =N64/F64 -> 1.1741656
A65: =A22+1 -> 2 | B65: 21 | D65: =IFERROR(VLOOKUP(ROUND(C65*100,0),T:U,2,FALSE),"") | I65: 记牌器1个 | J65: 3 | K65: 4
A66: =A23+1 -> 2 | B66: 22 | D66: =IFERROR(VLOOKUP(ROUND(C66*100,0),T:U,2,FALSE),"") | H66: 0.14 | I66: 金币 | J66: 17 | K66: =H66*$R$49 -> 2811270
A67: =A24+1 -> 2 | B67: 23 | D67: =IFERROR(VLOOKUP(ROUND(C67*100,0),T:U,2,FALSE),"") | I67: 卡包4星 | J67: 4 | K67: 1
A68: =A25+1 -> 2 | B68: 24 | D68: =IFERROR(VLOOKUP(ROUND(C68*100,0),T:U,2,FALSE),"") | I68: 老虎机抽奖券 | J68: 3 | K68: 20
A69: =A26+1 -> 2 | B69: 25 | D69: =IFERROR(VLOOKUP(ROUND(C69*100,0),T:U,2,FALSE),"") | I69: 大奖赛报名券 | J69: 3 | K69: 1
A70: =A27+1 -> 2 | B70: 26 | C70: 14.99 | D70: =IFERROR(VLOOKUP(ROUND(C70*100,0),T:U,2,FALSE),"") -> 154 | E70: =(C70+0.01)*D70*$X$2/100 -> 23100000 | F70: =SUM(E46:E70) -> 73830000 | G70: =SUM(C46:C70) -> 51.95 | I70: 金币 | J70: 9 | K70: =E70 -> 23100000 | L70: =SUMIF(I70:I75,"="&"金币",K70:K75) -> 26312880 | M70: =L70/$X$2 -> 26.31288 | N70: =SUM(L46:L70) -> 85878300 | O70: =SUM(M46:M70) -> 85.8783 | P70: =N70/F70 -> 1.1631898
A71: =A28+1 -> 2 | B71: 27 | D71: =IFERROR(VLOOKUP(ROUND(C71*100,0),T:U,2,FALSE),"") | I71: 记牌器1个 | J71: 3 | K71: 5
A72: =A29+1 -> 2 | B72: 28 | D72: =IFERROR(VLOOKUP(ROUND(C72*100,0),T:U,2,FALSE),"") | H72: 0.16 | I72: 金币 | J72: 17 | K72: =H72*$R$49 -> 3212880
A73: =A30+1 -> 2 | B73: 29 | D73: =IFERROR(VLOOKUP(ROUND(C73*100,0),T:U,2,FALSE),"") | I73: 卡包5星 | J73: 4 | K73: 1
A74: =A31+1 -> 2 | B74: 30 | D74: =IFERROR(VLOOKUP(ROUND(C74*100,0),T:U,2,FALSE),"") | I74: 老虎机抽奖券 | J74: 3 | K74: 25
A75: =A32+1 -> 2 | B75: 31 | D75: =IFERROR(VLOOKUP(ROUND(C75*100,0),T:U,2,FALSE),"") | I75: 大奖赛复活券 | J75: 3 | K75: 1
A76: =A33+1 -> 2 | B76: 32 | C76: 17.99 | D76: =IFERROR(VLOOKUP(ROUND(C76*100,0),T:U,2,FALSE),"") -> 158 | E76: =(C76+0.01)*D76*$X$2/100 -> 28440000 | F76: =SUM(E46:E76) -> 102270000 | G76: =SUM(C46:C76) -> 69.94 | I76: 金币 | J76: 9 | K76: =E76 -> 28440000 | L76: =SUMIF(I76:I81,"="&"金币",K76:K81) -> 32054490 | M76: =L76/$X$2 -> 32.05449 | N76: =SUM(L46:L76) -> 117932790 | O76: =SUM(M46:M76) -> 117.93279 | P76: =N76/F76 -> 1.1531514
A77: =A34+1 -> 2 | B77: 33 | D77: =IFERROR(VLOOKUP(ROUND(C77*100,0),T:U,2,FALSE),"") | I77: 记牌器1个 | J77: 3 | K77: 6
A78: =A35+1 -> 2 | B78: 34 | D78: =IFERROR(VLOOKUP(ROUND(C78*100,0),T:U,2,FALSE),"") | H78: 0.18 | I78: 金币 | J78: 17 | K78: =H78*$R$49 -> 3614490
A79: =A36+1 -> 2 | B79: 35 | D79: =IFERROR(VLOOKUP(ROUND(C79*100,0),T:U,2,FALSE),"") | I79: 卡包5星 | J79: 4 | K79: 1
A80: =A37+1 -> 2 | B80: 36 | D80: =IFERROR(VLOOKUP(ROUND(C80*100,0),T:U,2,FALSE),"") | I80: 老虎机抽奖券 | J80: 3 | K80: 30
A81: =A38+1 -> 2 | B81: 37 | D81: =IFERROR(VLOOKUP(ROUND(C81*100,0),T:U,2,FALSE),"") | I81: 大奖赛报名券 | J81: 3 | K81: 1
A82: =A39+1 -> 2 | B82: 38 | C82: 19.99 | D82: =IFERROR(VLOOKUP(ROUND(C82*100,0),T:U,2,FALSE),"") -> 158 | E82: =(C82+0.01)*D82*$X$2/100 -> 31600000 | F82: =SUM(E46:E82) -> 133870000 | G82: =SUM(C46:C82) -> 89.93 | I82: 金币 | J82: 9 | K82: =E82 -> 31600000 | L82: =SUMIF(I82:I87,"="&"金币",K82:K87) -> 36017710 | M82: =L82/$X$2 -> 36.01771 | N82: =SUM(L46:L82) -> 153950500 | O82: =SUM(M46:M82) -> 153.9505 | P82: =N82/F82 -> 1.15
A83: =A40+1 -> 2 | B83: 39 | D83: =IFERROR(VLOOKUP(ROUND(C83*100,0),T:U,2,FALSE),"") | I83: 记牌器1个 | J83: 3 | K83: 7
A84: =A41+1 -> 2 | B84: 40 | D84: =IFERROR(VLOOKUP(ROUND(C84*100,0),T:U,2,FALSE),"") | H84: 0.22 | I84: 金币 | J84: 17 | K84: =H84*$R$49 -> 4417710
A85: =A42+1 -> 2 | B85: 41 | D85: =IFERROR(VLOOKUP(ROUND(C85*100,0),T:U,2,FALSE),"") | I85: 卡包fun卡 | J85: 4 | K85: 1
A86: =A43+1 -> 2 | B86: 42 | D86: =IFERROR(VLOOKUP(ROUND(C86*100,0),T:U,2,FALSE),"") | I86: 老虎机抽奖券 | J86: 3 | K86: 35
A87: =A44+1 -> 2 | B87: 43 | D87: =IFERROR(VLOOKUP(ROUND(C87*100,0),T:U,2,FALSE),"") | I87: 大奖赛复活券 | J87: 3 | K87: 1
A88: =A45+1 -> 3 | B88: 1 | D88: =IFERROR(VLOOKUP(ROUND(C88*100,0),T:U,2,FALSE),"") | I88: 金币 | J88: 1 | K88: 5000 | R88: =SUM(C88:C130) -> 89.93
A89: =A46+1 -> 3 | B89: 2 | C89: 5.99 | D89: =IFERROR(VLOOKUP(ROUND(C89*100,0),T:U,2,FALSE),"") -> 119 | E89: =(C89+0.01)*D89*$X$2/100 -> 7140000 | F89: =SUM(E89) -> 7140000 | G89: =SUM(C89) -> 5.99 | I89: 金币 | J89: 9 | K89: =E89 -> 7140000 | L89: =SUMIF(I89:I94,"="&"金币",K89:K94) -> 8746440 | M89: =L89/$X$2 -> 8.74644 | N89: =SUM(L89) -> 8746440 | O89: =SUM(M89) -> 8.74644 | P89: =N89/F89 -> 1.2249916 | R89: 总优惠比例
A90: =A47+1 -> 3 | B90: 3 | D90: =IFERROR(VLOOKUP(ROUND(C90*100,0),T:U,2,FALSE),"") | I90: 记牌器1个 | J90: 3 | K90: 1 | R90: 1.15
A91: =A48+1 -> 3 | B91: 4 | D91: =IFERROR(VLOOKUP(ROUND(C91*100,0),T:U,2,FALSE),"") | H91: 0.08 | I91: 金币 | J91: 17 | K91: =H91*$R$92 -> 1606440 | R91: 优惠金币
A92: =A49+1 -> 3 | B92: 5 | D92: =IFERROR(VLOOKUP(ROUND(C92*100,0),T:U,2,FALSE),"") | I92: 卡包2星 | J92: 4 | K92: 1 | R92: =SUM(E88:E130)*(R90-1) -> 20080500
A93: =A50+1 -> 3 | B93: 6 | D93: =IFERROR(VLOOKUP(ROUND(C93*100,0),T:U,2,FALSE),"") | I93: 老虎机抽奖券 | J93: 3 | K93: 5 | R93: 总优惠进度
A94: =A51+1 -> 3 | B94: 7 | D94: =IFERROR(VLOOKUP(ROUND(C94*100,0),T:U,2,FALSE),"") | I94: 大奖赛复活券 | J94: 3 | K94: 1 | R94: =SUM(H88:H130) -> 1
A95: =A52+1 -> 3 | B95: 8 | C95: 7.99 | D95: =IFERROR(VLOOKUP(ROUND(C95*100,0),T:U,2,FALSE),"") -> 129 | E95: =(C95+0.01)*D95*$X$2/100 -> 10320000 | F95: =SUM(E89:E95) -> 17460000 | G95: =SUM(C89:C95) -> 13.98 | I95: 金币 | J95: 9 | K95: =E95 -> 10320000 | L95: =SUMIF(I95:I100,"="&"金币",K95:K100) -> 12328050 | M95: =L95/$X$2 -> 12.32805 | N95: =SUM(L89:L95) -> 21074490 | O95: =SUM(M89:M95) -> 21.07449 | P95: =N95/F95 -> 1.2070155
A96: =A53+1 -> 3 | B96: 9 | D96: =IFERROR(VLOOKUP(ROUND(C96*100,0),T:U,2,FALSE),"") | I96: 记牌器1个 | J96: 3 | K96: 2
A97: =A54+1 -> 3 | B97: 10 | D97: =IFERROR(VLOOKUP(ROUND(C97*100,0),T:U,2,FALSE),"") | H97: 0.1 | I97: 金币 | J97: 17 | K97: =H97*$R$92 -> 2008050
A98: =A55+1 -> 3 | B98: 11 | D98: =IFERROR(VLOOKUP(ROUND(C98*100,0),T:U,2,FALSE),"") | I98: 卡包3星 | J98: 4 | K98: 1
A99: =A56+1 -> 3 | B99: 12 | D99: =IFERROR(VLOOKUP(ROUND(C99*100,0),T:U,2,FALSE),"") | I99: 老虎机抽奖券 | J99: 3 | K99: 10
A100: =A57+1 -> 3 | B100: 13 | D100: =IFERROR(VLOOKUP(ROUND(C100*100,0),T:U,2,FALSE),"") | I100: 大奖赛报名券 | J100: 3 | K100: 1
...

Sheet 体验表-原始
A1: 序列 | C1: 档位膨胀 | D1: 基础金币 | E1: 合计金币 | F1: 合计美金 | G1: 优惠比例 | H1: 奖励类型 | I1: 奖励类型 1金币 2钻石 3道具 4卡包 9美金(查表) 17美金金币 | J1: 数量 | K1: 档位金币 | L1: 档位美金 | M1: 合计金币 | N1: 合计美金 | O1: 折扣 | Q1: 总计美金 | S1: 档位 | T1: 膨胀系数 | V1: VIP膨胀 | W1: 仅VIP膨胀
A2: 1 | C2: =IFERROR(VLOOKUP(ROUND(B2*100,0),S:T,2,FALSE),"") | H2: 金币 | I2: 1 | J2: 5000 | Q2: =SUM(B:B) -> 153.93 | S2: 99 | T2: 100 | V2: 0 | W2: 1000000
A3: 2 | B3: 2.99 | C3: =IFERROR(VLOOKUP(ROUND(B3*100,0),S:T,2,FALSE),"") -> 109 | D3: =(B3+0.01)*C3*$W$2/100 -> 3270000 | E3: =SUM($D$1:D3) -> 3270000 | F3: 2.99 | H3: 金币 | I3: 9 | J3: =D3 -> 3270000 | K3: =SUMIF(H3:H8,"="&"金币",J3:J8) -> 4040280 | L3: =K3/$W$2 -> 4.04028 | M3: =SUM($K$1:K3) -> 4040280 | N3: =SUM($K$1:K3)/$W$2 -> 4.04028 | O3: =SUM($K$1:K3)/SUM($D$1:D3) -> 1.2355596 | Q3: 总优惠比例 | S3: 199 | T3: 100 | V3: 1 | W3: 1250000
A4: 3 | C4: =IFERROR(VLOOKUP(ROUND(B4*100,0),S:T,2,FALSE),"") | H4: 记牌器1个 | I4: 3 | J4: 1 | Q4: 1.15 | S4: 299 | T4: 109 | V4: 2 | W4: 1500000
A5: 4 | C5: =IFERROR(VLOOKUP(ROUND(B5*100,0),S:T,2,FALSE),"") | G5: 0.02 | H5: 金币 | I5: 17 | J5: =G5*$Q$6 -> 770280 | Q5: 优惠金币 | S5: 399 | T5: 114 | V5: 3 | W5: 1750000
A6: 5 | C6: =IFERROR(VLOOKUP(ROUND(B6*100,0),S:T,2,FALSE),"") | H6: 卡包2星 | I6: 4 | J6: 1 | Q6: =SUM(D:D)*(Q4-1) -> 38514000 | S6: 499 | T6: 119 | V6: 4 | W6: 2000000
A7: 6 | C7: =IFERROR(VLOOKUP(ROUND(B7*100,0),S:T,2,FALSE),"") | H7: 老虎机抽奖券 | I7: 3 | J7: 5 | Q7: 总优惠进度 | S7: 599 | T7: 119 | V7: 5 | W7: 2250000
A8: 7 | C8: =IFERROR(VLOOKUP(ROUND(B8*100,0),S:T,2,FALSE),"") | H8: 心-表情道具 | I8: 3 | J8: 1 | Q8: =SUM(G:G) -> 1 | S8: 699 | T8: 124 | V8: 6 | W8: 2500000
A9: 8 | B9: 5.99 | C9: =IFERROR(VLOOKUP(ROUND(B9*100,0),S:T,2,FALSE),"") -> 119 | D9: =(B9+0.01)*C9*$W$2/100 -> 7140000 | E9: =SUM($D$1:D9) -> 10410000 | F9: 8.99 | H9: 金币 | I9: 9 | J9: =D9 -> 7140000 | K9: =SUMIF(H9:H14,"="&"金币",J9:J14) -> 8680560 | L9: =K9/$W$2 -> 8.68056 | M9: =SUM($K$1:K9) -> 12720840 | N9: =SUM($K$1:K9)/$W$2 -> 12.72084 | O9: =SUM($K$1:K9)/SUM($D$1:D9) -> 1.2219827 | S9: 799 | T9: 129 | V9: 7 | W9: 2500000
A10: 9 | C10: =IFERROR(VLOOKUP(ROUND(B10*100,0),S:T,2,FALSE),"") | H10: 记牌器1个 | I10: 3 | J10: 2 | S10: 899 | T10: 134 | V10: 8 | W10: 2500000
A11: 10 | C11: =IFERROR(VLOOKUP(ROUND(B11*100,0),S:T,2,FALSE),"") | G11: 0.04 | H11: 金币 | I11: 17 | J11: =G11*$Q$6 -> 1540560 | S11: 999 | T11: 139 | V11: 9 | W11: 2500000
A12: 11 | C12: =IFERROR(VLOOKUP(ROUND(B12*100,0),S:T,2,FALSE),"") | H12: 卡包3星 | I12: 4 | J12: 1 | S12: 1099 | T12: 142 | V12: 10 | W12: 2500000
A13: 12 | C13: =IFERROR(VLOOKUP(ROUND(B13*100,0),S:T,2,FALSE),"") | H13: 老虎机抽奖券 | I13: 3 | J13: 10 | S13: 1199 | T13: 146 | V13: 11 | W13: 2500000
A14: 13 | C14: =IFERROR(VLOOKUP(ROUND(B14*100,0),S:T,2,FALSE),"") | H14: 乌龟-表情道具 | I14: 3 | J14: 1 | S14: 1299 | T14: 149 | V14: 12 | W14: 2500000
A15: 14 | B15: 9.99 | C15: =IFERROR(VLOOKUP(ROUND(B15*100,0),S:T,2,FALSE),"") -> 139 | D15: =(B15+0.01)*C15*$W$2/100 -> 13900000 | E15: =SUM($D$1:D15) -> 24310000 | F15: 19.99 | H15: 金币 | I15: 9 | J15: =D15 -> 13900000 | K15: =SUMIF(H15:H20,"="&"金币",J15:J20) -> 16210840 | L15: =K15/$W$2 -> 16.21084 | M15: =SUM($K$1:K15) -> 28931680 | N15: =SUM($K$1:K15)/$W$2 -> 28.93168 | O15: =SUM($K$1:K15)/SUM($D$1:D15) -> 1.1901144 | S15: 1399 | T15: 151 | V15: 13 | W15: 2500000
A16: 15 | C16: =IFERROR(VLOOKUP(ROUND(B16*100,0),S:T,2,FALSE),"") | H16: 记牌器1个 | I16: 3 | J16: 3 | S16: 1499 | T16: 154 | V16: 14 | W16: 2500000
A17: 16 | C17: =IFERROR(VLOOKUP(ROUND(B17*100,0),S:T,2,FALSE),"") | G17: 0.06 | H17: 金币 | I17: 17 | J17: =G17*$Q$6 -> 2310840 | S17: 1799 | T17: 158 | V17: 15 | W17: 2500000
A18: 17 | C18: =IFERROR(VLOOKUP(ROUND(B18*100,0),S:T,2,FALSE),"") | H18: 卡包4星 | I18: 4 | J18: 1 | S18: 1999 | T18: 158
A19: 18 | C19: =IFERROR(VLOOKUP(ROUND(B19*100,0),S:T,2,FALSE),"") | H19: 老虎机抽奖券 | I19: 3 | J19: 15 | S19: 2499 | T19: 163
A20: 19 | C20: =IFERROR(VLOOKUP(ROUND(B20*100,0),S:T,2,FALSE),"") | H20: 赞-表情道具 | I20: 3 | J20: 1 | S20: 2999 | T20: 163
A21: 20 | B21: 14.99 | C21: =IFERROR(VLOOKUP(ROUND(B21*100,0),S:T,2,FALSE),"") -> 154 | D21: =(B21+0.01)*C21*$W$2/100 -> 23100000 | E21: =SUM($D$1:D21) -> 47410000 | F21: 34.99 | H21: 金币 | I21: 9 | J21: =D21 -> 23100000 | K21: =SUMIF(H21:H26,"="&"金币",J21:J26) -> 26951400 | L21: =K21/$W$2 -> 26.9514 | M21: =SUM($K$1:K21) -> 55883080 | N21: =SUM($K$1:K21)/$W$2 -> 55.88308 | O21: =SUM($K$1:K21)/SUM($D$1:D21) -> 1.1787193 | S21: 3499 | T21: 168
A22: 21 | C22: =IFERROR(VLOOKUP(ROUND(B22*100,0),S:T,2,FALSE),"") | H22: 记牌器1个 | I22: 3 | J22: 4 | S22: 3999 | T22: 173
A23: 22 | C23: =IFERROR(VLOOKUP(ROUND(B23*100,0),S:T,2,FALSE),"") | G23: 0.1 | H23: 金币 | I23: 17 | J23: =G23*$Q$6 -> 3851400 | S23: 4499 | T23: 178
A24: 23 | C24: =IFERROR(VLOOKUP(ROUND(B24*100,0),S:T,2,FALSE),"") | H24: 卡包4星 | I24: 4 | J24: 1 | S24: 4999 | T24: 178
A25: 24 | C25: =IFERROR(VLOOKUP(ROUND(B25*100,0),S:T,2,FALSE),"") | H25: 老虎机抽奖券 | I25: 3 | J25: 20 | S25: 5499 | T25: 178
A26: 25 | C26: =IFERROR(VLOOKUP(ROUND(B26*100,0),S:T,2,FALSE),"") | H26: 便便-表情道具 | I26: 3 | J26: 1 | S26: 5999 | T26: 183
A27: 26 | B27: 24.99 | C27: =IFERROR(VLOOKUP(ROUND(B27*100,0),S:T,2,FALSE),"") -> 163 | D27: =(B27+0.01)*C27*$W$2/100 -> 40750000 | E27: =SUM($D$1:D27) -> 88160000 | F27: 59.99 | H27: 金币 | I27: 9 | J27: =D27 -> 40750000 | K27: =SUMIF(H27:H32,"="&"金币",J27:J32) -> 46527100 | L27: =K27/$W$2 -> 46.5271 | M27: =SUM($K$1:K27) -> 102410180 | N27: =K27/$W$2 -> 46.5271 | O27: =SUM($K$1:K27)/SUM($D$1:D27) -> 1.16164 | S27: 6999 | T27: 183
A28: 27 | C28: =IFERROR(VLOOKUP(ROUND(B28*100,0),S:T,2,FALSE),"") | H28: 记牌器1个 | I28: 3 | J28: 5 | S28: 7499 | T28: 188
A29: 28 | C29: =IFERROR(VLOOKUP(ROUND(B29*100,0),S:T,2,FALSE),"") | G29: 0.15 | H29: 金币 | I29: 17 | J29: =G29*$Q$6 -> 5777100 | S29: 7999 | T29: 188
A30: 29 | C30: =IFERROR(VLOOKUP(ROUND(B30*100,0),S:T,2,FALSE),"") | H30: 卡包5星 | I30: 4 | J30: 1 | S30: 8999 | T30: 193
A31: 30 | C31: =IFERROR(VLOOKUP(ROUND(B31*100,0),S:T,2,FALSE),"") | H31: 老虎机抽奖券 | I31: 3 | J31: 25 | S31: 9999 | T31: 200
A32: 31 | C32: =IFERROR(VLOOKUP(ROUND(B32*100,0),S:T,2,FALSE),"") | H32: 花-表情道具 | I32: 3 | J32: 1
A33: 32 | B33: 34.99 | C33: =IFERROR(VLOOKUP(ROUND(B33*100,0),S:T,2,FALSE),"") -> 168 | D33: =(B33+0.01)*C33*$W$2/100 -> 58800000 | E33: =SUM($D$1:D33) -> 146960000 | F33: 99.99 | H33: 金币 | I33: 9 | J33: =D33 -> 58800000 | K33: =SUMIF(H33:H38,"="&"金币",J33:J38) -> 68428500 | L33: =K33/$W$2 -> 68.4285 | M33: =SUM($K$1:K33) -> 170838680 | N33: =K33/$W$2 -> 68.4285 | O33: =SUM($K$1:K33)/SUM($D$1:D33) -> 1.1624842
A34: 33 | C34: =IFERROR(VLOOKUP(ROUND(B34*100,0),S:T,2,FALSE),"") | H34: 记牌器1个 | I34: 3 | J34: 6
A35: 34 | C35: =IFERROR(VLOOKUP(ROUND(B35*100,0),S:T,2,FALSE),"") | G35: 0.25 | H35: 金币 | I35: 17 | J35: =G35*$Q$6 -> 9628500
A36: 35 | C36: =IFERROR(VLOOKUP(ROUND(B36*100,0),S:T,2,FALSE),"") | H36: 卡包5星 | I36: 4 | J36: 1
A37: 36 | C37: =IFERROR(VLOOKUP(ROUND(B37*100,0),S:T,2,FALSE),"") | H37: 老虎机抽奖券 | I37: 3 | J37: 30
A38: 37 | C38: =IFERROR(VLOOKUP(ROUND(B38*100,0),S:T,2,FALSE),"") | H38: 糖果-表情道具 | I38: 3 | J38: 1
A39: 38 | B39: 59.99 | C39: =IFERROR(VLOOKUP(ROUND(B39*100,0),S:T,2,FALSE),"") -> 183 | D39: =(B39+0.01)*C39*$W$2/100 -> 109800000 | E39: =SUM($D$1:D39) -> 256760000 | F39: 159.99 | H39: 金币 | I39: 9 | J39: =D39 -> 109800000 | K39: =SUMIF(H39:H44,"="&"金币",J39:J44) -> 124435320 | L39: =K39/$W$2 -> 124.43532 | M39: =SUM($K$1:K39) -> 295274000 | N39: =K39/$W$2 -> 124.43532 | O39: =SUM($K$1:K39)/SUM($D$1:D39) -> 1.15
A40: 39 | C40: =IFERROR(VLOOKUP(ROUND(B40*100,0),S:T,2,FALSE),"") | H40: 记牌器1个 | I40: 3 | J40: 7
A41: 40 | C41: =IFERROR(VLOOKUP(ROUND(B41*100,0),S:T,2,FALSE),"") | G41: 0.38 | H41: 金币 | I41: 17 | J41: =G41*$Q$6 -> 14635320
A42: 41 | C42: =IFERROR(VLOOKUP(ROUND(B42*100,0),S:T,2,FALSE),"") | H42: 卡包fun卡 | I42: 4 | J42: 1
A43: 42 | C43: =IFERROR(VLOOKUP(ROUND(B43*100,0),S:T,2,FALSE),"") | H43: 老虎机抽奖券 | I43: 3 | J43: 35
A44: 43 | C44: =IFERROR(VLOOKUP(ROUND(B44*100,0),S:T,2,FALSE),"") | H44: 南瓜-表情道具 | I44: 3 | J44: 1
