Workbook

Sheet bet对应表
A1: id | B1: type | C1: bet | D1: 单次消耗美金 | F1: 类型 | G1: type | H1: 抽成 | I1: 倍率 | J1: 胜率 | K1: bigwin间隔
A2: 1 | B2: 2 | C2: 10000 | D2: =SUMIF($G$2:$G$3,B2,$I$2:$I$3)*SUMIF($G$2:$G$3,B2,$H$2:$H$3)*C2/$F$5 -> 0.001 | F2: 老虎机 | G2: 2 | H2: 0.1 | I2: 1 | J2: 0.6 | K2: 50
A3: 2 | B3: 2 | C3: 30000 | D3: =SUMIF($G$2:$G$3,B3,$I$2:$I$3)*SUMIF($G$2:$G$3,B3,$H$2:$H$3)*C3/$F$5 -> 0.003
A4: 3 | B4: 2 | C4: 90000 | D4: =SUMIF($G$2:$G$3,B4,$I$2:$I$3)*SUMIF($G$2:$G$3,B4,$H$2:$H$3)*C4/$F$5 -> 0.009 | F4: 单位金币
A5: 4 | B5: 2 | C5: 150000 | D5: =SUMIF($G$2:$G$3,B5,$I$2:$I$3)*SUMIF($G$2:$G$3,B5,$H$2:$H$3)*C5/$F$5 -> 0.015 | F5: 1000000
A6: 5 | B6: 2 | C6: 300000 | D6: =SUMIF($G$2:$G$3,B6,$I$2:$I$3)*SUMIF($G$2:$G$3,B6,$H$2:$H$3)*C6/$F$5 -> 0.03
A7: 6 | B7: 2 | C7: 750000 | D7: =SUMIF($G$2:$G$3,B7,$I$2:$I$3)*SUMIF($G$2:$G$3,B7,$H$2:$H$3)*C7/$F$5 -> 0.075
A8: 7 | B8: 2 | C8: 1500000 | D8: =SUMIF($G$2:$G$3,B8,$I$2:$I$3)*SUMIF($G$2:$G$3,B8,$H$2:$H$3)*C8/$F$5 -> 0.15
A9: 8 | B9: 2 | C9: 3000000 | D9: =SUMIF($G$2:$G$3,B9,$I$2:$I$3)*SUMIF($G$2:$G$3,B9,$H$2:$H$3)*C9/$F$5 -> 0.3
A10: 9 | B10: 2 | C10: 6000000 | D10: =SUMIF($G$2:$G$3,B10,$I$2:$I$3)*SUMIF($G$2:$G$3,B10,$H$2:$H$3)*C10/$F$5 -> 0.6
A11: 10 | B11: 2 | C11: 9000000 | D11: =SUMIF($G$2:$G$3,B11,$I$2:$I$3)*SUMIF($G$2:$G$3,B11,$H$2:$H$3)*C11/$F$5 -> 0.9
A12: 11 | B12: 2 | C12: 12000000 | D12: =SUMIF($G$2:$G$3,B12,$I$2:$I$3)*SUMIF($G$2:$G$3,B12,$H$2:$H$3)*C12/$F$5 -> 1.2
A13: 12 | B13: 2 | C13: 15000000 | D13: =SUMIF($G$2:$G$3,B13,$I$2:$I$3)*SUMIF($G$2:$G$3,B13,$H$2:$H$3)*C13/$F$5 -> 1.5
A14: 13 | B14: 2 | C14: 30000000 | D14: =SUMIF($G$2:$G$3,B14,$I$2:$I$3)*SUMIF($G$2:$G$3,B14,$H$2:$H$3)*C14/$F$5 -> 3
A15: 14 | B15: 2 | C15: 60000000 | D15: =SUMIF($G$2:$G$3,B15,$I$2:$I$3)*SUMIF($G$2:$G$3,B15,$H$2:$H$3)*C15/$F$5 -> 6
A16: 15 | B16: 2 | C16: 90000000 | D16: =SUMIF($G$2:$G$3,B16,$I$2:$I$3)*SUMIF($G$2:$G$3,B16,$H$2:$H$3)*C16/$F$5 -> 9
A17: 16 | B17: 2 | C17: 150000000 | D17: =SUMIF($G$2:$G$3,B17,$I$2:$I$3)*SUMIF($G$2:$G$3,B17,$H$2:$H$3)*C17/$F$5 -> 15
... A28: 27 | B28: 2 | C28: 2000000000 | D28: =SUMIF($G$2:$G$3,B28,$I$2:$I$3)*SUMIF($G$2:$G$3,B28,$H$2:$H$3)*C28/$F$5 -> 200

Sheet QuestFrenzyMission
A1: Chapter | B1: Level | C1: MissionId | D1: MissionType | E1: MachineId | F1: ParmType1 | G1: Parm1 | H1: moduleNameId | I1: RewardType1 | J1: RewardId1 | K1: RewardNum1 | L1: LanguageId
A2: int | B2: int | C2: int | D2: int | E2: int | F2: int | G2: long | H2: int | I2: int | J2: int | K2: int | L2: string
A3: s | B3: s | C3: cs | D3: cs | E3: cs | F3: cs | G3: cs | H3: s | I3: cs | J3: cs | K3: cs | L3: s
A4: 章节 | B4: 关卡 | C4: 任务id (关卡中任务并行) | D4: 任务类型 1=Spin次数(Base界面期间的spin总数) 2=大赢次数(Base界面单次赢钱触发bigwin的次数) 3=赢钱次数(Base界面赢钱次数) 4=累计押注值(在本关消耗的金币总额) 5=累计赢钱值(在本关获得的总赢钱金额) | E4: 机台id (也算是任务条件之一) | F4: 关卡任务参数类型 1金币 17美金金币，百分比 | G4: 任务条件参数 | H4: 模块索引 （参考ModuleName.xlsx) | I4: 关卡完成奖励类型 1金币 2钻石 3道具 4卡包 17美金金币 | J4: 关卡完成奖励id | K4: 关卡完成奖励数量 | L4: 语言表id | N4: 推荐bet | O4: bet | P4: 消耗美金
A5: 1 | B5: 1 | C5: 101001 | D5: 1 | E5: 10001 | G5: 20 | N5: 1 | O5: =VLOOKUP(N5,bet对应表!A:C,3,FALSE) -> 10000 | P5: {=_xlfn.IFS(D5=1,VLOOKUP(N5,bet对应表!A:D,4,0)*G5,D5=2,VLOOKUP(N5,bet对应表!A:D,4,0)*G5*bet对应表!$K$2,D5=3,VLOOKUP(N5,bet对应表!A:D,4,0)*G5/bet对应表!$J$2,D5=4,G5*bet对应表!$H$2/100,D5=5,G5*bet对应表!$H$2/100/bet对应表!$J$2)} -> 0.02
A6: 1 | B6: 1 | C6: 101002 | D6: 3 | E6: 10001 | G6: 12 | I6: 17 | J6: 1 | K6: 4 | L6: ="DailyMission"&D6 -> DailyMission3 | N6: 1 | O6: =VLOOKUP(N6,bet对应表!A:C,3,FALSE) -> 10000 | P6: {=_xlfn.IFS(D6=1,VLOOKUP(N6,bet对应表!A:D,4,0)*G6,D6=2,VLOOKUP(N6,bet对应表!A:D,4,0)*G6*bet对应表!$K$2,D6=3,VLOOKUP(N6,bet对应表!A:D,4,0)*G6/bet对应表!$J$2,D6=4,G6*bet对应表!$H$2/100,D6=5,G6*bet对应表!$H$2/100/bet对应表!$J$2)} -> 0.02
A7: 1 | B7: 2 | C7: 102001 | D7: 1 | E7: 10305 | G7: 30 | N7: 1 | O7: =VLOOKUP(N7,bet对应表!A:C,3,FALSE) -> 10000 | P7: {=_xlfn.IFS(D7=1,VLOOKUP(N7,bet对应表!A:D,4,0)*G7,D7=2,VLOOKUP(N7,bet对应表!A:D,4,0)*G7*bet对应表!$K$2,D7=3,VLOOKUP(N7,bet对应表!A:D,4,0)*G7/bet对应表!$J$2,D7=4,G7*bet对应表!$H$2/100,D7=5,G7*bet对应表!$H$2/100/bet对应表!$J$2)} -> 0.03
A8: 1 | B8: 2 | C8: 102002 | D8: 4 | E8: 10305 | F8: 17 | G8: 50 | J8: 1 | K8: 8 | L8: ="DailyMission"&D8 -> DailyMission4 | N8: 1 | O8: =VLOOKUP(N8,bet对应表!A:C,3,FALSE) -> 10000 | P8: {=_xlfn.IFS(D8=1,VLOOKUP(N8,bet对应表!A:D,4,0)*G8,D8=2,VLOOKUP(N8,bet对应表!A:D,4,0)*G8*bet对应表!$K$2,D8=3,VLOOKUP(N8,bet对应表!A:D,4,0)*G8/bet对应表!$J$2,D8=4,G8*bet对应表!$H$2/100,D8=5,G8*bet对应表!$H$2/100/bet对应表!$J$2)} -> 0.05
A9: 1 | B9: 3 | C9: 103001 | D9: 3 | E9: 10003 | G9: 30 | I9: 17 | N9: 2 | O9: =VLOOKUP(N9,bet对应表!A:C,3,FALSE) -> 30000 | P9: {=_xlfn.IFS(D9=1,VLOOKUP(N9,bet对应表!A:D,4,0)*G9,D9=2,VLOOKUP(N9,bet对应表!A:D,4,0)*G9*bet对应表!$K$2,D9=3,VLOOKUP(N9,bet对应表!A:D,4,0)*G9/bet对应表!$J$2,D9=4,G9*bet对应表!$H$2/100,D9=5,G9*bet对应表!$H$2/100/bet对应表!$J$2)} -> 0.15
A10: 1 | B10: 3 | C10: 103002 | D10: 5 | E10: 10003 | F10: 17 | G10: 30 | J10: 1 | K10: 20 | L10: ="DailyMission"&D10 -> DailyMission5 | N10: 2 | O10: =VLOOKUP(N10,bet对应表!A:C,3,FALSE) -> 30000 | P10: {=_xlfn.IFS(D10=1,VLOOKUP(N10,bet对应表!A:D,4,0)*G10,D10=2,VLOOKUP(N10,bet对应表!A:D,4,0)*G10*bet对应表!$K$2,D10=3,VLOOKUP(N10,bet对应表!A:D,4,0)*G10/bet对应表!$J$2,D10=4,G10*bet对应表!$H$2/100,D10=5,G10*bet对应表!$H$2/100/bet对应表!$J$2)} -> 0.05
A11: 1 | B11: 4 | C11: 104001 | D11: 1 | E11: 10076 | G11: 40 | N11: 2 | O11: =VLOOKUP(N11,bet对应表!A:C,3,FALSE) -> 30000 | P11: {=_xlfn.IFS(D11=1,VLOOKUP(N11,bet对应表!A:D,4,0)*G11,D11=2,VLOOKUP(N11,bet对应表!A:D,4,0)*G11*bet对应表!$K$2,D11=3,VLOOKUP(N11,bet对应表!A:D,4,0)*G11/bet对应表!$J$2,D11=4,G11*bet对应表!$H$2/100,D11=5,G11*bet对应表!$H$2/100/bet对应表!$J$2)} -> 0.12
A12: 1 | B12: 4 | C12: 104002 | D12: 3 | E12: 10076 | G12: 26 | I12: 17 | J12: 1 | K12: 25 | L12: ="DailyMission"&D12 -> DailyMission3 | N12: 2 | O12: =VLOOKUP(N12,bet对应表!A:C,3,FALSE) -> 30000 | P12: {=_xlfn.IFS(D12=1,VLOOKUP(N12,bet对应表!A:D,4,0)*G12,D12=2,VLOOKUP(N12,bet对应表!A:D,4,0)*G12*bet对应表!$K$2,D12=3,VLOOKUP(N12,bet对应表!A:D,4,0)*G12/bet对应表!$J$2,D12=4,G12*bet对应表!$H$2/100,D12=5,G12*bet对应表!$H$2/100/bet对应表!$J$2)} -> 0.13
A13: 1 | B13: 5 | C13: 105001 | D13: 1 | E13: 10021 | G13: 50 | N13: 3 | O13: =VLOOKUP(N13,bet对应表!A:C,3,FALSE) -> 90000 | P13: {=_xlfn.IFS(D13=1,VLOOKUP(N13,bet对应表!A:D,4,0)*G13,D13=2,VLOOKUP(N13,bet对应表!A:D,4,0)*G13*bet对应表!$K$2,D13=3,VLOOKUP(N13,bet对应表!A:D,4,0)*G13/bet对应表!$J$2,D13=4,G13*bet对应表!$H$2/100,D13=5,G13*bet对应表!$H$2/100/bet对应表!$J$2)} -> 0.45
A14: 1 | B14: 5 | C14: 105002 | D14: 4 | E14: 10021 | F14: 17 | G14: 60 | J14: 1 | K14: 30 | L14: ="DailyMission"&D14 -> DailyMission4 | N14: 3 | O14: =VLOOKUP(N14,bet对应表!A:C,3,FALSE) -> 90000 | P14: {=_xlfn.IFS(D14=1,VLOOKUP(N14,bet对应表!A:D,4,0)*G14,D14=2,VLOOKUP(N14,bet对应表!A:D,4,0)*G14*bet对应表!$K$2,D14=3,VLOOKUP(N14,bet对应表!A:D,4,0)*G14/bet对应表!$J$2,D14=4,G14*bet对应表!$H$2/100,D14=5,G14*bet对应表!$H$2/100/bet对应表!$J$2)} -> 0.06
A15: 1 | B15: 6 | C15: 106001 | D15: 3 | E15: 10001 | G15: 50 | I15: 17 | N15: 3 | O15: =VLOOKUP(N15,bet对应表!A:C,3,FALSE) -> 90000 | P15: {=_xlfn.IFS(D15=1,VLOOKUP(N15,bet对应表!A:D,4,0)*G15,D15=2,VLOOKUP(N15,bet对应表!A:D,4,0)*G15*bet对应表!$K$2,D15=3,VLOOKUP(N15,bet对应表!A:D,4,0)*G15/bet对应表!$J$2,D15=4,G15*bet对应表!$H$2/100,D15=5,G15*bet对应表!$H$2/100/bet对应表!$J$2)} -> 0.75
A16: 1 | B16: 6 | C16: 106002 | D16: 5 | E16: 10001 | F16: 17 | G16: 40 | J16: 1 | K16: 40 | L16: ="DailyMission"&D16 -> DailyMission5 | N16: 3 | O16: =VLOOKUP(N16,bet对应表!A:C,3,FALSE) -> 90000 | P16: {=_xlfn.IFS(D16=1,VLOOKUP(N16,bet对应表!A:D,4,0)*G16,D16=2,VLOOKUP(N16,bet对应表!A:D,4,0)*G16*bet对应表!$K$2,D16=3,VLOOKUP(N16,bet对应表!A:D,4,0)*G16/bet对应表!$J$2,D16=4,G16*bet对应表!$H$2/100,D16=5,G16*bet对应表!$H$2/100/bet对应表!$J$2)} -> 0.066666667
A17: =A5+1 -> 2 | B17: 1 | C17: 201001 | D17: 1 | E17: 10001 | G17: =ROUND(G5*2,0) -> 40 | N17: 10 | O17: =VLOOKUP(N17,bet对应表!A:C,3,FALSE) -> 9000000 | P17: {=_xlfn.IFS(D17=1,VLOOKUP(N17,bet对应表!A:D,4,0)*G17,D17=2,VLOOKUP(N17,bet对应表!A:D,4,0)*G17*bet对应表!$K$2,D17=3,VLOOKUP(N17,bet对应表!A:D,4,0)*G17/bet对应表!$J$2,D17=4,G17*bet对应表!$H$2/100,D17=5,G17*bet对应表!$H$2/100/bet对应表!$J$2)} -> 36
A18: =A6+1 -> 2 | B18: 1 | C18: 201002 | D18: 3 | E18: 10001 | G18: =ROUND(G6*2,0) -> 24 | I18: 17 | J18: 1 | K18: 50 | L18: ="DailyMission"&D18 -> DailyMission3 | N18: 10 | O18: =VLOOKUP(N18,bet对应表!A:C,3,FALSE) -> 9000000 | P18: {=_xlfn.IFS(D18=1,VLOOKUP(N18,bet对应表!A:D,4,0)*G18,D18=2,VLOOKUP(N18,bet对应表!A:D,4,0)*G18*bet对应表!$K$2,D18=3,VLOOKUP(N18,bet对应表!A:D,4,0)*G18/bet对应表!$J$2,D18=4,G18*bet对应表!$H$2/100,D18=5,G18*bet对应表!$H$2/100/bet对应表!$J$2)} -> 36
A19: =A7+1 -> 2 | B19: 2 | C19: 202001 | D19: 1 | E19: 10305 | G19: =ROUND(G7*2,0) -> 60 | N19: 10 | O19: =VLOOKUP(N19,bet对应表!A:C,3,FALSE) -> 9000000 | P19: {=_xlfn.IFS(D19=1,VLOOKUP(N19,bet对应表!A:D,4,0)*G19,D19=2,VLOOKUP(N19,bet对应表!A:D,4,0)*G19*bet对应表!$K$2,D19=3,VLOOKUP(N19,bet对应表!A:D,4,0)*G19/bet对应表!$J$2,D19=4,G19*bet对应表!$H$2/100,D19=5,G19*bet对应表!$H$2/100/bet对应表!$J$2)} -> 54
A20: =A8+1 -> 2 | B20: 2 | C20: 202002 | D20: 4 | E20: 10305 | F20: 17 | G20: 1000 | J20: 1 | K20: 100 | L20: ="DailyMission"&D20 -> DailyMission4 | N20: 10 | O20: =VLOOKUP(N20,bet对应表!A:C,3,FALSE) -> 9000000 | P20: {=_xlfn.IFS(D20=1,VLOOKUP(N20,bet对应表!A:D,4,0)*G20,D20=2,VLOOKUP(N20,bet对应表!A:D,4,0)*G20*bet对应表!$K$2,D20=3,VLOOKUP(N20,bet对应表!A:D,4,0)*G20/bet对应表!$J$2,D20=4,G20*bet对应表!$H$2/100,D20=5,G20*bet对应表!$H$2/100/bet对应表!$J$2)} -> 1
A21: =A9+1 -> 2 | B21: 3 | C21: 203001 | D21: 3 | E21: 10003 | G21: =ROUND(G9*2,0) -> 60 | I21: 17 | N21: 10 | O21: =VLOOKUP(N21,bet对应表!A:C,3,FALSE) -> 9000000 | P21: {=_xlfn.IFS(D21=1,VLOOKUP(N21,bet对应表!A:D,4,0)*G21,D21=2,VLOOKUP(N21,bet对应表!A:D,4,0)*G21*bet对应表!$K$2,D21=3,VLOOKUP(N21,bet对应表!A:D,4,0)*G21/bet对应表!$J$2,D21=4,G21*bet对应表!$H$2/100,D21=5,G21*bet对应表!$H$2/100/bet对应表!$J$2)} -> 90
A22: =A10+1 -> 2 | B22: 3 | C22: 203002 | D22: 5 | E22: 10003 | F22: 17 | G22: 6000 | J22: 1 | K22: 150 | L22: ="DailyMission"&D22 -> DailyMission5 | N22: 10 | O22: =VLOOKUP(N22,bet对应表!A:C,3,FALSE) -> 9000000 | P22: {=_xlfn.IFS(D22=1,VLOOKUP(N22,bet对应表!A:D,4,0)*G22,D22=2,VLOOKUP(N22,bet对应表!A:D,4,0)*G22*bet对应表!$K$2,D22=3,VLOOKUP(N22,bet对应表!A:D,4,0)*G22/bet对应表!$J$2,D22=4,G22*bet对应表!$H$2/100,D22=5,G22*bet对应表!$H$2/100/bet对应表!$J$2)} -> 10
A23: =A11+1 -> 2 | B23: 4 | C23: 204001 | D23: 1 | E23: 10076 | G23: =ROUND(G11*2,0) -> 80 | N23: 11 | O23: =VLOOKUP(N23,bet对应表!A:C,3,FALSE) -> 12000000 | P23: {=_xlfn.IFS(D23=1,VLOOKUP(N23,bet对应表!A:D,4,0)*G23,D23=2,VLOOKUP(N23,bet对应表!A:D,4,0)*G23*bet对应表!$K$2,D23=3,VLOOKUP(N23,bet对应表!A:D,4,0)*G23/bet对应表!$J$2,D23=4,G23*bet对应表!$H$2/100,D23=5,G23*bet对应表!$H$2/100/bet对应表!$J$2)} -> 96
A24: =A12+1 -> 2 | B24: 4 | C24: 204002 | D24: 3 | E24: 10076 | G24: =ROUND(G12*2,0) -> 52 | I24: 17 | J24: 1 | K24: 200 | L24: ="DailyMission"&D24 -> DailyMission3 | N24: 11 | O24: =VLOOKUP(N24,bet对应表!A:C,3,FALSE) -> 12000000 | P24: {=_xlfn.IFS(D24=1,VLOOKUP(N24,bet对应表!A:D,4,0)*G24,D24=2,VLOOKUP(N24,bet对应表!A:D,4,0)*G24*bet对应表!$K$2,D24=3,VLOOKUP(N24,bet对应表!A:D,4,0)*G24/bet对应表!$J$2,D24=4,G24*bet对应表!$H$2/100,D24=5,G24*bet对应表!$H$2/100/bet对应表!$J$2)} -> 104
A25: =A13+1 -> 2 | B25: 5 | C25: 205001 | D25: 1 | E25: 10021 | G25: =ROUND(G13*2,0) -> 100 | N25: 11 | O25: =VLOOKUP(N25,bet对应表!A:C,3,FALSE) -> 12000000 | P25: {=_xlfn.IFS(D25=1,VLOOKUP(N25,bet对应表!A:D,4,0)*G25,D25=2,VLOOKUP(N25,bet对应表!A:D,4,0)*G25*bet对应表!$K$2,D25=3,VLOOKUP(N25,bet对应表!A:D,4,0)*G25/bet对应表!$J$2,D25=4,G25*bet对应表!$H$2/100,D25=5,G25*bet对应表!$H$2/100/bet对应表!$J$2)} -> 120
A26: =A14+1 -> 2 | B26: 5 | C26: 205002 | D26: 4 | E26: 10021 | F26: 17 | G26: 1200 | J26: 1 | K26: 300 | L26: ="DailyMission"&D26 -> DailyMission4 | N26: 11 | O26: =VLOOKUP(N26,bet对应表!A:C,3,FALSE) -> 12000000 | P26: {=_xlfn.IFS(D26=1,VLOOKUP(N26,bet对应表!A:D,4,0)*G26,D26=2,VLOOKUP(N26,bet对应表!A:D,4,0)*G26*bet对应表!$K$2,D26=3,VLOOKUP(N26,bet对应表!A:D,4,0)*G26/bet对应表!$J$2,D26=4,G26*bet对应表!$H$2/100,D26=5,G26*bet对应表!$H$2/100/bet对应表!$J$2)} -> 1.2
A27: =A15+1 -> 2 | B27: 6 | C27: 206001 | D27: 3 | E27: 10001 | G27: =ROUND(G15*2,0) -> 100 | I27: 17 | N27: 11 | O27: =VLOOKUP(N27,bet对应表!A:C,3,FALSE) -> 12000000 | P27: {=_xlfn.IFS(D27=1,VLOOKUP(N27,bet对应表!A:D,4,0)*G27,D27=2,VLOOKUP(N27,bet对应表!A:D,4,0)*G27*bet对应表!$K$2,D27=3,VLOOKUP(N27,bet对应表!A:D,4,0)*G27/bet对应表!$J$2,D27=4,G27*bet对应表!$H$2/100,D27=5,G27*bet对应表!$H$2/100/bet对应表!$J$2)} -> 200
A28: =A16+1 -> 2 | B28: 6 | C28: 206002 | D28: 5 | E28: 10001 | F28: 17 | G28: 8000 | J28: 1 | K28: 400 | L28: ="DailyMission"&D28 -> DailyMission5 | N28: 11 | O28: =VLOOKUP(N28,bet对应表!A:C,3,FALSE) -> 12000000 | P28: {=_xlfn.IFS(D28=1,VLOOKUP(N28,bet对应表!A:D,4,0)*G28,D28=2,VLOOKUP(N28,bet对应表!A:D,4,0)*G28*bet对应表!$K$2,D28=3,VLOOKUP(N28,bet对应表!A:D,4,0)*G28/bet对应表!$J$2,D28=4,G28*bet对应表!$H$2/100,D28=5,G28*bet对应表!$H$2/100/bet对应表!$J$2)} -> 13.333333
A29: =A17+1 -> 3 | B29: 1 | C29: 301001 | D29: 1 | E29: 10001 | G29: =ROUND(G17*2,0) -> 80 | N29: 12 | O29: =VLOOKUP(N29,bet对应表!A:C,3,FALSE) -> 15000000 | P29: {=_xlfn.IFS(D29=1,VLOOKUP(N29,bet对应表!A:D,4,0)*G29,D29=2,VLOOKUP(N29,bet对应表!A:D,4,0)*G29*bet对应表!$K$2,D29=3,VLOOKUP(N29,bet对应表!A:D,4,0)*G29/bet对应表!$J$2,D29=4,G29*bet对应表!$H$2/100,D29=5,G29*bet对应表!$H$2/100/bet对应表!$J$2)} -> 120
A30: =A18+1 -> 3 | B30: 1 | C30: 301002 | D30: 3 | E30: 10001 | G30: =ROUND(G18*2,0) -> 48 | I30: 17 | J30: 1 | K30: 500 | L30: ="DailyMission"&D30 -> DailyMission3 | N30: 12 | O30: =VLOOKUP(N30,bet对应表!A:C,3,FALSE) -> 15000000 | P30: {=_xlfn.IFS(D30=1,VLOOKUP(N30,bet对应表!A:D,4,0)*G30,D30=2,VLOOKUP(N30,bet对应表!A:D,4,0)*G30*bet对应表!$K$2,D30=3,VLOOKUP(N30,bet对应表!A:D,4,0)*G30/bet对应表!$J$2,D30=4,G30*bet对应表!$H$2/100,D30=5,G30*bet对应表!$H$2/100/bet对应表!$J$2)} -> 120
A31: =A19+1 -> 3 | B31: 2 | C31: 302001 | D31: 1 | E31: 10305 | G31: =ROUND(G19*2,0) -> 120 | N31: 12 | O31: =VLOOKUP(N31,bet对应表!A:C,3,FALSE) -> 15000000 | P31: {=_xlfn.IFS(D31=1,VLOOKUP(N31,bet对应表!A:D,4,0)*G31,D31=2,VLOOKUP(N31,bet对应表!A:D,4,0)*G31*bet对应表!$K$2,D31=3,VLOOKUP(N31,bet对应表!A:D,4,0)*G31/bet对应表!$J$2,D31=4,G31*bet对应表!$H$2/100,D31=5,G31*bet对应表!$H$2/100/bet对应表!$J$2)} -> 180
A32: =A20+1 -> 3 | B32: 2 | C32: 302002 | D32: 4 | E32: 10305 | F32: 17 | G32: 2000 | J32: 1 | K32: 600 | L32: ="DailyMission"&D32 -> DailyMission4 | N32: 12 | O32: =VLOOKUP(N32,bet对应表!A:C,3,FALSE) -> 15000000 | P32: {=_xlfn.IFS(D32=1,VLOOKUP(N32,bet对应表!A:D,4,0)*G32,D32=2,VLOOKUP(N32,bet对应表!A:D,4,0)*G32*bet对应表!$K$2,D32=3,VLOOKUP(N32,bet对应表!A:D,4,0)*G32/bet对应表!$J$2,D32=4,G32*bet对应表!$H$2/100,D32=5,G32*bet对应表!$H$2/100/bet对应表!$J$2)} -> 2
A33: =A21+1 -> 3 | B33: 3 | C33: 303001 | D33: 3 | E33: 10003 | G33: =ROUND(G21*2,0) -> 120 | I33: 17 | N33: 12 | O33: =VLOOKUP(N33,bet对应表!A:C,3,FALSE) -> 15000000 | P33: {=_xlfn.IFS(D33=1,VLOOKUP(N33,bet对应表!A:D,4,0)*G33,D33=2,VLOOKUP(N33,bet对应表!A:D,4,0)*G33*bet对应表!$K$2,D33=3,VLOOKUP(N33,bet对应表!A:D,4,0)*G33/bet对应表!$J$2,D33=4,G33*bet对应表!$H$2/100,D33=5,G33*bet对应表!$H$2/100/bet对应表!$J$2)} -> 300
A34: =A22+1 -> 3 | B34: 3 | C34: 303002 | D34: 5 | E34: 10003 | F34: 17 | G34: =ROUND(G22*2,0) -> 12000 | J34: 1 | K34: 700 | L34: ="DailyMission"&D34 -> DailyMission5 | N34: 12 | O34: =VLOOKUP(N34,bet对应表!A:C,3,FALSE) -> 15000000 | P34: {=_xlfn.IFS(D34=1,VLOOKUP(N34,bet对应表!A:D,4,0)*G34,D34=2,VLOOKUP(N34,bet对应表!A:D,4,0)*G34*bet对应表!$K$2,D34=3,VLOOKUP(N34,bet对应表!A:D,4,0)*G34/bet对应表!$J$2,D34=4,G34*bet对应表!$H$2/100,D34=5,G34*bet对应表!$H$2/100/bet对应表!$J$2)} -> 20
A35: =A23+1 -> 3 | B35: 4 | C35: 304001 | D35: 1 | E35: 10076 | G35: =ROUND(G23*2,0) -> 160 | N35: 13 | O35: =VLOOKUP(N35,bet对应表!A:C,3,FALSE) -> 30000000 | P35: {=_xlfn.IFS(D35=1,VLOOKUP(N35,bet对应表!A:D,4,0)*G35,D35=2,VLOOKUP(N35,bet对应表!A:D,4,0)*G35*bet对应表!$K$2,D35=3,VLOOKUP(N35,bet对应表!A:D,4,0)*G35/bet对应表!$J$2,D35=4,G35*bet对应表!$H$2/100,D35=5,G35*bet对应表!$H$2/100/bet对应表!$J$2)} -> 480
A36: =A24+1 -> 3 | B36: 4 | C36: 304002 | D36: 3 | E36: 10076 | G36: =ROUND(G24*2,0) -> 104 | I36: 17 | J36: 1 | K36: 800 | L36: ="DailyMission"&D36 -> DailyMission3 | N36: 13 | O36: =VLOOKUP(N36,bet对应表!A:C,3,FALSE) -> 30000000 | P36: {=_xlfn.IFS(D36=1,VLOOKUP(N36,bet对应表!A:D,4,0)*G36,D36=2,VLOOKUP(N36,bet对应表!A:D,4,0)*G36*bet对应表!$K$2,D36=3,VLOOKUP(N36,bet对应表!A:D,4,0)*G36/bet对应表!$J$2,D36=4,G36*bet对应表!$H$2/100,D36=5,G36*bet对应表!$H$2/100/bet对应表!$J$2)} -> 520
A37: =A25+1 -> 3 | B37: 5 | C37: 305001 | D37: 1 | E37: 10021 | G37: =ROUND(G25*2,0) -> 200 | N37: 13 | O37: =VLOOKUP(N37,bet对应表!A:C,3,FALSE) -> 30000000 | P37: {=_xlfn.IFS(D37=1,VLOOKUP(N37,bet对应表!A:D,4,0)*G37,D37=2,VLOOKUP(N37,bet对应表!A:D,4,0)*G37*bet对应表!$K$2,D37=3,VLOOKUP(N37,bet对应表!A:D,4,0)*G37/bet对应表!$J$2,D37=4,G37*bet对应表!$H$2/100,D37=5,G37*bet对应表!$H$2/100/bet对应表!$J$2)} -> 600
A38: =A26+1 -> 3 | B38: 5 | C38: 305002 | D38: 4 | E38: 10021 | F38: 17 | G38: =ROUND(G26*2,0) -> 2400 | J38: 1 | K38: 900 | L38: ="DailyMission"&D38 -> DailyMission4 | N38: 13 | O38: =VLOOKUP(N38,bet对应表!A:C,3,FALSE) -> 30000000 | P38: {=_xlfn.IFS(D38=1,VLOOKUP(N38,bet对应表!A:D,4,0)*G38,D38=2,VLOOKUP(N38,bet对应表!A:D,4,0)*G38*bet对应表!$K$2,D38=3,VLOOKUP(N38,bet对应表!A:D,4,0)*G38/bet对应表!$J$2,D38=4,G38*bet对应表!$H$2/100,D38=5,G38*bet对应表!$H$2/100/bet对应表!$J$2)} -> 2.4
A39: =A27+1 -> 3 | B39: 6 | C39: 306001 | D39: 3 | E39: 10001 | G39: =ROUND(G27*2,0) -> 200 | I39: 17 | N39: 13 | O39: =VLOOKUP(N39,bet对应表!A:C,3,FALSE) -> 30000000 | P39: {=_xlfn.IFS(D39=1,VLOOKUP(N39,bet对应表!A:D,4,0)*G39,D39=2,VLOOKUP(N39,bet对应表!A:D,4,0)*G39*bet对应表!$K$2,D39=3,VLOOKUP(N39,bet对应表!A:D,4,0)*G39/bet对应表!$J$2,D39=4,G39*bet对应表!$H$2/100,D39=5,G39*bet对应表!$H$2/100/bet对应表!$J$2)} -> 1000
A40: =A28+1 -> 3 | B40: 6 | C40: 306002 | D40: 5 | E40: 10001 | F40: 17 | G40: =ROUND(G28*2,0) -> 16000 | J40: 1 | K40: 1000 | L40: ="DailyMission"&D40 -> DailyMission5 | N40: 13 | O40: =VLOOKUP(N40,bet对应表!A:C,3,FALSE) -> 30000000 | P40: {=_xlfn.IFS(D40=1,VLOOKUP(N40,bet对应表!A:D,4,0)*G40,D40=2,VLOOKUP(N40,bet对应表!A:D,4,0)*G40*bet对应表!$K$2,D40=3,VLOOKUP(N40,bet对应表!A:D,4,0)*G40/bet对应表!$J$2,D40=4,G40*bet对应表!$H$2/100,D40=5,G40*bet对应表!$H$2/100/bet对应表!$J$2)} -> 26.666667

Sheet 机器列表
A1: 机器id | B1: 机器名
A2: 10001 | B2: 财神
A3: 10002 | B3: 牛
A4: 10003 | B4: 火车
A5: 10004 | B5: 弗兰肯
A6: 10005 | B6: 舞狮
A7: 10006 | B7: 埃及
A8: 10012 | B8: 精灵
A9: 10013 | B9: 糖果
A10: 10020 | B10: 冰原狼
A11: 10032 | B11: 珠宝
A12: 10040 | B12: 白虎
A13: 10043 | B13: 凤凰
... A23: 10021 | B23: 小猪银行

Sheet 数值体验表
A1: 章节 | B1: 关卡 | C1: 机台 | D1: 推荐bet | E1: 需要spin | F1: 消耗美金 | G1: 奖励美金 | H1: 消耗返还
A2: 1 | B2: 1 | C2: =VLOOKUP(SUMIFS(QuestFrenzyMission!E:E,QuestFrenzyMission!A:A,A2,QuestFrenzyMission!B:B,B2)/COUNTIFS(QuestFrenzyMission!A:A,A2,QuestFrenzyMission!B:B,B2),机器列表!$A:$B,2,FALSE) -> 财神 | D2: =SUMIFS(QuestFrenzyMission!N:N,QuestFrenzyMission!A:A,A2,QuestFrenzyMission!B:B,B2)/COUNTIFS(QuestFrenzyMission!A:A,A2,QuestFrenzyMission!B:B,B2) -> 1 | E2: =F2/VLOOKUP(D2,bet对应表!A:D,4,FALSE) -> 40 | F2: =SUMIFS(QuestFrenzyMission!P:P,QuestFrenzyMission!A:A,A2,QuestFrenzyMission!B:B,B2) -> 0.04 | G2: =SUMIFS(QuestFrenzyMission!K:K,QuestFrenzyMission!A:A,A2,QuestFrenzyMission!B:B,B2)/100 -> 0.04 | H2: =G2/F2 -> 1
A3: 1 | B3: 2 | C3: =VLOOKUP(SUMIFS(QuestFrenzyMission!E:E,QuestFrenzyMission!A:A,A3,QuestFrenzyMission!B:B,B3)/COUNTIFS(QuestFrenzyMission!A:A,A3,QuestFrenzyMission!B:B,B3),机器列表!$A:$B,2,FALSE) -> 龙 | D3: =SUMIFS(QuestFrenzyMission!N:N,QuestFrenzyMission!A:A,A3,QuestFrenzyMission!B:B,B3)/COUNTIFS(QuestFrenzyMission!A:A,A3,QuestFrenzyMission!B:B,B3) -> 1 | E3: =F3/VLOOKUP(D3,bet对应表!A:D,4,FALSE) -> 80 | F3: =SUMIFS(QuestFrenzyMission!P:P,QuestFrenzyMission!A:A,A3,QuestFrenzyMission!B:B,B3) -> 0.08 | G3: =SUMIFS(QuestFrenzyMission!K:K,QuestFrenzyMission!A:A,A3,QuestFrenzyMission!B:B,B3)/100 -> 0.08 | H3: =G3/F3 -> 1
A4: 1 | B4: 3 | C4: =VLOOKUP(SUMIFS(QuestFrenzyMission!E:E,QuestFrenzyMission!A:A,A4,QuestFrenzyMission!B:B,B4)/COUNTIFS(QuestFrenzyMission!A:A,A4,QuestFrenzyMission!B:B,B4),机器列表!$A:$B,2,FALSE) -> 火车 | D4: =SUMIFS(QuestFrenzyMission!N:N,QuestFrenzyMission!A:A,A4,QuestFrenzyMission!B:B,B4)/COUNTIFS(QuestFrenzyMission!A:A,A4,QuestFrenzyMission!B:B,B4) -> 2 | E4: =F4/VLOOKUP(D4,bet对应表!A:D,4,FALSE) -> 66.666667 | F4: =SUMIFS(QuestFrenzyMission!P:P,QuestFrenzyMission!A:A,A4,QuestFrenzyMission!B:B,B4) -> 0.2 | G4: =SUMIFS(QuestFrenzyMission!K:K,QuestFrenzyMission!A:A,A4,QuestFrenzyMission!B:B,B4)/100 -> 0.2 | H4: =G4/F4 -> 1
A5: 1 | B5: 4 | C5: =VLOOKUP(SUMIFS(QuestFrenzyMission!E:E,QuestFrenzyMission!A:A,A5,QuestFrenzyMission!B:B,B5)/COUNTIFS(QuestFrenzyMission!A:A,A5,QuestFrenzyMission!B:B,B5),机器列表!$A:$B,2,FALSE) -> 泰山 | D5: =SUMIFS(QuestFrenzyMission!N:N,QuestFrenzyMission!A:A,A5,QuestFrenzyMission!B:B,B5)/COUNTIFS(QuestFrenzyMission!A:A,A5,QuestFrenzyMission!B:B,B5) -> 2 | E5: =F5/VLOOKUP(D5,bet对应表!A:D,4,FALSE) -> 83.333333 | F5: =SUMIFS(QuestFrenzyMission!P:P,QuestFrenzyMission!A:A,A5,QuestFrenzyMission!B:B,B5) -> 0.25 | G5: =SUMIFS(QuestFrenzyMission!K:K,QuestFrenzyMission!A:A,A5,QuestFrenzyMission!B:B,B5)/100 -> 0.25 | H5: =G5/F5 -> 1
A6: 1 | B6: 5 | C6: =VLOOKUP(SUMIFS(QuestFrenzyMission!E:E,QuestFrenzyMission!A:A,A6,QuestFrenzyMission!B:B,B6)/COUNTIFS(QuestFrenzyMission!A:A,A6,QuestFrenzyMission!B:B,B6),机器列表!$A:$B,2,FALSE) -> 小猪银行 | D6: =SUMIFS(QuestFrenzyMission!N:N,QuestFrenzyMission!A:A,A6,QuestFrenzyMission!B:B,B6)/COUNTIFS(QuestFrenzyMission!A:A,A6,QuestFrenzyMission!B:B,B6) -> 3 | E6: =F6/VLOOKUP(D6,bet对应表!A:D,4,FALSE) -> 56.666667 | F6: =SUMIFS(QuestFrenzyMission!P:P,QuestFrenzyMission!A:A,A6,QuestFrenzyMission!B:B,B6) -> 0.51 | G6: =SUMIFS(QuestFrenzyMission!K:K,QuestFrenzyMission!A:A,A6,QuestFrenzyMission!B:B,B6)/100 -> 0.3 | H6: =G6/F6 -> 0.58823529
A7: 1 | B7: 6 | C7: =VLOOKUP(SUMIFS(QuestFrenzyMission!E:E,QuestFrenzyMission!A:A,A7,QuestFrenzyMission!B:B,B7)/COUNTIFS(QuestFrenzyMission!A:A,A7,QuestFrenzyMission!B:B,B7),机器列表!$A:$B,2,FALSE) -> 财神 | D7: =SUMIFS(QuestFrenzyMission!N:N,QuestFrenzyMission!A:A,A7,QuestFrenzyMission!B:B,B7)/COUNTIFS(QuestFrenzyMission!A:A,A7,QuestFrenzyMission!B:B,B7) -> 3 | E7: =F7/VLOOKUP(D7,bet对应表!A:D,4,FALSE) -> 90.740741 | F7: =SUMIFS(QuestFrenzyMission!P:P,QuestFrenzyMission!A:A,A7,QuestFrenzyMission!B:B,B7) -> 0.81666667 | G7: =SUMIFS(QuestFrenzyMission!K:K,QuestFrenzyMission!A:A,A7,QuestFrenzyMission!B:B,B7)/100 -> 0.4 | H7: =G7/F7 -> 0.48979592
A8: 2 | B8: 1 | C8: =VLOOKUP(SUMIFS(QuestFrenzyMission!E:E,QuestFrenzyMission!A:A,A8,QuestFrenzyMission!B:B,B8)/COUNTIFS(QuestFrenzyMission!A:A,A8,QuestFrenzyMission!B:B,B8),机器列表!$A:$B,2,FALSE) -> 财神 | D8: =SUMIFS(QuestFrenzyMission!N:N,QuestFrenzyMission!A:A,A8,QuestFrenzyMission!B:B,B8)/COUNTIFS(QuestFrenzyMission!A:A,A8,QuestFrenzyMission!B:B,B8) -> 10 | E8: =F8/VLOOKUP(D8,bet对应表!A:D,4,FALSE) -> 80 | F8: =SUMIFS(QuestFrenzyMission!P:P,QuestFrenzyMission!A:A,A8,QuestFrenzyMission!B:B,B8) -> 72 | G8: =SUMIFS(QuestFrenzyMission!K:K,QuestFrenzyMission!A:A,A8,QuestFrenzyMission!B:B,B8)/100 -> 0.5 | H8: =G8/F8 -> 0.0069444444
A9: 2 | B9: 2 | C9: =VLOOKUP(SUMIFS(QuestFrenzyMission!E:E,QuestFrenzyMission!A:A,A9,QuestFrenzyMission!B:B,B9)/COUNTIFS(QuestFrenzyMission!A:A,A9,QuestFrenzyMission!B:B,B9),机器列表!$A:$B,2,FALSE) -> 龙 | D9: =SUMIFS(QuestFrenzyMission!N:N,QuestFrenzyMission!A:A,A9,QuestFrenzyMission!B:B,B9)/COUNTIFS(QuestFrenzyMission!A:A,A9,QuestFrenzyMission!B:B,B9) -> 10 | E9: =F9/VLOOKUP(D9,bet对应表!A:D,4,FALSE) -> 61.111111 | F9: =SUMIFS(QuestFrenzyMission!P:P,QuestFrenzyMission!A:A,A9,QuestFrenzyMission!B:B,B9) -> 55 | G9: =SUMIFS(QuestFrenzyMission!K:K,QuestFrenzyMission!A:A,A9,QuestFrenzyMission!B:B,B9)/100 -> 1 | H9: =G9/F9 -> 0.018181818
A10: 2 | B10: 3 | C10: =VLOOKUP(SUMIFS(QuestFrenzyMission!E:E,QuestFrenzyMission!A:A,A10,QuestFrenzyMission!B:B,B10)/COUNTIFS(QuestFrenzyMission!A:A,A10,QuestFrenzyMission!B:B,B10),机器列表!$A:$B,2,FALSE) -> 火车 | D10: =SUMIFS(QuestFrenzyMission!N:N,QuestFrenzyMission!A:A,A10,QuestFrenzyMission!B:B,B10)/COUNTIFS(QuestFrenzyMission!A:A,A10,QuestFrenzyMission!B:B,B10) -> 10 | E10: =F10/VLOOKUP(D10,bet对应表!A:D,4,FALSE) -> 111.11111 | F10: =SUMIFS(QuestFrenzyMission!P:P,QuestFrenzyMission!A:A,A10,QuestFrenzyMission!B:B,B10) -> 100 | G10: =SUMIFS(QuestFrenzyMission!K:K,QuestFrenzyMission!A:A,A10,QuestFrenzyMission!B:B,B10)/100 -> 1.5 | H10: =G10/F10 -> 0.015
A11: 2 | B11: 4 | C11: =VLOOKUP(SUMIFS(QuestFrenzyMission!E:E,QuestFrenzyMission!A:A,A11,QuestFrenzyMission!B:B,B11)/COUNTIFS(QuestFrenzyMission!A:A,A11,QuestFrenzyMission!B:B,B11),机器列表!$A:$B,2,FALSE) -> 泰山 | D11: =SUMIFS(QuestFrenzyMission!N:N,QuestFrenzyMission!A:A,A11,QuestFrenzyMission!B:B,B11)/COUNTIFS(QuestFrenzyMission!A:A,A11,QuestFrenzyMission!B:B,B11) -> 11 | E11: =F11/VLOOKUP(D11,bet对应表!A:D,4,FALSE) -> 166.66667 | F11: =SUMIFS(QuestFrenzyMission!P:P,QuestFrenzyMission!A:A,A11,QuestFrenzyMission!B:B,B11) -> 200 | G11: =SUMIFS(QuestFrenzyMission!K:K,QuestFrenzyMission!A:A,A11,QuestFrenzyMission!B:B,B11)/100 -> 2 | H11: =G11/F11 -> 0.01
A12: 2 | B12: 5 | C12: =VLOOKUP(SUMIFS(QuestFrenzyMission!E:E,QuestFrenzyMission!A:A,A12,QuestFrenzyMission!B:B,B12)/COUNTIFS(QuestFrenzyMission!A:A,A12,QuestFrenzyMission!B:B,B12),机器列表!$A:$B,2,FALSE) -> 小猪银行 | D12: =SUMIFS(QuestFrenzyMission!N:N,QuestFrenzyMission!A:A,A12,QuestFrenzyMission!B:B,B12)/COUNTIFS(QuestFrenzyMission!A:A,A12,QuestFrenzyMission!B:B,B12) -> 11 | E12: =F12/VLOOKUP(D12,bet对应表!A:D,4,FALSE) -> 101 | F12: =SUMIFS(QuestFrenzyMission!P:P,QuestFrenzyMission!A:A,A12,QuestFrenzyMission!B:B,B12) -> 121.2 | G12: =SUMIFS(QuestFrenzyMission!K:K,QuestFrenzyMission!A:A,A12,QuestFrenzyMission!B:B,B12)/100 -> 3 | H12: =G12/F12 -> 0.024752475
A13: 2 | B13: 6 | C13: =VLOOKUP(SUMIFS(QuestFrenzyMission!E:E,QuestFrenzyMission!A:A,A13,QuestFrenzyMission!B:B,B13)/COUNTIFS(QuestFrenzyMission!A:A,A13,QuestFrenzyMission!B:B,B13),机器列表!$A:$B,2,FALSE) -> 财神 | D13: =SUMIFS(QuestFrenzyMission!N:N,QuestFrenzyMission!A:A,A13,QuestFrenzyMission!B:B,B13)/COUNTIFS(QuestFrenzyMission!A:A,A13,QuestFrenzyMission!B:B,B13) -> 11 | E13: =F13/VLOOKUP(D13,bet对应表!A:D,4,FALSE) -> 177.77778 | F13: =SUMIFS(QuestFrenzyMission!P:P,QuestFrenzyMission!A:A,A13,QuestFrenzyMission!B:B,B13) -> 213.33333 | G13: =SUMIFS(QuestFrenzyMission!K:K,QuestFrenzyMission!A:A,A13,QuestFrenzyMission!B:B,B13)/100 -> 4 | H13: =G13/F13 -> 0.01875
... A19: 3 | B19: 6 | C19: =VLOOKUP(SUMIFS(QuestFrenzyMission!E:E,QuestFrenzyMission!A:A,A19,QuestFrenzyMission!B:B,B19)/COUNTIFS(QuestFrenzyMission!A:A,A19,QuestFrenzyMission!B:B,B19),机器列表!$A:$B,2,FALSE) -> 财神 | D19: =SUMIFS(QuestFrenzyMission!N:N,QuestFrenzyMission!A:A,A19,QuestFrenzyMission!B:B,B19)/COUNTIFS(QuestFrenzyMission!A:A,A19,QuestFrenzyMission!B:B,B19) -> 13 | E19: =F19/VLOOKUP(D19,bet对应表!A:D,4,FALSE) -> 342.22222 | F19: =SUMIFS(QuestFrenzyMission!P:P,QuestFrenzyMission!A:A,A19,QuestFrenzyMission!B:B,B19) -> 1026.6667 | G19: =SUMIFS(QuestFrenzyMission!K:K,QuestFrenzyMission!A:A,A19,QuestFrenzyMission!B:B,B19)/100 -> 10 | H19: =G19/F19 -> 0.0097402597
